Topic,Content,Studies
"Acne","AcneAcneWhat is acne?Acne is a common skin condition that occurs when hair follicles become clogged with oil and dead skin cells. It typically appears on the face, neck, chest, back, and shoulders.Here’s how it happens:Overproduction of Oil (Sebum): Your skin has tiny glands called sebaceous glands that produce an oily substance called sebum. Sebum helps keep your skin lubricated. However, sometimes these glands produce too much sebum, which can mix with dead skin cells and block hair follicles.Bacterial Growth: The blocked hair follicles create an ideal environment for bacteria to grow. One common bacterium involved in acne is called Propionibacterium acnes (P. acnes). When these bacteria multiply within the clogged follicles, they can cause inflammation and redness.Inflammation: When the hair follicles become clogged and infected, your body’s immune system responds by sending white blood cells to the area to fight the infection. This immune response can lead to inflammation, swelling, and the formation of pimples.Types of Acne:Whiteheads: Closed plugged pores.Blackheads: Open plugged pores.Papules: Small red bumps.Pustules: Pimples with pus at their tips.Nodules: Large, solid, painful lumps beneath the surface of the skin.Cysts: Deep, painful, pus-filled lumps beneath the surface of the skin.Acne can be influenced by various factors including hormonal changes (common during puberty), genetics, certain medications, diet, stress, and improper skin care routines.What is the relationship between acne and oxidative stress?The relationship between acne and oxidative stress is complex and multifaceted. Oxidative stress occurs when there’s an imbalance between the production of reactive oxygen species (ROS) and the body’s ability to neutralize them with antioxidants. In the context of acne, oxidative stress can exacerbate inflammation, contribute to the development of acne lesions, and impede the skin’s ability to heal.Here’s how oxidative stress relates to acne:Inflammation: Oxidative stress can trigger inflammatory responses in the skin, leading to redness, swelling, and pain associated with acne lesions. Inflammatory mediators produced in response to oxidative stress can further aggravate existing acne lesions and contribute to the formation of new ones.Sebum Production: Sebaceous glands in the skin produce sebum, an oily substance that lubricates and protects the skin. However, excessive sebum production can contribute to the development of acne by clogging pores and providing a favorable environment for acne-causing bacteria. Oxidative stress may stimulate sebum production, exacerbating acne symptoms.Alteration of Skin Barrier Function: Oxidative stress can disrupt the skin’s barrier function, making it more susceptible to environmental pollutants, allergens, and microbial invasion. A compromised skin barrier may allow acne-causing bacteria to penetrate deeper into the skin, leading to more severe acne lesions.Delayed Wound Healing: Acne lesions are essentially wounds on the skin, and oxidative stress can impair the skin’s ability to heal properly. Prolonged oxidative stress can delay the resolution of acne lesions, leading to persistent inflammation and scarring.Antioxidant Defense: Antioxidants play a crucial role in neutralizing ROS and protecting the skin from oxidative damage. In individuals with acne, there may be an imbalance between ROS production and antioxidant defense mechanisms, leading to increased oxidative stress. Boosting antioxidant levels through diet, supplements, or topical skincare products may help mitigate oxidative stress and improve acne symptoms.Overall, while oxidative stress is not the sole cause of acne, it can contribute to its development and exacerbation by promoting inflammation, sebum production, and impaired wound healing.",""
"Acute Kidney Injury","Acute Kidney InjuryHydrogen Water and Acute Kidney Injury (AKI)Acute kidney injury (AKI) is a sudden decline in kidney function, often driven by inflammation, oxidative stress, and ischemia-reperfusion damage. These factors trigger cellular damage, mitochondrial dysfunction, and, in severe cases, cell death. Molecular hydrogen (H₂), delivered via hydrogen-rich water (HRW), has shown significant potential in mitigating these underlying processes.Multiple",""
"Acute Respiratory Distress Syndrome","Acute Respiratory Distress SyndromeWhat is Acute Respiratory Distress Syndrome (ARDS)?Acute Respiratory Distress Syndrome (ARDS) is a severe lung condition characterized by rapid onset of widespread inflammation in the lungs, leading to fluid buildup in the air sacs (alveoli). This fluid accumulation makes it difficult for oxygen to reach the bloodstream, resulting in severe oxygen deprivation throughout the body.The main features of ARDS include:Difficulty Breathing: ARDS typically causes severe shortness of breath, rapid breathing, and low blood oxygen levels (hypoxemia). Individuals with ARDS may feel like they’re suffocating or gasping for air.Rapid Onset: ARDS usually develops rapidly, often within hours to days after the initial injury or illness that triggers the inflammatory response in the lungs.Widespread Inflammation: The lungs become inflamed due to various underlying causes, such as pneumonia, sepsis, aspiration of stomach contents, trauma, or inhalation of harmful substances. This inflammation damages the delicate lung tissues and impairs their ability to function properly.Decreased Lung Compliance: In ARDS, the lungs become stiff and less compliant, meaning they cannot expand and contract easily during breathing. This reduces the efficiency of gas exchange in the lungs, further worsening oxygenation.Multi-Organ Failure: Severe cases of ARDS can lead to systemic complications and multi-organ failure due to inadequate oxygen delivery to vital organs, such as the brain, heart, and kidneys.What is the relationship between ARDS and oxidative stress?Acute Respiratory Distress Syndrome (ARDS) involves a complex cascade of inflammatory responses in the lungs, which can lead to oxidative stress. During ARDS, the lungs experience significant oxidative stress due to various factors, including the release of inflammatory mediators, activation of immune cells, and tissue damage.Inflammatory Response: ARDS is characterized by widespread inflammation in the lungs, triggered by various insults such as infection, trauma, or aspiration. This inflammatory response leads to the activation of immune cells like neutrophils and macrophages, which produce reactive oxygen species (ROS) as part of their defense mechanism against pathogens. However, excessive ROS production can overwhelm the antioxidant defense systems in the lungs, leading to oxidative stress.Tissue Damage: The inflammatory process in ARDS damages the delicate lung tissues, including the alveoli and capillaries. This damage disrupts the normal functioning of cells and compromises the integrity of the lung barrier. As a result, there is an increased production of ROS from damaged cells and mitochondria, contributing to oxidative stress.Ischemia-Reperfusion Injury: In ARDS, blood flow to certain areas of the lungs may be compromised, leading to ischemia (lack of oxygen). When blood flow is restored (reperfusion), it can exacerbate oxidative stress through the generation of ROS. This phenomenon, known as ischemia-reperfusion injury, contributes to tissue damage and inflammation in the lungs.Antioxidant Defense System: The lungs possess antioxidant defense mechanisms to counteract oxidative stress, including enzymes like superoxide dismutase (SOD), catalase, and glutathione peroxidase, as well as non-enzymatic antioxidants like glutathione and vitamins C and E. However, in ARDS, the antioxidant capacity may be overwhelmed by the excessive production of ROS, leading to oxidative damage.Overall, oxidative stress plays a significant role in the pathogenesis of ARDS by contributing to lung injury, inflammation, and impaired gas exchange.",""
"Acute Tubuluar Necrosis","Acute Tubuluar NecrosisWhat is Acute Tubular Necrosis (ATN)?Acute tubular necrosis (ATN) is a medical condition characterized by the sudden death of tubular cells in the kidney’s nephrons, which are the functional units responsible for filtering blood and producing urine. This condition often occurs as a result of ischemic injury (lack of blood flow) or nephrotoxic injury (toxic substances damaging the kidney tubules).What is the relationship between ATN and oxidative stress?Acute tubular necrosis (ATN) is a medical condition characterized by the sudden death of tubular cells in the kidney’s nephrons, which are the functional units responsible for filtering blood and producing urine. This condition often occurs as a result of ischemic injury (lack of blood flow) or nephrotoxic injury (toxic substances damaging the kidney tubules).The relationship between Acute Tubular Necrosis (ATN) and oxidative stress lies in the mechanisms underlying kidney injury:Ischemic Injury: In conditions where there is reduced blood flow to the kidneys, such as during shock or severe dehydration, the renal tubular cells become deprived of oxygen and nutrients. This ischemic insult leads to the generation of reactive oxygen species (ROS) when blood flow is restored, causing oxidative stress. The imbalance between ROS production and the antioxidant defense system can lead to cellular damage and necrosis.Nephrotoxic Injury: Exposure to nephrotoxic substances such as certain medications (e.g., nonsteroidal anti-inflammatory drugs, antibiotics, contrast agents) or heavy metals can directly damage the renal tubular cells. These toxic insults can induce oxidative stress by increasing ROS production and impairing antioxidant mechanisms. As a result, the affected tubular cells undergo necrosis, leading to acute tubular injury.Inflammatory Response: Oxidative stress can trigger an inflammatory response in the kidneys, involving the recruitment of immune cells and release of inflammatory mediators. This inflammatory cascade exacerbates kidney injury and further contributes to tubular necrosis in ATN.Overall, oxidative stress plays a crucial role in the pathogenesis of Acute Tubular Necrosis by promoting renal tubular cell injury and death.",""
"Addiction","AddictionWhat is addiction?Addiction is a condition where a person becomes dependent on a substance or behavior, often to the point where it becomes difficult to control or stop despite harmful consequences. It’s like when someone feels a strong urge or craving to use a substance (like drugs or alcohol) or engage in a certain behavior (like gambling or gaming), even when it causes problems in their life.Addiction can affect the brain and behavior in various ways. It can change the way the brain works, making it hard for a person to resist the intense urge to use the substance or engage in the behavior, even if they know it’s harmful. Over time, addiction can lead to changes in behavior, thinking, and decision-making.Addiction isn’t just about using drugs or alcohol; it can also involve activities like gambling, gaming, or even eating. People can become addicted to these behaviors because they trigger the brain’s reward system, making them feel good temporarily. However, over time, addiction can take over a person’s life, causing problems with relationships, work, school, and overall well-being.What is the relationship between addiction and oxidative stress?The relationship between addiction and oxidative stress is complex and multifaceted. Oxidative stress is a condition where there is an imbalance between harmful molecules called free radicals and the body’s ability to neutralize them with antioxidants. Free radicals can damage cells and tissues in the body, leading to various health problems.In the context of addiction, oxidative stress can occur due to several factors:Substance Use: Many addictive substances, such as alcohol, nicotine, and certain drugs, can increase oxidative stress in the body. For example, alcohol metabolism produces free radicals that can lead to oxidative damage in various organs, including the liver and brain. Similarly, cigarette smoke contains numerous chemicals that generate oxidative stress in the lungs and other tissues.Inflammation: Chronic substance abuse can trigger inflammation in the body, which is closely linked to oxidative stress. Inflammatory processes produce reactive oxygen species (ROS), leading to oxidative damage to cells and tissues. This oxidative stress can contribute to the development of various health complications associated with addiction, such as liver disease, cardiovascular disease, and neurodegenerative disorders.Lifestyle Factors: Individuals struggling with addiction often have unhealthy lifestyles characterized by poor nutrition, inadequate sleep, and high levels of stress. These lifestyle factors can further exacerbate oxidative stress and contribute to the overall health burden associated with addiction.Psychological Factors: Addiction is often accompanied by psychological stress, anxiety, and depression, which can also increase oxidative stress in the body. Chronic stress activates the body’s stress response system, leading to the production of free radicals and oxidative damage to cells.",""
"Aflatoxicosis","AflatoxicosisWhat is aflatoxicosis?Aflatoxicosis is a condition caused by the ingestion of aflatoxins, which are highly toxic substances produced by certain molds, particularly Aspergillus species. These molds can contaminate various agricultural products, including grains, nuts, seeds, and spices, especially in warm and humid climates. Aflatoxins are potent carcinogens and can also cause acute and chronic health effects in humans and animals.What is the relationship between aflatoxicosis and oxidative stress?Aflatoxicosis, caused by exposure to aflatoxins, is closely linked to oxidative stress. Aflatoxins are toxic compounds produced by certain molds that contaminate food and feedstuffs. Here’s how the relationship between aflatoxicosis and oxidative stress works:ROS Generation: Aflatoxins can induce the production of reactive oxygen species (ROS) within cells. ROS are highly reactive molecules that can damage cellular components such as proteins, lipids, and DNA. This oxidative damage contributes to tissue injury and dysfunction, which are characteristic features of aflatoxicosis.Antioxidant Defense Mechanisms: Aflatoxins can disrupt the body’s antioxidant defense mechanisms. These defense mechanisms normally protect cells from oxidative damage. However, aflatoxins can impair the activity of antioxidant enzymes and reduce the levels of antioxidant molecules, making cells more susceptible to oxidative stress.Inflammatory Responses: Aflatoxicosis triggers inflammatory responses in affected tissues. Inflammatory mediators released during the immune response can further promote ROS production and contribute to tissue damage and inflammation. This perpetuates a cycle of oxidative stress and inflammation, exacerbating the effects of aflatoxicosis.Overall, oxidative stress plays a crucial role in the pathogenesis of aflatoxicosis by mediating the toxic effects of aflatoxins on cells and tissues.",""
"Aging","AgingWhat is aging?Aging is a natural process that happens to everyone as they grow older. It involves changes in our bodies and minds over time. As we age, our cells gradually become less efficient at repairing themselves, and our organs may not work as well as they used to. This can lead to various physical and cognitive changes.While aging is a natural part of life, it can also be influenced by factors such as genetics, lifestyle choices, and environmental factors. For example, eating a healthy diet, staying physically active, avoiding smoking, and protecting your skin from the sun can all help slow down the aging process and reduce the risk of age-related diseases.What is the relationship between aging and oxidative stress?Oxidative stress is believed to be one of the key factors contributing to the aging process.Oxidative stress occurs when there is an imbalance between reactive oxygen species (ROS), also known as free radicals, and the body’s ability to neutralize them with antioxidants. Free radicals are highly reactive molecules that can damage cells, proteins, and DNA, leading to various age-related changes and diseases.As we age, several factors contribute to an increase in oxidative stress:Decline in Antioxidant Defenses: With age, the body’s ability to produce antioxidants, as well as its efficiency in utilizing them, may decrease. Antioxidants are molecules that help neutralize free radicals and protect cells from oxidative damage.Accumulation of DNA Damage: Over time, oxidative stress can lead to the accumulation of DNA damage, impairing the cell’s ability to function properly and increasing the risk of mutations. This can contribute to aging-related changes, such as cellular dysfunction, tissue degeneration, and an increased susceptibility to diseases like cancer.Mitochondrial Dysfunction: Mitochondria, often referred to as the powerhouse of the cell, are responsible for producing energy. However, they are also a major source of ROS production. With age, mitochondria may become less efficient at producing energy and more prone to generating free radicals, further exacerbating oxidative stress.Inflammation: Chronic inflammation, which often accompanies aging, can also contribute to oxidative stress. Inflammatory processes produce ROS as part of the immune response, leading to tissue damage and contributing to age-related diseases.",""
"Alcohol Toxicity","Alcohol ToxicityWhat is alcohol toxicity?Alcohol toxicity refers to the harmful effects that occur when a person consumes excessive amounts of alcohol, leading to intoxication and potential damage to various organs and systems in the body. Here’s a breakdown of alcohol toxicity:Intoxication: Alcohol is a central nervous system depressant, meaning it slows down brain activity. When consumed in large quantities, it can lead to intoxication characterized by impaired judgment, coordination, and cognitive function. Symptoms of intoxication may include slurred speech, lack of coordination, confusion, and loss of consciousness.Organ Damage: Chronic alcohol consumption can cause damage to various organs, including the liver, brain, heart, and pancreas. The liver is particularly susceptible to damage from alcohol, leading to conditions such as fatty liver disease, alcoholic hepatitis, and cirrhosis. Excessive alcohol intake can also increase the risk of cardiovascular problems, such as high blood pressure, cardiomyopathy, and arrhythmias. Additionally, alcohol can impair brain function and contribute to the development of neurological disorders.Metabolic Effects: Alcohol metabolism produces toxic byproducts such as acetaldehyde, which can damage cells and tissues. Chronic alcohol consumption can disrupt metabolic processes in the body, leading to imbalances in glucose metabolism, lipid metabolism, and hormonal regulation. These metabolic changes can contribute to the development of conditions like diabetes, obesity, and metabolic syndrome.Oxidative Stress: Alcohol metabolism generates reactive oxygen species (ROS) and other free radicals, leading to oxidative stress. Oxidative stress occurs when there is an imbalance between the production of free radicals and the body’s antioxidant defenses. Prolonged exposure to oxidative stress can damage cellular components and contribute to the development of various diseases, including liver disease, cardiovascular disease, and neurodegenerative disorders.Immune Suppression: Chronic alcohol consumption can weaken the immune system, making individuals more susceptible to infections and diseases. Alcohol impairs the function of immune cells, such as macrophages and lymphocytes, and disrupts immune signaling pathways. This immune suppression can increase the risk of infections, including respiratory infections, gastrointestinal infections, and sexually transmitted infections.Overall, alcohol toxicity can have wide-ranging effects on the body, affecting multiple organs and systems. Limiting alcohol consumption and seeking medical help for alcohol-related problems are essential steps in preventing alcohol toxicity and its associated health complications.What is the relationship between alcohol toxicity and oxidative stress?Alcohol toxicity is closely linked to oxidative stress, which occurs when there is an imbalance between the production of reactive oxygen species (ROS) and the body’s antioxidant defenses. Here’s how alcohol toxicity contributes to oxidative stress:Alcohol Metabolism: When alcohol is metabolized in the body, it undergoes oxidation by enzymes such as alcohol dehydrogenase and cytochrome P450, leading to the formation of acetaldehyde. Acetaldehyde is a highly reactive compound that can directly induce oxidative damage to cellular components such as proteins, lipids, and DNA. Moreover, alcohol metabolism generates ROS as byproducts, including superoxide radicals and hydrogen peroxide, which contribute to oxidative stress.Depletion of Antioxidants: Chronic alcohol consumption can deplete the body’s antioxidant defenses, including enzymes such as superoxide dismutase, catalase, and glutathione peroxidase, as well as non-enzymatic antioxidants like glutathione and vitamins C and E. Reduced levels of antioxidants impair the body’s ability to neutralize ROS and mitigate oxidative damage, exacerbating oxidative stress.Mitochondrial Dysfunction: Alcohol-induced oxidative stress can disrupt mitochondrial function, leading to impaired energy production and increased ROS generation within the mitochondria. Mitochondrial dysfunction further exacerbates oxidative stress and contributes to cellular damage and dysfunction.Inflammation: Alcohol consumption triggers an inflammatory response in the body, characterized by the activation of immune cells and the release of pro-inflammatory cytokines. Chronic inflammation can promote oxidative stress by increasing ROS production and impairing antioxidant defenses. Conversely, oxidative stress can also stimulate inflammatory pathways, creating a vicious cycle of oxidative damage and inflammation.Tissue Damage and Disease: Prolonged exposure to alcohol-induced oxidative stress can damage cells, tissues, and organs throughout the body, contributing to the development of various alcohol-related diseases. These include alcoholic liver disease, alcoholic cardiomyopathy, neurodegenerative disorders, gastrointestinal diseases, and cancer. Oxidative stress plays a significant role in the pathogenesis of these conditions, mediating cellular damage and dysfunction.Overall, alcohol toxicity induces oxidative stress through multiple mechanisms, leading to cellular damage, tissue injury, and the development of alcohol-related diseases.",""
"Alcoholic Liver Disease","Alcoholic Liver DiseaseWhat is alcoholic liver disease (ALD)?Alcoholic liver disease (ALD) is a range of conditions that occur when alcohol consumption damages the liver over time. It encompasses various stages of liver damage, including fatty liver disease, alcoholic hepatitis, fibrosis, and cirrhosis.Fatty Liver Disease: The earliest stage of ALD is fatty liver disease, which involves the accumulation of fat in liver cells. It’s a reversible condition if alcohol consumption is stopped early enough.Alcoholic Hepatitis: Alcoholic hepatitis is an inflammation of the liver caused by alcohol abuse. It can range from mild to severe and can lead to liver failure and death if not treated promptly.Fibrosis: With continued alcohol abuse, the liver may develop fibrosis, which is the formation of scar tissue. Fibrosis is an early stage of liver scarring and can progress to more severe liver damage if alcohol consumption persists.Cirrhosis: Cirrhosis is the most advanced stage of ALD, characterized by extensive liver scarring and loss of liver function. It’s irreversible and can lead to liver failure, liver cancer, and death if not treated. Cirrhosis is a serious and life-threatening condition that may require a liver transplant for survival.ALD is caused by chronic and excessive alcohol consumption over an extended period. Not everyone who drinks heavily will develop ALD, but the risk increases with the amount and duration of alcohol consumption. Other factors, such as genetics, nutritional status, and co-existing liver diseases, can also influence the development and progression of ALD.What is the relationship between ALD and oxidative stress?Oxidative stress plays a crucial role in the development and progression of liver damage associated with excessive alcohol consumption.When alcohol is metabolized in the liver, it generates reactive oxygen species (ROS), also known as free radicals. These ROS are highly reactive molecules that can cause oxidative damage to liver cells, including hepatocytes (liver cells) and hepatic stellate cells. Over time, chronic alcohol consumption can overwhelm the liver’s antioxidant defenses, leading to oxidative stress.Oxidative stress in the liver contributes to various pathophysiological mechanisms involved in ALD, including:Lipid Peroxidation: ROS can attack and damage lipids (fats) in cell membranes through a process called lipid peroxidation. This leads to the production of toxic byproducts that can cause cellular injury and inflammation, contributing to liver damage.Inflammation: Oxidative stress triggers inflammatory responses in the liver, involving the activation of immune cells and the release of pro-inflammatory cytokines. Chronic inflammation plays a central role in the progression of ALD, leading to tissue damage, fibrosis, and cirrhosis.Cell Death: Excessive ROS production can induce programmed cell death (apoptosis) or necrosis of liver cells. This cell death contributes to the loss of liver function and the progression of ALD.Activation of Hepatic Stellate Cells: Hepatic stellate cells play a key role in liver fibrosis by producing excess extracellular matrix proteins, leading to the formation of scar tissue. Oxidative stress can activate hepatic stellate cells, promoting their transformation into myofibroblasts and contributing to fibrogenesis in ALD.Overall, oxidative stress is a central mechanism underlying the pathogenesis of ALD. It contributes to liver injury, inflammation, fibrosis, and ultimately, the progression to more severe stages of liver damage such as cirrhosis and liver failure.",""
"Alkali Burn","Alkali BurnWhat is alkali burn?An alkali burn, also known as an alkaline chemical burn, occurs when a strong alkaline substance comes into contact with the skin, eyes, or other tissues of the body, leading to tissue damage. Alkalis are substances with a pH greater than 7, and they can cause severe damage upon contact due to their corrosive nature.Alkali burns are often caused by chemicals such as lye (sodium hydroxide), ammonia, lime, or caustic soda. These substances can be found in cleaning agents, industrial products, or certain household items. When these chemicals come into contact with the skin or mucous membranes, they can penetrate deeply into the tissues, causing extensive damage.The severity of an alkali burn depends on various factors, including the concentration and duration of exposure, as well as the affected area of the body. Alkalis can cause liquefactive necrosis, meaning they destroy cells and tissues by breaking down proteins and other cellular components.What is the relationship between alkali burn and oxidative stress?The relationship between alkali burns and oxidative stress lies in the cellular damage caused by the corrosive nature of alkaline substances. When alkali chemicals come into contact with tissues, they induce a cascade of inflammatory responses and cellular damage, leading to the production of reactive oxygen species (ROS) and oxidative stress.During an alkali burn, the affected tissues undergo oxidative damage due to the generation of ROS, including superoxide radicals, hydrogen peroxide, and hydroxyl radicals. These reactive molecules can directly damage cellular components such as lipids, proteins, and DNA, leading to cell death and tissue injury.Oxidative stress exacerbates the inflammatory response initiated by the alkali exposure, further amplifying tissue damage and impairing the body’s ability to repair itself. Additionally, oxidative stress can contribute to the activation of signaling pathways involved in inflammation and tissue repair, prolonging the inflammatory process and hindering healing.In summary, alkali burns induce oxidative stress through the generation of reactive oxygen species, which play a significant role in the pathophysiology of tissue damage and inflammation associated with these types of injuries. Minimizing oxidative stress and supporting antioxidant defense mechanisms may be important therapeutic strategies in the management of alkali burns.",""
"Alzheimer's Disease","Alzheimer's DiseaseWhat is Alzheimer’s disease (AD)?Alzheimer’s disease (AD) is a progressive neurological disorder that affects the brain, primarily causing problems with memory, thinking, and behavior. It is the most common cause of dementia.In Alzheimer’s disease, abnormal protein deposits, such as beta-amyloid plaques and tau tangles, build up in the brain, disrupting communication between nerve cells and causing them to die. Over time, this leads to the shrinkage of brain tissue and the gradual decline of cognitive function.The exact cause of Alzheimer’s disease is not fully understood, but it is believed to involve a combination of genetic, environmental, and lifestyle factors. Age is the most significant risk factor, with the likelihood of developing Alzheimer’s disease increasing as people get older. Other risk factors include family history, certain genetic mutations, cardiovascular disease, diabetes, and a history of head injuries.What is the relationship between AD and oxidative stress?Oxidative stress refers to an imbalance between the production of reactive oxygen species (ROS) and the body’s ability to neutralize them with antioxidants. In AD, oxidative stress plays a significant role in the pathophysiology of the disease and contributes to neuronal damage, neuroinflammation, and the progression of cognitive decline.Several factors contribute to oxidative stress in Alzheimer’s disease:Beta-Amyloid Accumulation: Beta-amyloid plaques, one of the hallmark pathological features of AD, can induce oxidative stress in the brain. Beta-amyloid aggregates can generate ROS and impair mitochondrial function, leading to oxidative damage to neurons.Tau Protein Pathology: Abnormal phosphorylation and aggregation of tau protein, another characteristic feature of AD, can lead to oxidative stress and neuronal dysfunction. Tau pathology disrupts cellular processes and contributes to mitochondrial dysfunction, further exacerbating oxidative stress.Mitochondrial Dysfunction: Mitochondria are the primary source of ROS production in cells. In AD, mitochondrial dysfunction occurs early in the disease process, leading to increased ROS production and oxidative damage to neurons.Inflammation: Neuroinflammation is a prominent feature of AD and contributes to oxidative stress. Microglia, the immune cells of the brain, become activated in response to beta-amyloid deposition and release pro-inflammatory cytokines and ROS, exacerbating neuronal damage.Metal Ion Dysregulation: Dysregulation of metal ions, such as iron and copper, in the brain can promote ROS production and oxidative stress. Metal ions can interact with beta-amyloid and tau proteins, leading to the generation of ROS and oxidative damage.Overall, oxidative stress is closely intertwined with the pathological processes of Alzheimer’s disease and contributes to neurodegeneration, synaptic dysfunction, and cognitive impairment.",""
"Amyloid Beta Toxicity","Amyloid Beta ToxicityWhat is amyloid beta toxicity?Amyloid beta (Aβ) toxicity refers to the harmful effects of amyloid beta protein accumulation in the brain, which is a characteristic feature of Alzheimer’s disease (AD) and other neurodegenerative disorders. Amyloid beta is a peptide that is normally produced in the brain but can aggregate into insoluble plaques under certain conditions, leading to neuronal dysfunction and cell death.What is the relationship between amyloid beta toxicity and oxidative stress?The relationship between amyloid beta (Aβ) toxicity and oxidative stress is intricate and plays a crucial role in the pathogenesis of Alzheimer’s disease (AD) and other neurodegenerative disorders. Amyloid beta is a peptide that can aggregate into insoluble plaques in the brain, a hallmark feature of AD. Here’s how amyloid beta toxicity relates to oxidative stress:ROS Generation: Amyloid beta aggregates can induce the production of reactive oxygen species (ROS), such as superoxide radicals and hydrogen peroxide, through various mechanisms. These ROS are highly reactive molecules that can cause damage to cellular components, including lipids, proteins, and DNA, leading to oxidative stress.Mitochondrial Dysfunction: Amyloid beta can impair mitochondrial function, the main site of ROS production within cells. This dysfunction leads to increased ROS production and decreased ATP production, exacerbating oxidative stress. In turn, oxidative damage to mitochondrial components further impairs mitochondrial function, creating a vicious cycle of oxidative stress and mitochondrial dysfunction.Inflammation: Amyloid beta aggregates can activate microglia, the immune cells of the brain, leading to the release of pro-inflammatory cytokines and the production of ROS by activated microglia. This neuroinflammation contributes to oxidative stress and neuronal damage.Antioxidant Defense Mechanisms: Amyloid beta toxicity can also compromise the antioxidant defense mechanisms within neurons. This includes impairing the activity of antioxidant enzymes such as superoxide dismutase, catalase, and glutathione peroxidase, which normally help neutralize ROS and protect against oxidative damage.Induction of Oxidative Stress-Related Signaling Pathways: Amyloid beta can activate signaling pathways involved in oxidative stress responses, such as the nuclear factor kappa-light-chain-enhancer of activated B cells (NF-κB) pathway and the mitogen-activated protein kinase (MAPK) pathway. Activation of these pathways can further exacerbate oxidative stress and contribute to neuronal dysfunction and death.Overall, the relationship between amyloid beta toxicity and oxidative stress is bidirectional and synergistic, with each process exacerbating the other.",""
"Amyotrophic Laterial Sclerosis","Amyotrophic Laterial SclerosisWhat is amyotrophic lateral sclerosis (ALS)?Amyotrophic lateral sclerosis (ALS), also known as Lou Gehrig’s disease, is a progressive neurodegenerative disorder that affects nerve cells in the brain and spinal cord. ALS primarily involves the degeneration of motor neurons, which are the nerve cells responsible for controlling voluntary muscle movement.As ALS progresses, the motor neurons gradually deteriorate and eventually die, leading to muscle weakness, muscle atrophy (shrinkage), and loss of motor function. The exact cause of ALS is not fully understood, but it is believed to involve a combination of genetic and environmental factors.What is the relationship between ALS and oxidative stress?Oxidative stress refers to an imbalance between the production of reactive oxygen species (ROS) and the body’s ability to neutralize them with antioxidants. In ALS, oxidative stress is thought to contribute to the degeneration of motor neurons, which are the nerve cells affected by the disease.Several factors contribute to oxidative stress in ALS:Mitochondrial Dysfunction: Mitochondria are the cellular organelles responsible for producing energy. In ALS, dysfunction of mitochondria leads to impaired energy production and increased production of ROS. This can contribute to oxidative stress and neuronal damage.Glutamate Excitotoxicity: Glutamate is a neurotransmitter that plays a role in transmitting signals between nerve cells. In ALS, dysfunction in the regulation of glutamate levels can lead to excessive accumulation of glutamate in the synaptic space, leading to excitotoxicity and neuronal damage. Excitotoxicity is associated with increased ROS production and oxidative stress.Protein Aggregation: Abnormal protein aggregation is a characteristic feature of ALS, with misfolded proteins such as superoxide dismutase 1 (SOD1) and TAR DNA-binding protein 43 (TDP-43) forming aggregates in affected neurons. Protein aggregates can induce oxidative stress and impair cellular function, contributing to neuronal degeneration.Inflammation: Neuroinflammation is another hallmark of ALS, involving activation of immune cells in the central nervous system. Inflammatory processes can lead to the production of ROS and oxidative damage to neurons.Environmental Factors: Exposure to environmental toxins, such as heavy metals or pesticides, can increase oxidative stress and contribute to the development or progression of ALS.Overall, oxidative stress is believed to be a key pathological mechanism in ALS, contributing to motor neuron degeneration, inflammation, and disease progression.",""
"Anxiety","AnxietyAnxietyand Hydrogen Water – Hydrogen Treatments and Therapy ResearchAnxiety is a normal and natural response to stress or perceived threats. It’s a feeling of unease, worry, or fear about what’s to come or what might happen in the future. While occasional anxiety is a normal part of life, excessive or persistent anxiety that interferes with daily activities and quality of life may indicate an anxiety disorder.Anxiety can manifest in various ways, both physically and emotionally. Some common symptoms of anxiety include:Physical symptoms: These may include a racing heartbeat, sweating, trembling, muscle tension, dizziness, shortness of breath, stomach discomfort, and headaches.Emotional symptoms: Anxiety can also affect emotions, leading to feelings of nervousness, restlessness, irritability, difficulty concentrating, and trouble sleeping.Behavioral symptoms: People experiencing anxiety may engage in avoidance behaviors, such as avoiding certain situations or activities that trigger their anxiety. They may also experience difficulty making decisions or have a heightened startle response.Anxiety disorders are a group of mental health conditions characterized by excessive and persistent anxiety and fear. Common types of anxiety disorders include generalized anxiety disorder (GAD), panic disorder, social anxiety disorder, specific phobias, and separation anxiety disorder. These disorders can significantly impact a person’s ability to function in daily life and may require professional treatment.What is the relationship between anxiety and oxidative stress?The relationship between anxiety and oxidative stress is complex and bidirectional, meaning they can influence each other in various ways. While anxiety itself can contribute to oxidative stress, oxidative stress can also exacerbate anxiety symptoms.Anxiety and Oxidative Stress:Anxiety is often associated with heightened physiological arousal and activation of the body’s stress response system, including the release of stress hormones such as cortisol and adrenaline. This heightened state of arousal can increase oxidative stress by generating reactive oxygen species (ROS) and impairing antioxidant defenses.Chronic or excessive anxiety can lead to prolonged activation of the stress response system, which may result in sustained oxidative stress over time. This can potentially damage cells, tissues, and organs throughout the body, including the brain, leading to various health problems.",""
"Aplastic Anemia","Aplastic AnemiaWhat is amyloid aplastic anemia?Aplastic anemia is a rare but serious condition where the bone marrow fails to produce enough red blood cells, white blood cells, and platelets. This failure occurs because the bone marrow is damaged or destroyed, leading to a decrease in the production of these blood cells. As a result, individuals with aplastic anemia may experience symptoms such as fatigue, weakness, frequent infections, and easy bruising or bleeding.The causes of aplastic anemia can vary and may include exposure to certain toxins or chemicals, radiation therapy or chemotherapy, viral infections such as hepatitis or HIV, autoimmune disorders, and genetic factors.What is the relationship between aplastic anemia and oxidative stress?Aplastic anemia is a condition characterized by the failure of the bone marrow to produce enough red blood cells, white blood cells, and platelets. While the exact cause of aplastic anemia is not always clear, oxidative stress has been proposed as one of the factors contributing to the development and progression of the condition.Oxidative stress occurs when there is an imbalance between the production of reactive oxygen species (ROS) and the body’s ability to neutralize them with antioxidants. ROS are highly reactive molecules that can damage cellular components such as DNA, proteins, and lipids. In the context of aplastic anemia, oxidative stress can affect the bone marrow microenvironment, including hematopoietic stem cells, which are responsible for producing blood cells.Several factors may contribute to oxidative stress in individuals with aplastic anemia, including exposure to toxins or chemicals, radiation therapy, viral infections, and autoimmune processes. These factors can increase ROS production or decrease antioxidant defenses, leading to oxidative damage to bone marrow cells and impairing their ability to produce blood cells.Additionally,",""
"Asphyxial Encephalopathy","Asphyxial EncephalopathyWhat is asphyxial encephalopathy?Asphyxial encephalopathy, also known as hypoxic-ischemic encephalopathy (HIE), is a condition characterized by brain injury resulting from a lack of oxygen (hypoxia) and reduced blood flow (ischemia) to the brain. This condition typically occurs when there is a prolonged interruption of oxygen supply to the brain, leading to cellular damage and dysfunction.Asphyxial encephalopathy can occur in various situations, including:Birth asphyxia: This occurs when a newborn experiences oxygen deprivation during the labor and delivery process, leading to brain injury. It is a leading cause of neurological impairment and developmental disabilities in newborns.Near-drowning: Individuals who experience submersion in water and survive may develop asphyxial encephalopathy due to oxygen deprivation during the drowning event.Cardiac arrest: A sudden cessation of cardiac function can lead to a lack of blood flow to the brain, resulting in hypoxia and ischemia, which can cause brain injury.Respiratory failure: Conditions such as severe asthma, choking, or suffocation can lead to respiratory failure, resulting in inadequate oxygenation of the blood and subsequent brain injury.The pathophysiology of asphyxial encephalopathy involves a cascade of events that occur in response to hypoxia and ischemia. Initially, there is a depletion of oxygen and glucose in brain tissue, leading to a decrease in cellular energy production. This triggers a series of biochemical and cellular responses, including the release of excitatory neurotransmitters, activation of inflammatory pathways, and production of reactive oxygen species (ROS).What is the relationship between asphyxial encephalopathy and oxidative stress?Asphyxial encephalopathy, characterized by oxygen deprivation and reduced blood flow to the brain, triggers a cascade of events that can lead to oxidative stress. During periods of hypoxia and ischemia, there is an imbalance between the production of reactive oxygen species (ROS) and the body’s antioxidant defense mechanisms.The lack of oxygen and glucose in brain tissue during asphyxial encephalopathy disrupts cellular metabolism, leading to mitochondrial dysfunction. Mitochondria are a major source of ROS production, especially under conditions of stress. The inability of mitochondria to produce ATP efficiently during hypoxia and ischemia results in the overproduction of ROS, including superoxide radicals, hydrogen peroxide, and hydroxyl radicals.Excessive ROS production can lead to oxidative damage to lipids, proteins, and DNA within brain cells. Lipid peroxidation, protein oxidation, and DNA damage contribute to cellular dysfunction and death in the brain, exacerbating the neurological consequences of asphyxial encephalopathy.Furthermore, the inflammatory response triggered by hypoxia-ischemia contributes to oxidative stress. Inflammatory cells, such as microglia and infiltrating leukocytes, produce ROS and reactive nitrogen species (RNS) as part of the immune response. These reactive species can amplify oxidative damage to brain tissue and exacerbate neuronal injury.",""
"Asthma","AsthmaWhat is asthma?Asthma is a chronic respiratory condition characterized by inflammation and narrowing of the airways, leading to difficulty breathing. It is a common condition that affects people of all ages, but it often begins during childhood. Asthma can vary in severity and can be triggered by various factors, including allergens, respiratory infections, exercise, cold air, and irritants such as smoke or pollution.In individuals with asthma, the airways become inflamed and swollen, making them more sensitive to certain triggers. When exposed to these triggers, the muscles surrounding the airways can tighten (bronchoconstriction), and the airways may produce excess mucus, further narrowing the air passages. This results in symptoms such as:Wheezing: A whistling or squeaky sound when breathing, particularly during exhalation.Shortness of breath: Difficulty breathing, with a feeling of tightness in the chest.Coughing: A persistent cough, which may worsen at night or with exposure to triggers.Chest tightness: A sensation of pressure or constriction in the chest, often described as feeling like a heavy weight on the chest.Asthma symptoms can range from mild to severe and may vary over time. Some individuals may have occasional symptoms, while others may experience frequent or persistent symptoms that interfere with daily activities and quality of life.What is the relationship between asthma and oxidative stress?Overall, oxidative stress plays a significant role in the pathogenesis and exacerbation of asthma. For example:Inflammation and Oxidative Stress: Asthma is characterized by chronic inflammation of the airways, which involves the activation of immune cells and the release of inflammatory mediators. This inflammatory response can lead to increased production of reactive oxygen species (ROS) and oxidative stress within the airways. ROS can damage cells and tissues, exacerbating airway inflammation and contributing to asthma symptoms such as airway narrowing and mucus production.Antioxidant Defenses: The body has natural antioxidant defenses to neutralize ROS and prevent oxidative damage. However, in individuals with asthma, there may be an imbalance between ROS production and antioxidant defenses, leading to increased oxidative stress.",""
"Atherosclerosis","AtherosclerosisWhat is atherosclerosis?Atherosclerosis is a condition characterized by the buildup of plaque (composed of cholesterol, fats, calcium, and other substances) inside the arteries. It is a progressive disease that can develop over many years and can affect arteries throughout the body, including those supplying blood to the heart (coronary arteries), brain, legs, and other organs.The development of atherosclerosis begins with damage to the inner lining of the artery, known as the endothelium. This damage can be caused by various factors, including high blood pressure, smoking, high cholesterol levels, diabetes, and inflammation. Once the endothelium is damaged, it becomes more permeable to substances such as low-density lipoprotein (LDL) cholesterol, which can penetrate the artery wall and accumulate.Over time, the accumulated LDL cholesterol and other substances form plaque deposits, which can narrow the artery and restrict blood flow. This narrowing of the arteries can reduce blood flow to vital organs and tissues, leading to various complications, depending on the location of the affected arteries. For example:Coronary artery disease: Atherosclerosis in the coronary arteries can lead to reduced blood flow to the heart muscle, causing chest pain (angina) or, in severe cases, a heart attack (myocardial infarction).Carotid artery disease: Atherosclerosis in the carotid arteries supplying blood to the brain can increase the risk of stroke or transient ischemic attack (TIA), also known as a “”mini-stroke.””Peripheral artery disease: Atherosclerosis in the arteries supplying blood to the legs and feet can cause symptoms such as leg pain, numbness, weakness, or ulcers, especially during physical activity.What is the relationship between atherosclerosis and oxidative stress?Oxidative stress plays a crucial role in the development and progression of the disease.Endothelial Dysfunction: Oxidative stress can lead to dysfunction of the endothelial cells lining the arteries, making them more susceptible to damage. When the endothelium is damaged, it becomes more permeable to LDL cholesterol and other substances, which can penetrate the artery wall and initiate the formation of plaque.LDL Oxidation: Oxidative stress promotes the oxidation of LDL cholesterol particles, turning them into oxidized LDL (oxLDL). OxLDL is more potent than native LDL in promoting inflammation and endothelial dysfunction, contributing to the development of atherosclerosis.Inflammation: Oxidative stress can trigger inflammatory responses within the artery wall, leading to the recruitment of immune cells such as macrophages and T cells. These immune cells release pro-inflammatory cytokines and reactive oxygen species, further exacerbating oxidative stress and promoting the formation and progression of plaque.Smooth Muscle Cell Proliferation: Oxidative stress can stimulate the proliferation and migration of smooth muscle cells within the artery wall, contributing to the thickening of the arterial intima and the formation of atherosclerotic lesions.Foam Cell Formation: Oxidized LDL and inflammatory cytokines can promote the transformation of macrophages into foam cells, which are lipid-laden cells that accumulate within the artery wall and contribute to the development of plaque.Endothelial Nitric Oxide (NO) Bioavailability: Oxidative stress can reduce the bioavailability of nitric oxide (NO), a molecule produced by endothelial cells that helps regulate blood vessel tone and prevent platelet aggregation. Reduced NO bioavailability can impair endothelial function and promote vasoconstriction, inflammation, and thrombosis, further contributing to atherosclerosis.Overall, oxidative stress is a central mechanism underlying the pathogenesis of atherosclerosis. It promotes endothelial dysfunction, inflammation, smooth muscle cell proliferation, foam cell formation, and other processes involved in plaque formation and progression.",""
"Atrophy","AtrophyWhat is atrophy?Atrophy is a term used in medicine to describe a decrease in the size or mass of a tissue, organ, or cell. It can occur as a result of various physiological or pathological processes, leading to a reduction in the number or size of cells, resulting in a decrease in the overall volume or function of the affected structure.There are two main types of atrophy:Physiological Atrophy: This type of atrophy is a normal and natural process that occurs in tissues or organs when they are not being used or are no longer needed. For example, muscle atrophy can occur when a limb is immobilized in a cast or when a person stops exercising regularly. Similarly, the thymus gland undergoes atrophy as part of the normal aging process.Pathological Atrophy: This type of atrophy occurs due to disease, injury, or other abnormal conditions. It can affect various tissues and organs throughout the body. For example, disuse atrophy can occur in muscles that are not being used due to prolonged bed rest or immobilization. Additionally, certain diseases, such as neurodegenerative disorders like Alzheimer’s disease, can lead to brain atrophy. Other causes of pathological atrophy include inadequate blood supply (ischemic atrophy), malnutrition, hormonal changes, and chronic diseases.What is the relationship between atrophy and oxidative stress?The relationship between atrophy and oxidative stress is complex and multifaceted. Oxidative stress refers to an imbalance between the production of reactive oxygen species (ROS) and the ability of cells to detoxify or repair the resulting damage. Atrophy, on the other hand, involves a decrease in the size or mass of tissues or organs due to various physiological or pathological processes.Oxidative stress can contribute to atrophy through several mechanisms:Induction of Cell Death: Prolonged oxidative stress can lead to cellular damage and activation of cell death pathways such as apoptosis and necrosis, resulting in the loss of cells and tissue atrophy.Disruption of Signaling Pathways: Oxidative stress can interfere with signaling pathways involved in cell growth, differentiation, and survival. For example, ROS can modulate the activity of transcription factors such as nuclear factor kappa B (NF-κB) and activator protein 1 (AP-1), which regulate the expression of genes involved in cell proliferation and survival.Impaired Protein Homeostasis: Oxidative stress can disrupt protein homeostasis (proteostasis) by causing protein damage, misfolding, and aggregation. This can lead to dysfunction of organelles such as the endoplasmic reticulum (ER) and proteasome, impairing cellular processes and contributing to atrophy.Mitochondrial Dysfunction: ROS generated within mitochondria can damage mitochondrial DNA (mtDNA), proteins, and lipids, leading to mitochondrial dysfunction. Impaired mitochondrial function can compromise energy production, increase oxidative stress, and promote cell death, contributing to tissue atrophy.Inflammation: Oxidative stress can activate inflammatory pathways and promote the production of pro-inflammatory cytokines and chemokines. Chronic inflammation is associated with tissue remodeling and atrophy, particularly in conditions such as sarcopenia and neurodegenerative diseases.Overall, oxidative stress plays a significant role in the pathogenesis of tissue atrophy by promoting cellular damage, impairing cellular function, and disrupting signaling pathways involved in cell survival and growth.",""
"Auditory Neuropathy","Auditory NeuropathyWhat is auditory neuropathy?Auditory neuropathy, also known as auditory neuropathy spectrum disorder (ANSD), is a type of hearing disorder that affects the transmission of sound signals from the inner ear (cochlea) to the brain. Unlike typical hearing loss, which involves damage to the hair cells in the cochlea or auditory nerve, auditory neuropathy is characterized by dysfunction in the transmission of auditory signals along the auditory nerve or at the synapses connecting the hair cells to the auditory nerve.In auditory neuropathy, the outer hair cells in the cochlea may function normally, allowing sound to be detected, but the transmission of signals along the auditory nerve may be impaired. This results in a mismatch between the detection of sound and the ability to understand speech or discriminate between different sounds. Individuals with auditory neuropathy may have difficulty understanding speech, particularly in noisy environments, and may experience problems with sound localization and pitch perception.The exact causes of auditory neuropathy are not always clear, but they can include genetic factors, certain medical conditions (such as prematurity, jaundice, or neurological disorders), exposure to toxins or medications, and trauma to the auditory nerve. Diagnosis of auditory neuropathy typically involves a combination of behavioral hearing tests, such as pure-tone audiometry and speech perception tests, and objective tests, such as auditory brainstem response (ABR) and otoacoustic emissions (OAEs).What is the relationship between auditory neuropathy and oxidative stress?The relationship between auditory neuropathy and oxidative stress is not fully understood, and research in this area is ongoing. However, oxidative stress has been implicated in various types of hearing loss, including sensorineural hearing loss, which shares some similarities with auditory neuropathy.Oxidative stress occurs when there is an imbalance between the production of reactive oxygen species (ROS) and the body’s ability to detoxify them or repair the resulting damage. ROS, such as superoxide radicals and hydrogen peroxide, can cause damage to cellular structures, including proteins, lipids, and DNA, leading to cell dysfunction and death.In the context of auditory neuropathy, oxidative stress may play a role in damaging the auditory nerve fibers or the synapses connecting the inner hair cells to the auditory nerve. This oxidative damage could potentially disrupt the transmission of auditory signals along the auditory pathway, contributing to the symptoms of auditory neuropathy.Several factors may contribute to oxidative stress in the auditory system, including age-related changes, exposure to noise or ototoxic medications, ischemia-reperfusion injury, and underlying medical conditions. Additionally, genetic susceptibility and environmental factors may influence an individual’s susceptibility to oxidative damage in the auditory system.",""
"Autism Spectrum Disorder","Autism Spectrum DisorderWhat is autism spectrum disorder (ASD)?Autism, also known as autism spectrum disorder (ASD), is a developmental disorder that affects how a person communicates, interacts with others, and experiences the world around them. It is characterized by a wide range of symptoms and behaviors that can vary greatly in severity and presentation from one individual to another.Some common features of autism spectrum disorder include:Social communication challenges: Difficulty with verbal and nonverbal communication, such as understanding and using language, gestures, and facial expressions. People with autism may have trouble initiating or maintaining conversations, understanding social cues, or engaging in reciprocal communication.Restricted and repetitive behaviors: Individuals with autism may engage in repetitive movements or behaviors, such as rocking, hand-flapping, or repeating words or phrases (echolalia). They may also develop intense interests in specific topics or objects and may engage in rituals or routines that are rigid and resistant to change.Sensory sensitivities: Many individuals with autism have heightened sensitivity or aversion to sensory stimuli, such as loud noises, bright lights, certain textures, or strong smells. Others may seek out sensory stimulation or engage in self-stimulatory behaviors (stimming) to regulate their sensory experiences.Difficulty with social interaction: People with autism may struggle to understand social norms, navigate social situations, or establish and maintain relationships with others. They may have difficulty understanding and responding to the emotions, perspectives, and intentions of others.Autism spectrum disorder is a lifelong condition that typically becomes apparent in early childhood, although it may be diagnosed later in life. The exact cause of autism is not fully understood, but it is believed to involve a combination of genetic, environmental, and developmental factors.What is the relationship between ASD and oxidative stress?There is a potential link between autism and oxidative stress, although the exact mechanisms remain unclear.Oxidative Stress Biomarkers: Some",""
"Bacterial Infection","Bacterial InfectionWhat is bacterial infection?A bacterial infection is caused by the invasion and multiplication of bacteria within the body, leading to an immune response and often resulting in symptoms such as fever, inflammation, and tissue damage. Bacteria are single-celled microorganisms that can be found virtually everywhere in the environment, including soil, water, and the bodies of humans and animals. While many bacteria are harmless or even beneficial, certain types can cause infections when they enter the body and colonize tissues.Bacterial infections can be challenging for the body to handle due to several reasons:Virulence Factors: Bacteria can produce various virulence factors, such as toxins, enzymes, and adhesion molecules, which allow them to invade host tissues, evade immune responses, and cause tissue damage. These factors can contribute to the severity of the infection and the extent of tissue damage.Inflammatory Response: When the body detects the presence of bacteria, the immune system mounts an inflammatory response to eliminate the pathogens. While inflammation is a protective mechanism, excessive or prolonged inflammation can lead to tissue damage, organ dysfunction, and systemic complications. In severe cases, a dysregulated immune response can result in sepsis, a life-threatening condition characterized by widespread inflammation and organ failure.Antibiotic Resistance: Bacteria have the ability to develop resistance to antibiotics through genetic mutations or the acquisition of resistance genes from other bacteria. Antibiotic-resistant bacteria are more difficult to treat and may require alternative or combination therapies. The emergence of multidrug-resistant bacteria poses a significant challenge for healthcare providers and can lead to treatment failure and increased mortality rates.Complications: Bacterial infections can lead to various complications, depending on the site of infection and the virulence of the bacteria involved. These complications may include abscess formation, tissue necrosis, septic shock, meningitis, pneumonia, urinary tract infections, and bloodstream infections. Complicated infections may require surgical intervention, prolonged antibiotic therapy, and intensive care management.Host Factors: The outcome of a bacterial infection can also depend on host factors such as age, underlying health conditions, immune status, and genetic predisposition. Immunocompromised individuals, such as those with HIV/AIDS, cancer, or autoimmune diseases, are more susceptible to severe or recurrent bacterial infections. Additionally, certain genetic polymorphisms may influence an individual’s susceptibility to specific bacterial pathogens or their ability to mount an effective immune response.What is the relationship between bacterial infection and oxidative stress?Bacterial infections can induce oxidative stress through various mechanisms, and oxidative stress, in turn, can influence the outcome of the infection. Here are some ways in which bacterial infection and oxidative stress are interconnected:ROS Production by Immune Cells: During a bacterial infection, the immune system responds by activating immune cells such as neutrophils and macrophages. These cells produce reactive oxygen species (ROS) as part of the antimicrobial defense mechanism to kill invading bacteria. However, excessive ROS production can lead to oxidative stress and tissue damage.Inflammatory Response: Bacterial infections trigger an inflammatory response characterized by the release of pro-inflammatory cytokines and chemokines. Inflammatory mediators such as tumor necrosis factor-alpha (TNF-alpha) and interleukin-1 (IL-1) can activate oxidative stress pathways, leading to the generation of ROS and reactive nitrogen species (RNS) by immune cells and other cell types.Mitochondrial Dysfunction: Bacterial infections can disrupt mitochondrial function in host cells, leading to mitochondrial dysfunction and increased ROS production. Dysfunctional mitochondria release ROS as byproducts of cellular respiration, contributing to oxidative stress and cellular damage.Induction of Host Defense Mechanisms: Bacterial pathogens may induce oxidative stress as a strategy to evade host immune responses and promote their survival and replication. Some bacteria produce toxins or virulence factors that directly induce ROS production or interfere with antioxidant defenses in host cells.Antioxidant Defense Mechanisms: On the other hand, the host organism activates antioxidant defense mechanisms to counteract oxidative stress and limit tissue damage during bacterial infection. Antioxidant enzymes such as superoxide dismutase, catalase, and glutathione peroxidase help neutralize ROS and maintain redox balance in infected tissues.Oxidative Stress and Tissue Damage: Prolonged or excessive oxidative stress during bacterial infection can damage host tissues and contribute to the pathogenesis of infectious diseases. Oxidative damage to lipids, proteins, and DNA can impair cellular function, disrupt signaling pathways, and promote inflammation and tissue injury.Overall, the interplay between bacterial infection and oxidative stress is dynamic and bidirectional. While ROS production is an essential component of the host defense against bacterial pathogens, dysregulated oxidative stress can exacerbate tissue damage and inflammation, leading to worsened outcomes in bacterial infections.",""
"Bile Duct Injury","Bile Duct InjuryWhat is bile duct injury?Bile duct injury refers to damage or trauma that occurs to the bile ducts, which are the tubes that carry bile from the liver and gallbladder to the small intestine. Bile duct injury can result from various causes, including surgical procedures, such as cholecystectomy (gallbladder removal), liver transplantation, or other abdominal surgeries, as well as trauma or inflammation.The severity of bile duct injury can vary widely, ranging from minor damage that heals on its own to more severe injuries that require medical intervention, including surgery or other treatments. Bile duct injuries can lead to complications such as bile leakage, obstruction of bile flow, infection, and inflammation of the liver (cholangitis).What is the relationship between bile duct injury and oxidative stress?Bile duct injury can lead to oxidative stress through various mechanisms:Inflammation: Bile duct injury often triggers an inflammatory response in the affected tissues. Inflammatory cells produce reactive oxygen species (ROS) as part of the immune response, leading to oxidative stress.Ischemia-reperfusion injury: During surgical procedures involving the bile ducts, such as cholecystectomy or liver transplantation, temporary interruption of blood flow (ischemia) followed by restoration of blood flow (reperfusion) can occur. This ischemia-reperfusion process generates ROS, contributing to oxidative stress and tissue damage.Impaired bile flow: Bile duct injury can result in impaired bile flow, leading to bile stasis and accumulation of toxic bile constituents. Accumulated bile components, such as bile acids, can induce oxidative stress in the hepatocytes and bile duct epithelial cells.Mitochondrial dysfunction: Bile duct injury may disrupt mitochondrial function in hepatocytes and other cells involved in bile production and transport. Mitochondrial dysfunction can lead to increased ROS production and oxidative stress.Activation of hepatic stellate cells: Hepatic stellate cells play a role in liver fibrosis, which can occur as a consequence of bile duct injury. Activated hepatic stellate cells produce ROS, contributing to oxidative stress and further liver damage.Overall, the relationship between bile duct injury and oxidative stress is bidirectional, with oxidative stress exacerbating the injury to bile ducts and surrounding tissues, while bile duct injury itself can trigger oxidative stress through various mechanisms.",""
"Bladder Outlet Obstruction","Bladder Outlet ObstructionWhat is bladder outlet obstruction (BOO)?Bladder outlet obstruction (BOO) is a condition characterized by partial or complete blockage of the urinary bladder outlet, which prevents or restricts the flow of urine from the bladder to the urethra and out of the body. This obstruction can occur at various points along the urinary tract, including the bladder neck, urethra, or urethral sphincter.BOO can be caused by various factors, including:Benign prostatic hyperplasia (BPH): Enlargement of the prostate gland, which commonly occurs in older men, can obstruct the flow of urine from the bladder by compressing the urethra.Urethral stricture: Narrowing or scarring of the urethra, often due to inflammation, injury, or previous surgeries, can impede the passage of urine.Bladder stones: Stones that form in the bladder can obstruct the bladder outlet, preventing urine from flowing freely.Tumors: Tumors in the bladder, prostate, or urethra can block the flow of urine and cause BOO.Neurological disorders: Conditions such as spinal cord injury, multiple sclerosis, or nerve damage can affect bladder function and lead to BOO.If left untreated, bladder outlet obstruction can lead to complications such as urinary retention, urinary tract infections, bladder stones, kidney damage, and urinary incontinence.What is the relationship between BOO and oxidative stress?There is evidence to suggest that oxidative stress may play a role in the pathophysiology of BOO.Ischemia-Reperfusion Injury: BOO can lead to urinary stasis and increased pressure within the bladder, which can compromise blood flow to the bladder wall and surrounding tissues. When blood flow is restored (reperfusion) after a period of ischemia (lack of blood flow), it can result in the generation of reactive oxygen species (ROS) and oxidative stress. This process, known as ischemia-reperfusion injury, can contribute to tissue damage, inflammation, and fibrosis in the bladder.Inflammatory Response: BOO can trigger an inflammatory response in the bladder, characterized by the release of pro-inflammatory cytokines, recruitment of immune cells, and activation of oxidative stress pathways. Chronic inflammation and oxidative stress can promote tissue remodeling and fibrosis, further exacerbating bladder dysfunction and obstruction.Smooth Muscle Dysfunction: Oxidative stress may impair the contractile function of smooth muscle cells in the bladder wall, leading to detrusor muscle dysfunction and impaired bladder contractility. This dysfunction can contribute to urinary retention, incomplete bladder emptying, and exacerbation of BOO symptoms.Oxidative Damage to Urothelial Cells: The urothelium, the inner lining of the bladder, is susceptible to oxidative damage due to its exposure to urine and mechanical stress associated with bladder outlet obstruction. Oxidative stress can disrupt urothelial barrier function, increase permeability, and promote inflammation and tissue injury.Fibrosis and Remodeling: Chronic oxidative stress and inflammation can stimulate the production of extracellular matrix proteins and fibrotic tissue in the bladder wall, leading to structural changes and remodeling. Fibrosis can further exacerbate bladder dysfunction and obstruction by reducing bladder compliance and impairing contractility.Overall, oxidative stress appears to be involved in the pathogenesis of bladder outlet obstruction and may contribute to tissue damage, inflammation, smooth muscle dysfunction, and fibrosis in the bladder.",""
"Blunt Chest Trauma","Blunt Chest TraumaWhat is blunt chest trauma?Blunt chest trauma refers to an injury to the chest caused by a forceful impact or compression without penetration of the skin. It typically results from events such as motor vehicle accidents, falls, physical assaults, or sports-related injuries. Blunt chest trauma can cause a range of injuries to the chest wall, organs, and surrounding structures, which can vary in severity depending on the force and mechanism of injury.What is the relationship between blunt chest trauma and oxidative stress?Blunt chest trauma can lead to oxidative stress through several pathways:Tissue Injury: Blunt chest trauma can cause direct mechanical damage to tissues in the chest wall, lungs, and surrounding structures. This tissue injury triggers an inflammatory response, leading to the generation of reactive oxygen species (ROS) and oxidative stress at the site of injury.Ischemia-Reperfusion Injury: In cases of severe blunt chest trauma, blood flow to the injured tissues may be compromised, leading to ischemia (lack of oxygen supply) and tissue hypoxia. When blood flow is restored (reperfusion), it can result in the generation of ROS and oxidative stress, exacerbating tissue damage and inflammation. This process, known as ischemia-reperfusion injury, can occur in organs such as the lungs, heart, and chest wall muscles following blunt chest trauma.Inflammatory Response: Blunt chest trauma triggers an inflammatory cascade characterized by the release of pro-inflammatory cytokines, activation of immune cells, and recruitment of neutrophils and macrophages to the site of injury. These inflammatory processes can contribute to oxidative stress by promoting the production of ROS and impairing antioxidant defenses.Pulmonary Contusion: Pulmonary contusion, a common injury following blunt chest trauma, involves the development of localized lung tissue damage and inflammation. This inflammatory response can lead to the release of ROS and reactive nitrogen species (RNS), contributing to oxidative stress and lung injury.Systemic Effects: Blunt chest trauma can have systemic effects beyond the chest cavity, including the release of inflammatory mediators and oxidative stress markers into the bloodstream. These systemic effects can contribute to distant organ dysfunction and complications such as multiple organ failure.Overall, oxidative stress plays a significant role in the pathophysiology of blunt chest trauma and its associated complications.",""
"Brain Injury","Brain InjuryWhat is brain injury?Brain injury refers to any injury or damage to the brain that disrupts its normal function. Brain injuries can range from mild, such as a concussion, to severe, such as traumatic brain injury (TBI). They can result from various causes, including trauma, infection, stroke, lack of oxygen (hypoxia), tumors, or degenerative diseases.The effects of brain injury can vary widely depending on the type, location, and severity of the injury. Common symptoms of brain injury may include headache, confusion, memory problems, difficulty concentrating, mood changes, changes in sleep patterns, sensory disturbances, weakness or paralysis, and difficulties with speech or language.What is the relationship between brain injury and oxidative stress?Oxidative stress plays a crucial role in the pathophysiology of various types of brain injury. Oxidative stress refers to an imbalance between the production of reactive oxygen species (ROS) and the body’s antioxidant defenses, leading to cellular damage and dysfunction. Here’s how oxidative stress is related to different types of brain injury:Traumatic Brain Injury (TBI): Following a traumatic brain injury, such as a concussion or more severe TBI, there is an acute increase in oxidative stress in the brain. The mechanical forces of the injury can lead to the production of ROS, which can cause damage to cell membranes, proteins, and DNA within brain cells. This oxidative damage contributes to secondary injury processes, including inflammation, excitotoxicity, and apoptosis (cell death), which can worsen brain damage and impair recovery.Ischemic Stroke: In ischemic stroke, the brain is deprived of oxygen and nutrients due to a blockage in the blood vessels supplying the brain. This lack of oxygen leads to an increase in ROS production, particularly during reperfusion (restoration of blood flow) following treatment. The production of ROS contributes to oxidative damage to brain cells, exacerbating tissue injury and neuronal death in the affected area.Hemorrhagic Stroke: In hemorrhagic stroke, bleeding within the brain tissue leads to inflammation and oxidative stress. Blood breakdown products, such as hemoglobin and iron, can generate ROS and promote oxidative damage to surrounding brain cells. This oxidative stress further contributes to tissue injury and neurological deficits following hemorrhagic stroke.Hypoxic-Ischemic Brain Injury: In hypoxic-ischemic brain injury, such as occurs in cases of cardiac arrest or near drowning, the brain is deprived of oxygen and blood flow. The reperfusion of blood flow following hypoxia-ischemia leads to the production of ROS and oxidative stress, which exacerbates neuronal injury and cell death. Oxidative stress plays a critical role in the pathogenesis of hypoxic-ischemic brain injury and contributes to long-term neurological deficits in survivors.Neurodegenerative Diseases: Oxidative stress is also implicated in the pathogenesis of neurodegenerative diseases such as Alzheimer’s disease, Parkinson’s disease, and amyotrophic lateral sclerosis (ALS). In these conditions, the accumulation of abnormal proteins, mitochondrial dysfunction, and inflammation contribute to increased ROS production and oxidative damage in the brain, leading to progressive neuronal loss and cognitive decline.Overall, oxidative stress is a common feature of various types of brain injury and neurodegenerative diseases.",""
"Bronchopulmonary Dysplasia","Bronchopulmonary DysplasiaWhat is Bronchopulmonary Dysplasia (BPD)?Bronchopulmonary dysplasia (BPD) is a chronic lung condition that primarily affects premature infants who have received mechanical ventilation and oxygen therapy to treat respiratory distress syndrome (RDS). It is characterized by inflammation and injury to the developing lungs, leading to abnormal growth and development of lung tissue.The condition typically develops in infants born before 28 weeks of gestation or those with very low birth weights. Premature birth interrupts the normal development of the lungs, resulting in underdeveloped alveoli (air sacs) and impaired surfactant production, which are essential for maintaining lung function and oxygen exchange.What is the relationship between BPD and oxidative stress?Bronchopulmonary dysplasia (BPD) is associated with increased oxidative stress in premature infants. Oxidative stress occurs when there is an imbalance between the production of reactive oxygen species (ROS) and the body’s ability to detoxify them or repair the resulting damage. Premature infants with BPD are particularly susceptible to oxidative stress due to several factors:Immature antioxidant defenses: Premature infants have underdeveloped antioxidant systems, such as superoxide dismutase, catalase, and glutathione peroxidase, which are crucial for neutralizing ROS and preventing oxidative damage.Oxygen therapy: Infants with BPD often require supplemental oxygen therapy to support breathing due to respiratory insufficiency. However, prolonged exposure to high levels of oxygen can lead to the production of ROS in the lungs, exacerbating oxidative stress and causing further lung injury.Inflammation: Inflammation is a hallmark feature of BPD, characterized by the release of pro-inflammatory cytokines and the infiltration of inflammatory cells into the lung tissue. Inflammatory processes can stimulate the generation of ROS and promote oxidative stress.Ventilator-induced lung injury: Mechanical ventilation, which is commonly used to support breathing in premature infants with respiratory distress, can cause barotrauma and volutrauma to the delicate lung tissue, leading to oxidative stress and lung damage.The oxidative stress associated with BPD can contribute to the pathogenesis and progression of the disease by causing oxidative damage to lipids, proteins, and DNA in the lungs. This damage can impair lung development and function, exacerbate inflammation, and increase susceptibility to respiratory infections. Additionally, oxidative stress can exacerbate other comorbidities commonly observed in premature infants, such as retinopathy of prematurity and neurological impairments.Therefore, strategies aimed at reducing oxidative stress may have therapeutic potential for preventing or mitigating lung injury and improving outcomes in infants with BPD.",""
"Cancer","CancerWhat is cancer?Cancer is a group of diseases characterized by the uncontrolled growth and spread of abnormal cells in the body. These abnormal cells, called cancer cells, can invade and destroy surrounding tissues and organs, leading to serious health problems. Cancer can occur in almost any part of the body and can arise from various types of cells.The development of cancer typically involves multiple stages, including initiation, promotion, and progression. During initiation, genetic mutations or alterations occur within normal cells, leading to their transformation into cancer cells. These mutations may be caused by factors such as exposure to carcinogens (e.g., tobacco smoke, ultraviolet radiation), genetic predisposition, or other environmental factors.Following initiation, cancer cells undergo uncontrolled growth and proliferation, a process known as promotion. This stage may be influenced by factors such as hormones, chronic inflammation, or immune system dysfunction. As the cancer cells continue to proliferate, they may acquire additional genetic changes that enable them to invade nearby tissues and spread to distant sites in the body, a process known as metastasis.What is the relationship between cancer and oxidative stress?Oxidative stress plays a significant role in the development, progression, and treatment response of cancer. Here’s how oxidative stress is related to cancer:DNA Damage: Oxidative stress can lead to the generation of reactive oxygen species (ROS) within cells. ROS are highly reactive molecules that can damage cellular components, including DNA. DNA damage caused by oxidative stress can lead to mutations and genetic alterations that contribute to the initiation and progression of cancer. These mutations may affect genes involved in cell growth regulation, DNA repair, and cell death pathways, leading to uncontrolled cell proliferation and tumor formation.Tumor Growth and Metastasis: Oxidative stress can promote tumor growth and metastasis through various mechanisms. ROS can activate signaling pathways involved in cell proliferation, survival, and angiogenesis (formation of new blood vessels). Additionally, oxidative stress can induce epithelial-mesenchymal transition (EMT), a process that enables cancer cells to acquire invasive and metastatic properties. By promoting tumor growth and metastasis, oxidative stress contributes to the spread of cancer to distant organs and tissues, leading to advanced disease and poorer outcomes.Resistance to Therapy: Oxidative stress can contribute to resistance to cancer therapy, including chemotherapy, radiation therapy, and targeted therapies. Cancer cells exposed to oxidative stress may activate survival pathways and develop mechanisms to evade the cytotoxic effects of therapy. For example, ROS can activate cell survival pathways such as nuclear factor kappa B (NF-κB) and PI<a href=""https://hydrogen",""
"Candida Yeast Infection","Candida Yeast InfectionWhat is Candida yeast infection?Candida yeast infection, also known as candidiasis, is a fungal infection caused by overgrowth of theCandidaspecies of yeast, most commonlyCandida albicans. Candida is a type of fungus that normally resides in the gastrointestinal tract, mouth, throat, and vagina in small amounts without causing any harm. However, certain factors can disrupt the balance of microorganisms in the body, leading to overgrowth of Candida and subsequent infection.Candidiasis can manifest in various forms depending on the location of the infection:Oral candidiasis (thrush): Characterized by white patches or plaques on the tongue, inner cheeks, roof of the mouth, and throat. It can cause discomfort, difficulty swallowing, and altered taste sensation.Genital candidiasis: Commonly known as a yeast infection, it affects the vagina in women and the penis in men. Symptoms include itching, burning, redness, swelling, and abnormal vaginal discharge (white, thick, and odorless).Cutaneous candidiasis: Affects the skin and nails, typically occurring in warm, moist areas such as the armpits, groin, between the toes, and under the breasts. It can cause red, itchy rashes with satellite lesions (smaller patches surrounding the main rash) and may lead to skin breakdown and secondary bacterial infections.Invasive candidiasis: Occurs when Candida enters the bloodstream and spreads throughout the body, potentially causing serious systemic infections. It is more common in individuals with weakened immune systems, such as those with HIV/AIDS, cancer, or undergoing immunosuppressive therapy.What is the relationship between Candida yeast infection and oxidative stress?Candida yeast infection can induce oxidative stress in the body through various mechanisms. Oxidative stress occurs when there is an imbalance between the production of reactive oxygen species (ROS) and the body’s ability to detoxify them or repair the resulting damage. Here’s how Candida yeast infection may contribute to oxidative stress:Inflammation: Candida infections trigger an immune response, leading to inflammation at the site of infection. Inflammatory processes often generate ROS as a part of the immune defense mechanism. Chronic inflammation associated with persistent or recurrent candidiasis can result in prolonged oxidative stress.Immune system activation: The host immune system attempts to control Candida overgrowth by activating immune cells, such as neutrophils and macrophages, which release ROS to kill the fungus. However, excessive ROS production can lead to tissue damage and exacerbate oxidative stress.Antifungal treatments: Some antifungal medications used to treat Candida infections may exert their effects through oxidative stress. For example, azole drugs like fluconazole inhibit the synthesis of ergosterol, a crucial component of the fungal cell membrane, leading to ROS accumulation and fungal cell death.Metabolic changes: Candida overgrowth can alter host metabolism, leading to increased production of ROS as a byproduct of cellular metabolism. Additionally, Candida may induce mitochondrial dysfunction in host cells, further contributing to ROS generation.Biofilm formation: Candida species have the ability to form biofilms, complex structures composed of microbial cells embedded in a matrix of extracellular polymeric substances. Biofilms protect Candida from host immune defenses and antimicrobial agents, creating a localized environment conducive to oxidative stress and inflammation.Overall, oxidative stress induced by Candida yeast infection can exacerbate tissue damage, impair host immune responses, and contribute to the pathogenesis of candidiasis.",""
"Cardiac Arrest","Cardiac ArrestWhat is cardiac arrest?Cardiac arrest is a sudden and unexpected cessation of normal heart function, leading to the stopping of blood circulation. In cardiac arrest, the heart’s electrical system malfunctions, causing it to stop beating effectively. This condition is life-threatening and requires immediate intervention to restore normal heart rhythm and circulation. If left untreated, cardiac arrest can quickly lead to death.During cardiac arrest, the heart may enter a chaotic rhythm called ventricular fibrillation (VF) or it may stop beating altogether (asystole). In either case, blood flow to vital organs, including the brain, is severely compromised, leading to loss of consciousness, cessation of breathing, and ultimately, irreversible damage if not treated promptly.What is the relationship between cardiac arrest and oxidative stress?Oxidative stress plays a significant role in the pathophysiology of cardiac arrest and its consequences. Here’s how oxidative stress is related to cardiac arrest:Ischemia-Reperfusion Injury: Cardiac arrest results in the cessation of blood flow to the heart muscle (ischemia), leading to a lack of oxygen and nutrients. When blood flow is restored (reperfusion) following resuscitation efforts, it can lead to the generation of reactive oxygen species (ROS) and oxidative stress. This process, known as ischemia-reperfusion injury, contributes to tissue damage, inflammation, and cell death in the heart muscle.Myocardial Stunning: Myocardial stunning refers to reversible dysfunction of the heart muscle following a period of ischemia and reperfusion. Oxidative stress plays a role in the development of myocardial stunning by promoting oxidative damage to cellular components, impairing energy metabolism, and disrupting contractile function in the heart muscle. This oxidative stress-induced dysfunction can contribute to the overall severity of cardiac arrest and may affect recovery outcomes.Arrhythmias: Oxidative stress can predispose the heart to arrhythmias, including ventricular fibrillation (VF) and ventricular tachycardia (VT), which are common causes of cardiac arrest. ROS can alter the electrical properties of cardiac cells, leading to abnormal conduction and excitability, and increasing the risk of arrhythmias. Additionally, oxidative stress can impair the function of ion channels and regulatory proteins involved in cardiac rhythm control, further promoting arrhythmogenesis.Reperfusion Injury: Following successful resuscitation from cardiac arrest, reperfusion of blood flow to the heart can paradoxically exacerbate tissue injury through the production of ROS and oxidative stress. Reperfusion injury can contribute to myocardial damage, inflammation, and microvascular dysfunction, impairing recovery and increasing the risk of complications such as heart failure and arrhythmias.Systemic Effects: Cardiac arrest and subsequent resuscitation can lead to systemic effects beyond the heart, including systemic inflammation, endothelial dysfunction, and multiorgan dysfunction syndrome. Oxidative stress plays a central role in mediating these systemic effects by promoting inflammation, vascular dysfunction, and cellular injury in various organs and tissues throughout the body.Overall, oxidative stress is intimately involved in the pathophysiology of cardiac arrest and its consequences, including myocardial injury, arrhythmogenesis, and systemic dysfunction.",""
"Cardiac Degeneration","Cardiac DegenerationWhat is cardiac degeneration?Cardiac degeneration refers to the progressive deterioration or decline in the structure and function of the heart muscle (myocardium). It is a broad term that encompasses various pathological changes affecting the heart, leading to impaired cardiac function and, ultimately, heart failure. Cardiac degeneration can result from a range of underlying causes, including cardiovascular diseases, genetic factors, aging, and environmental influences.Some common forms of cardiac degeneration include:Dilated Cardiomyopathy: Dilated cardiomyopathy is a condition characterized by enlargement and weakening of the heart chambers, particularly the left ventricle. This leads to reduced contractility and pumping function of the heart, resulting in heart failure. Dilated cardiomyopathy can be caused by genetic factors, viral infections, alcohol abuse, or other underlying conditions.Hypertrophic Cardiomyopathy: Hypertrophic cardiomyopathy is characterized by abnormal thickening of the heart muscle, particularly the left ventricle. This can impair the relaxation and filling of the heart chambers, leading to symptoms such as chest pain, shortness of breath, and arrhythmias. Hypertrophic cardiomyopathy is often inherited and can increase the risk of sudden cardiac death, especially in young individuals.Restrictive Cardiomyopathy: Restrictive cardiomyopathy is characterized by stiffening and rigidity of the heart muscle, which impairs the ability of the heart chambers to fill properly during diastole (relaxation phase). This leads to reduced cardiac output and symptoms of heart failure, such as fatigue, fluid retention, and exercise intolerance. Restrictive cardiomyopathy can be caused by various underlying conditions, including amyloidosis, sarcoidosis, or fibrosis.Ischemic Cardiomyopathy: Ischemic cardiomyopathy results from coronary artery disease and myocardial infarction (heart attack), which lead to inadequate blood supply and oxygen delivery to the heart muscle. Prolonged ischemia and infarction can cause irreversible damage to the heart tissue, resulting in impaired contractility and heart failure. Ischemic cardiomyopathy is a common cause of heart failure and is often associated with a history of coronary artery disease or prior heart attacks.Arrhythmogenic Cardiomyopathy: Arrhythmogenic cardiomyopathy is a rare inherited disorder characterized by abnormal replacement of heart muscle with fatty or fibrous tissue. This can disrupt the normal electrical conduction of the heart and predispose individuals to life-threatening arrhythmias and sudden cardiac death.Age-related Cardiac Degeneration: Aging is associated with structural and functional changes in the heart, including fibrosis, stiffness, and impaired contractility. These age-related changes can contribute to the development of heart failure and other cardiovascular diseases in older adults.What is the relationship between cardiac degeneration and oxidative stress?The relationship between cardiac degeneration and oxidative stress is intricate and bidirectional, as oxidative stress plays a significant role in the pathophysiology of cardiac degeneration, while cardiac degeneration itself can further exacerbate oxidative stress. Here’s how these processes are related:Oxidative Stress in Cardiac Degeneration:Oxidative stress is implicated in the development and progression of various forms of cardiac degeneration, including dilated cardiomyopathy, hypertrophic cardiomyopathy, ischemic cardiomyopathy, and age-related cardiac changes.In conditions such as ischemic cardiomyopathy, inadequate blood supply to the heart muscle leads to ischemia-reperfusion injury, which results in the generation of reactive oxygen species (ROS) and oxidative stress. This oxidative damage contributes to myocardial injury, fibrosis, and contractile dysfunction.In hypertrophic cardiomyopathy, abnormal thickening of the heart muscle can impair oxygen delivery and promote the production of ROS, leading to oxidative stress and cellular damage.Age-related cardiac degeneration is associated with increased oxidative stress due to factors such as mitochondrial dysfunction, impaired antioxidant defenses, and chronic inflammation. Oxidative damage accumulates over time, contributing to age-related changes in the heart, including fibrosis, stiffness, and impaired contractility.Oxidative Stress as a Consequence of Cardiac Degeneration:Cardiac degeneration can further exacerbate oxidative stress through various mechanisms. For example, impaired contractility and inefficient energy metabolism in failing hearts can lead to increased mitochondrial ROS production.Chronic inflammation and fibrosis in the heart tissue, characteristic of many forms of cardiac degeneration, can promote oxidative stress by activating inflammatory cells and generating ROS.Cardiac arrhythmias, common in certain forms of cardiac degeneration, can lead to electrical instability and ROS generation, further contributing to oxidative stress and tissue damage.Oxidative stress in cardiac degeneration can lead to cellular damage, DNA mutations, and activation of signaling pathways involved in cell death and remodeling, ultimately exacerbating myocardial injury and dysfunction. The accumulation of oxidative damage over time can contribute to the progression of cardiac degeneration, worsening heart function and increasing the risk of adverse cardiovascular events such as heart failure, arrhythmias, and sudden cardiac death.",""
"Cardiac Hypertrophy","Cardiac HypertrophyWhat is cardiac hypertrophy?Cardiac hypertrophy is a condition characterized by an abnormal increase in the size and mass of the heart muscle, particularly the myocardium (the muscular tissue of the heart wall). This enlargement of the heart muscle is often a compensatory response to various physiological or pathological stimuli, leading to changes in cardiac structure and function.There are two main types of cardiac hypertrophy:Physiological (or adaptive) hypertrophy: Physiological hypertrophy occurs in response to normal physiological demands placed on the heart, such as exercise or pregnancy. In these situations, the heart undergoes hypertrophy to adapt to increased workload and maintain adequate cardiac output. Physiological hypertrophy is typically characterized by proportional enlargement of the heart chambers and increased contractile function, without significant impairment of cardiac function.Pathological (or maladaptive) hypertrophy: Pathological hypertrophy occurs in response to pathological stimuli, such as hypertension (high blood pressure), valvular heart disease, myocardial infarction (heart attack), or genetic mutations. Unlike physiological hypertrophy, pathological hypertrophy is associated with structural and functional abnormalities in the heart, including fibrosis, impaired relaxation, and decreased contractility. These changes can lead to heart failure, arrhythmias, and other adverse cardiovascular outcomes.The mechanisms underlying cardiac hypertrophy involve complex signaling pathways and cellular processes. In response to various stimuli, such as mechanical stretch, neurohormonal activation, or growth factors, cardiac myocytes (muscle cells) undergo hypertrophic growth through processes such as increased protein synthesis, altered gene expression, and activation of signaling pathways such as the mitogen-activated protein kinase (MAPK) pathway and the calcineurin-nuclear factor of activated T cells (NFAT) pathway.While cardiac hypertrophy initially serves as an adaptive response to maintain cardiac function, sustained or excessive hypertrophy can lead to maladaptive remodeling of the heart, characterized by fibrosis, inflammation, and changes in gene expression. These pathological changes can ultimately impair cardiac function and increase the risk of heart failure, arrhythmias, and cardiovascular events.What is the relationship between cardiac hypertrophy and oxidative stress?The relationship between cardiac hypertrophy and oxidative stress is complex and bidirectional, with oxidative stress playing a significant role in the pathogenesis and progression of cardiac hypertrophy, while cardiac hypertrophy itself can further exacerbate oxidative stress. Here’s how these processes are interrelated:Oxidative Stress in Cardiac Hypertrophy:Oxidative stress is implicated in the development and progression of cardiac hypertrophy in response to various pathological stimuli, including pressure overload, neurohormonal activation, and inflammation.Increased mechanical stress on the heart, such as that resulting from hypertension or aortic stenosis, can lead to the production of reactive oxygen species (ROS) within cardiac myocytes (muscle cells). ROS are highly reactive molecules that can cause oxidative damage to cellular components, including lipids, proteins, and DNA.ROS-mediated oxidative damage contributes to hypertrophic growth of cardiac myocytes by activating signaling pathways involved in cell growth and hypertrophy, such as the mitogen-activated protein kinase (MAPK) pathway and the calcineurin-nuclear factor of activated T cells (NFAT) pathway.Oxidative stress also promotes inflammation and fibrosis within the heart tissue, further exacerbating cardiac remodeling and dysfunction in hypertrophic hearts.Consequences of Oxidative Stress in Cardiac Hypertrophy:Sustained oxidative stress in cardiac hypertrophy can lead to maladaptive remodeling of the heart, characterized by fibrosis, inflammation, and impaired contractility. These pathological changes contribute to the progression of hypertrophy and increase the risk of adverse cardiovascular outcomes, such as heart failure, arrhythmias, and sudden cardiac death.Oxidative stress-induced damage to cellular components, including mitochondrial dysfunction and DNA mutations, can impair cardiac myocyte function and viability, further exacerbating cardiac dysfunction in hypertrophic hearts.Cardiac Hypertrophy Exacerbating Oxidative Stress:Cardiac hypertrophy itself can further exacerbate oxidative stress through various mechanisms. Hypertrophic hearts exhibit increased metabolic demand and oxygen consumption, leading to enhanced production of ROS within cardiac myocytes.Altered calcium handling and mitochondrial dysfunction in hypertrophic hearts can promote ROS generation and oxidative damage.Inflammatory and fibrotic changes in the heart tissue, characteristic of cardiac hypertrophy, can create a pro-oxidant microenvironment, further promoting oxidative stress and tissue injury.Overall, oxidative stress plays a central role in the pathogenesis and progression of cardiac hypertrophy, contributing to maladaptive remodeling, impaired cardiac function, and adverse cardiovascular outcomes.",""
"Cardiomyopathy","CardiomyopathyHydrogen Water and CardiomyopathyWhat is cardiomyopathy?Cardiomyopathy refers to a group of diseases that affect the heart muscle (myocardium). In cardiomyopathy, the heart muscle becomes weakened, enlarged, thickened, or stiffened, leading to impaired function and potentially causing heart failure, arrhythmias (irregular heartbeats), or other complications. There are several types of cardiomyopathy, including:Dilated Cardiomyopathy (DCM): In DCM, the heart chambers become dilated and weakened, leading to decreased pumping ability and systolic dysfunction. This results in decreased blood flow to the body and can lead to heart failure.Hypertrophic Cardiomyopathy (HCM): HCM is characterized by abnormal thickening (hypertrophy) of the heart muscle, particularly of the left ventricle. This can obstruct blood flow out of the heart and increase the risk of arrhythmias and sudden cardiac death.Restrictive Cardiomyopathy (RCM): RCM is characterized by stiffness of the heart muscle, which impairs the heart’s ability to fill with blood properly during the relaxation phase of the cardiac cycle. This can lead to heart failure and other complications.Arrhythmogenic Right Ventricular Cardiomyopathy (ARVC): ARVC is a rare form of cardiomyopathy where the muscle tissue in the right ventricle is replaced by fat and fibrous tissue, leading to arrhythmias and potential risk of sudden cardiac death.Unclassified Cardiomyopathies: There are other types of cardiomyopathies that do not fit neatly into the above categories, such as noncompaction cardiomyopathy or stress-induced cardiomyopathy (Takotsubo cardiomyopathy).Whether genetic or acquired, many forms of cardiomyopathy share similar underlying issues, includingoxidative stress, inflammation, and mitochondrial dysfunction.Hydrogen Water and CardiomyopathyHydrogen-rich water (HRW) directly and indirectly targets these drivers.Molecular hydrogen acts as aselective antioxidant, neutralizing hydroxyl radicals and peroxynitrite—two of the most damaging molecules involved in cardiac cell injury. This protects the structure of heart muscle cells and reduces ongoing damage that leads to remodeling and fibrosis​​.HRW also lowerschronic inflammation, which contributes to the progression of dilated and hypertrophic cardiomyopathy.",""
"Cardiovascular Disease","Cardiovascular DiseaseHydrogen Water and Cardiovascular DiseaseWhat is cardiovascular disease (CVD)?Cardiovascular disease (CVD) refers to a group of disorders that affect the heart and blood vessels, leading to impaired function and increased risk of adverse cardiovascular events such as heart attack, stroke, and heart failure. Cardiovascular disease encompasses a wide range of conditions, including coronary artery disease, hypertension (high blood pressure), heart failure, arrhythmias, peripheral artery disease, and congenital heart defects, among others.The pathogenesis of cardiovascular disease involves complex interactions between genetic, environmental, and lifestyle factors. Common mechanisms underlying cardiovascular disease include inflammation, endothelial dysfunction, oxidative stress, and atherosclerosis (the buildup of plaque in the arteries). These processes can lead to narrowing or blockage of blood vessels, reduced blood flow to the heart and other organs, and ultimately, tissue damage and dysfunction.Hydrogen Water For Cardiovascular Disease:Hydrogen-rich water (HRW) addresses many of these mechanisms directly and indirectly.Research shows hydrogen selectively scavenges hydroxyl radicals and peroxynitrite—free radicals that drive vascular damage and plaque buildup. By lowering oxidative stress, HRW helps protect the inner lining of blood vessels (the endothelium), keeping them more flexible and responsive.Inflammation also plays a major role in CVD progression. HRW has been shown to reduce key inflammatory markers like CRP, TNF-α, and IL-6, which are often elevated in patients with heart disease. This helps slow the cycle of vascular damage and immune overactivation.Hydrogen also supports mitochondrial function in cardiac and vascular cells, improving energy metabolism and reducing cell death under stress. Some",""
"Cataract","CataractWhat is cataract?A cataract is a clouding of the eye’s natural lens, which lies behind the iris and the pupil. Cataracts are typically associated with aging, but they can also occur due to other factors such as injury, certain medications, and medical conditions like diabetes. The clouding of the lens leads to blurred vision, difficulty seeing in dim light, sensitivity to glare, and other visual disturbances.Cataracts develop when proteins in the lens clump together, causing the lens to become less transparent and impairing the passage of light through the eye. This clouding can progress over time, gradually worsening vision. Cataracts are a common cause of vision loss among older adults and can significantly impact daily activities such as reading, driving, and recognizing faces.What is the relationship between cataract and oxidative stress?Oxidative stress has been implicated in the development and progression of cataracts. Oxidative stress occurs when there is an imbalance between the production of reactive oxygen species (ROS) and the body’s ability to neutralize or detoxify them. ROS, such as free radicals, can damage various cellular components, including proteins, lipids, and DNA.In the lens of the eye, oxidative damage can lead to the accumulation of oxidized proteins and other molecules, contributing to the formation of cataracts. The lens is particularly susceptible to oxidative damage because it contains high concentrations of proteins and lipids and has limited repair mechanisms.Several factors can increase oxidative stress in the lens, including aging, exposure to ultraviolet (UV) radiation from sunlight, smoking, diabetes, and certain medications. These factors can lead to the production of ROS and impair the antioxidant defense systems that normally protect against oxidative damage.",""
"Cavities","CavitiesWhat are cavities?Cavities, also known as dental caries or tooth decay, are small holes or openings that develop in the hard surface of the teeth. They occur when bacteria in the mouth produce acids that gradually dissolve and damage the outer layer of the teeth, called enamel. If left untreated, cavities can progress deeper into the tooth, affecting the dentin (the layer beneath the enamel) and potentially reaching the tooth’s pulp, where nerves and blood vessels are located.Cavities can form in any part of the tooth, but they often develop in areas where food particles and plaque (a sticky film of bacteria) accumulate, such as the pits and fissures on the chewing surfaces, between teeth, and along the gumline.What is the relationship between cavities and oxidative stress?The relationship between cavities (dental caries or tooth decay) and oxidative stress is multifaceted, involving various mechanisms related to the role of oxidative stress in oral health and the progression of dental caries. Here’s how cavities and oxidative stress are interrelated:Bacterial Acid Production: The primary cause of cavities is the activity of bacteria in the mouth, particularly Streptococcus mutans and other acidogenic bacteria. These bacteria ferment dietary carbohydrates (sugars and starches) to produce acids, particularly lactic acid. The acids created during this process lower the pH in the oral cavity, leading to an acidic environment that can demineralize tooth enamel and promote cavity formation. Oxidative stress can modulate the activity and virulence of oral bacteria, potentially influencing the production of acids and the progression of dental caries.Oxidative Damage to Tooth Structure: Oxidative stress in the oral cavity can lead to damage to the structure of the teeth, particularly the enamel. Reactive oxygen species (ROS), such as hydrogen peroxide and superoxide radicals, can directly damage tooth enamel by oxidizing its organic components and disrupting its mineral structure. This oxidative damage weakens the enamel and makes it more susceptible to demineralization and decay by acid-producing bacteria.Inflammation and Immune Response: Oxidative stress can stimulate inflammation in the oral tissues, including the gums (gingiva) and periodontal ligament. Inflammatory processes in the gums can lead to gingivitis (inflammation of the gums) and periodontitis (inflammation of the supporting structures of the teeth), which can contribute to the progression of dental caries. Additionally, oxidative stress can modulate the immune response in the oral cavity, influencing the activity of immune cells involved in host defense against oral pathogens.Antioxidant Defense Mechanisms: The oral cavity contains various antioxidant defense mechanisms that help counteract oxidative stress and maintain oral health. Antioxidants such as vitamin C (ascorbic acid), vitamin E (alpha-tocopherol), and glutathione play a crucial role in scavenging ROS and protecting oral tissues from oxidative damage. Dysregulation of antioxidant defense mechanisms in the oral cavity can contribute to oxidative stress and increase the risk of dental caries.Salivary Antioxidants: Saliva contains natural antioxidants, such as superoxide dismutase (SOD), catalase, and glutathione peroxidase, which help neutralize ROS and maintain oral health. Changes in salivary antioxidant levels or activity can affect the oral microbiota and contribute to oxidative stress-related oral diseases, including dental caries.Overall, oxidative stress is implicated in the pathogenesis of dental caries by promoting bacterial acid production, oxidative damage to tooth structure, inflammation, and dysregulation of antioxidant defense mechanisms.",""
"Chagas Disease","Chagas DiseaseWhat is Chagas disease?Chagas disease, also known as American trypanosomiasis, is a tropical parasitic disease caused by the protozoan parasiteTrypanosoma cruzi. It is primarily transmitted to humans and other mammals through the bite of infected blood-sucking insects, known as triatomine bugs or “kissing bugs.” In addition to vector transmission, Chagas disease can also be transmitted through blood transfusions, organ transplantation, congenital transmission from mother to child, and ingestion of contaminated food or drinks.Once inside the body, the parasite infects various tissues, including cardiac muscle, gastrointestinal tract, and nervous system. The acute phase of Chagas disease may present with mild symptoms or be asymptomatic, making diagnosis challenging. However, if left untreated, the infection can progress to the chronic phase, which may lead to serious complications, including cardiomyopathy (heart disease) and megacolon or megaesophagus (enlargement of the colon or esophagus).Chagas disease is endemic in parts of Latin America, where it poses a significant public health burden. While the disease primarily affects rural and impoverished populations, globalization and migration have led to cases being reported in non-endemic regions, including North America, Europe, and some Western Pacific countries.What is the relationship between Chagas disease and oxidative stress?Chagas disease is associated with oxidative stress, which plays a significant role in the pathogenesis of the disease. Oxidative stress occurs when there is an imbalance between the production of reactive oxygen species (ROS) and the body’s antioxidant defense mechanisms. In the context of Chagas disease, several factors contribute to oxidative stress:Parasite-Induced Oxidative Stress:T. cruzi, the parasite responsible for Chagas disease, induces oxidative stress in host cells during infection. The parasite’s presence triggers the production of ROS by infected cells as part of the immune response, leading to oxidative damage to cellular components.Inflammation and Immune Response: The inflammatory response mounted by the host’s immune system to combatT. cruziinfection also generates ROS. Inflammatory cells, such as macrophages and neutrophils, produce ROS as part of their antimicrobial activity. However, excessive ROS production can cause tissue damage and contribute to the pathology of Chagas disease.Tissue Damage: Chronic infection withT. cruzican lead to tissue damage, particularly in organs such as the heart and gastrointestinal tract. Oxidative stress contributes to tissue injury by promoting lipid peroxidation, protein oxidation, and DNA damage, which can impair cellular function and exacerbate the progression of organ damage.Mitochondrial Dysfunction:T. cruziinfection can disrupt mitochondrial function in host cells, leading to mitochondrial oxidative stress. Mitochondria are a major source of ROS production, and dysfunction in these organelles can further exacerbate oxidative stress and cellular damage.Antioxidant Defense: The antioxidant defense mechanisms of the host play a critical role in mitigating oxidative stress and limiting tissue damage during Chagas disease. However, chronic infection and persistent oxidative stress may overwhelm these antioxidant defenses, leading to cumulative damage over time.Overall, oxidative stress is intricately involved in the pathogenesis of Chagas disease and contributes to tissue injury, inflammation, and organ dysfunction.",""
"Chronic Fatigue Syndrome","Chronic Fatigue SyndromeWhat is Myalgic Encephalomyelitis (ME)?Myalgic encephalomyelitis (ME), also known as chronic fatigue syndrome (CFS), is a complex and debilitating chronic illness characterized by profound fatigue that is not relieved by rest and is accompanied by a range of other symptoms. These symptoms can vary widely among individuals and may include:Severe fatigue: Fatigue that is persistent, overwhelming, and not alleviated by rest.Post-exertional malaise: Exacerbation of symptoms following physical or mental exertion, often lasting for days or weeks.Unrefreshing sleep: Despite spending extended periods in bed, individuals with ME/CFS may wake up feeling unrefreshed and exhausted.Cognitive dysfunction: Often referred to as “”brain fog,”” cognitive symptoms may include difficulties with concentration, memory, and processing information.Muscle and joint pain: Widespread muscle pain, joint pain, and headaches are common symptoms experienced by many individuals with ME/CFS.Orthostatic intolerance: Symptoms worsen upon standing, leading to dizziness, lightheadedness, and palpitations.Sensitivity to light and noise: Individuals with ME/CFS may be hypersensitive to light, noise, and other sensory stimuli.Gastrointestinal symptoms: Digestive issues such as nausea, bloating, and irritable bowel syndrome (IBS) are frequently reported.Immune dysfunction: Some individuals with ME/CFS experience recurrent infections and flu-like symptoms, suggesting underlying immune system abnormalities.Mood disturbances: Depression, anxiety, and other mood disorders are common comorbidities in individuals with ME/CFS.The exact cause of ME/CFS is not fully understood, and it is likely that multiple factors contribute to its development. Possible triggers or predisposing factors may include viral infections, immune dysfunction, hormonal imbalances, genetic predisposition, environmental factors, and psychological stressors.What is the relationship between ME/CFS and oxidative stress?The relationship between myalgic encephalomyelitis (ME), also known as chronic fatigue syndrome (CFS), and oxidative stress is an area of ongoing research, and while the precise mechanisms are not fully understood, there is evidence to suggest that oxidative stress may play a role in the pathophysiology of ME/CFS. Here’s how ME/CFS and oxidative stress are interconnected:Mitochondrial Dysfunction: Mitochondria are the powerhouse of the cell, responsible for generating energy in the form of adenosine triphosphate (ATP). Dysfunction of mitochondria has been implicated in ME/CFS, leading to impaired energy production and increased production of reactive oxygen species (ROS). Mitochondrial dysfunction may result from genetic factors, viral infections, immune dysregulation, or environmental toxins. Increased ROS production contributes to oxidative stress and cellular damage, exacerbating symptoms of fatigue and other symptoms associated with ME/CFS.Immune Activation: Immune dysregulation is a hallmark feature of ME/CFS, with evidence of chronic immune activation and inflammation. Immune cells, such as T cells, B cells, and macrophages, release pro-inflammatory cytokines and chemokines, which can stimulate the production of ROS and reactive nitrogen species (RNS) by activating the nicotinamide adenine dinucleotide phosphate (NADPH) oxidase enzyme complex. Chronic immune activation and oxidative stress may perpetuate a vicious cycle of inflammation and cellular damage in ME/CFS.Oxidative Damage: Increased levels of oxidative stress markers, such as lipid peroxidation products, protein carbonyls, and DNA damage, have been observed in individuals with ME/CFS. Oxidative damage to lipids, proteins, and nucleic acids can impair cellular function, disrupt signaling pathways, and contribute to mitochondrial dysfunction, inflammation, and neuroendocrine abnormalities associated with ME/CFS.Antioxidant Defenses: To counteract the harmful effects of oxidative stress, cells have antioxidant defense mechanisms that scavenge ROS and protect against oxidative damage. However, in ME/CFS, the balance between ROS production and antioxidant defenses may be disrupted, leading to oxidative stress overload. Reduced levels of antioxidants, such as glutathione, superoxide dismutase (SOD), catalase, and glutathione peroxidase, have been reported in individuals with ME/CFS, further exacerbating oxidative damage and cellular dysfunction.Symptom Severity: There is evidence to suggest that oxidative stress may correlate with symptom severity and disease progression in ME/CFS. Increased levels of oxidative stress markers have been associated with greater fatigue severity, cognitive dysfunction, pain, and functional impairment in individuals with ME/CFS.Overall, oxidative stress appears to be involved in the pathophysiology of ME/CFS and may contribute to the development and persistence of symptoms associated with the illness.",""
"Chronic Heart Failure","Chronic Heart FailureHydrogen Water and Chronic Heart Failure (CHF)What is chronic heart failure (CHF)?Chronic heart failure (CHF), also known simply as heart failure, is a medical condition in which the heart is unable to pump blood efficiently enough to meet the body’s needs. It is a progressive condition that develops over time and can have a significant impact on a person’s quality of life and overall health. Chronic heart failure is a common cardiovascular disorder and a leading cause of hospitalization and mortality worldwide.At its core, CHF is driven by oxidative stress, chronic inflammation, and mitochondrial dysfunction—all areas where hydrogen-rich water (HRW) shows therapeutic potential.Hydrogen Water for Chronic Heart Failure Patients:Lowers Oxidative StressIn heart failure, the heart is under constant mechanical and metabolic strain. This stress leads to excess production of harmful free radicals, particularly hydroxyl radicals and peroxynitrite. These molecules damage heart muscle cells and blood vessels, making the condition worse.Hydrogen water acts as a selective antioxidant, neutralizing these damaging species without disrupting essential signaling processes. This helps protect heart tissue from ongoing oxidative injury​​.Reduces Chronic InflammationInflammation is a major driver of heart failure progression. It stiffens the heart muscle, impairs vascular function, and leads to further damage over time. Elevated inflammatory markers like TNF-α and IL-6 are common in CHF patients.HRW has been shown to lower these inflammatory cytokines, helping reduce systemic and cardiac inflammation. This contributes to better heart function and may slow disease progression​​.Supports Mitochondrial FunctionThe heart is one of the most energy-demanding organs in the body. In CHF, mitochondria—the energy factories of the cells—are often impaired, leading to poor energy production and increased cell death.Hydrogen water helps stabilize mitochondrial membranes, improve ATP production, and reduce mitochondrial damage. This protects heart muscle cells and supports more efficient cardiac output​.Improves Vascular Function and CirculationHeart failure often leads to endothelial dysfunction, reducing blood flow to tissues. This contributes to common symptoms like cold limbs, dizziness, and cognitive fatigue.",""
"Chronic Kidney Disease","Chronic Kidney DiseaseHydrogen Water and Chronic Kidney Disease (CKD)Chronic kidney disease (CKD) is a progressive condition marked by long-term loss of kidney function, typically driven by oxidative stress, chronic inflammation, mitochondrial dysfunction, and fibrosis. These pathological forces damage the nephrons—the kidney’s filtration units—leading to sustained cellular stress and eventual organ failure.CKD is typically diagnosed based on a persistent decline in kidney function, as measured by a decrease in glomerular filtration rate (GFR) or the presence of kidney damage, such as proteinuria (presence of protein in the urine) or structural abnormalities detected on imaging",""
"Chronic Obstructive Pulmonary Disease","Chronic Obstructive Pulmonary DiseaseWhat is chronic obstructive pulmonary disease (COPD)?Chronic Obstructive Pulmonary Disease (COPD), also known as chronic lung disease, is a progressive lung disease characterized by chronic inflammation of the airways and irreversible airflow obstruction, making it difficult to breathe. COPD encompasses several conditions, including chronic bronchitis and emphysema, which often coexist and contribute to the overall disease presentation. Here’s a breakdown of the key components of COPD:Chronic Bronchitis: Chronic bronchitis is defined by persistent inflammation and irritation of the bronchial tubes (airways) in the lungs. This inflammation leads to increased production of mucus (sputum) and narrowing of the airways, which makes it difficult for air to flow in and out of the lungs. Symptoms of chronic bronchitis include a persistent cough that produces mucus, shortness of breath, wheezing, and chest tightness.Emphysema: Emphysema is characterized by damage to the alveoli (air sacs) in the lungs, causing them to lose their elasticity and become stretched out. This damage reduces the surface area available for gas exchange, leading to impaired oxygen uptake and carbon dioxide removal. Symptoms of emphysema include shortness of breath, especially with exertion, chronic cough, wheezing, and fatigue.Airflow Obstruction: In COPD, chronic inflammation and structural changes in the airways and lung tissue lead to airflow limitation, making it difficult for air to flow in and out of the lungs. This airflow obstruction is typically irreversible and worsens over time, resulting in progressive lung function decline. Airflow limitation contributes to symptoms such as shortness of breath, cough, and reduced exercise tolerance.What is the relationship between COPD and oxidative stress?Oxidative stress is integral to the pathogenesis and progression of COPD. Oxidative stress refers to an imbalance between the production of reactive oxygen species (ROS) and the body’s ability to neutralize them with antioxidants. In COPD, oxidative stress plays a significant role in causing inflammation, tissue damage, and progressive lung function decline. Here’s how COPD and oxidative stress are interrelated:Inflammatory Response: Chronic inflammation of the airways and lung tissue is a hallmark feature of COPD. In response to inhaled irritants, such as cigarette smoke, pollutants, and occupational dust, immune cells in the lungs release ROS as part of the inflammatory response. These ROS promote the activation of inflammatory pathways, recruit inflammatory cells (such as neutrophils and macrophages), and perpetuate the inflammatory cascade. Chronic inflammation in COPD leads to tissue damage, airway remodeling, and worsening of airflow limitation.Oxidative Damage: ROS generated during inflammation can directly damage cellular components, including lipids, proteins, and DNA, leading to oxidative stress-induced cellular injury. Oxidative damage to lung cells impairs their function, disrupts cellular signaling pathways, and promotes apoptosis (cell death). In COPD, oxidative damage contributes to airway epithelial cell dysfunction, mucus hypersecretion, and impairment of mucociliary clearance mechanisms, leading to airway obstruction and increased susceptibility to respiratory infections.Antioxidant Defenses: COPD is associated with dysregulation of antioxidant defense mechanisms, which further exacerbates oxidative stress. Antioxidants, such as superoxide dismutase (SOD), catalase, glutathione, and vitamin E, play a crucial role in neutralizing ROS and protecting lung cells from oxidative damage. However, in COPD, the antioxidant capacity of the lungs may be compromised due to depletion of antioxidants, decreased activity of antioxidant enzymes, or oxidative inactivation of antioxidants by cigarette smoke and other environmental pollutants.Mitochondrial Dysfunction: Mitochondria are major sources of ROS production within cells, and mitochondrial dysfunction is implicated in the pathogenesis of COPD. Oxidative stress-induced damage to mitochondrial DNA, proteins, and membranes impairs mitochondrial function and bioenergetics, leading to increased ROS production and cellular dysfunction. Mitochondrial dysfunction further exacerbates oxidative stress and inflammation in the lungs, contributing to lung injury and disease progression in COPD.Structural Changes: Oxidative stress contributes to structural changes in the airways and lung tissue in COPD, such as airway remodeling, fibrosis, and emphysematous destruction. ROS promote the activation of pro-fibrotic and pro-inflammatory signaling pathways, leading to collagen deposition, fibrosis, and airway wall thickening. Oxidative stress-induced lung tissue damage and emphysema are characterized by loss of alveolar integrity, airspace enlargement, and destruction of lung parenchyma.Overall, oxidative stress plays a central role in mediating inflammation, tissue damage, and progressive lung function decline in COPD.",""
"Cognitive Impairment","Cognitive ImpairmentWhat is cognitive impairment?Cognitive impairment refers to a condition where a person experiences difficulties with one or more cognitive functions, such as memory, attention, language, perception, problem-solving, or executive functions. These difficulties can range from mild to severe and can impact a person’s ability to perform daily activities and interact with others.There are many potential causes of cognitive impairment, including neurological conditions such as Alzheimer’s disease, Parkinson’s disease, multiple sclerosis, traumatic brain injury, stroke, brain tumors, infections, nutritional deficiencies, and substance abuse.What is the relationship between cognitive impairment and oxidative stress?Oxidative stress is a condition that occurs when there’s an imbalance between the production of free radicals (highly reactive molecules containing oxygen) and the body’s ability to neutralize them with antioxidants. This imbalance can lead to damage to cells, including those in the brain, and has been implicated in various neurodegenerative diseases and conditions, including cognitive impairment.The relationship between cognitive impairment and oxidative stress is complex and multifaceted:Brain Vulnerability: The brain is particularly vulnerable to oxidative stress due to its high metabolic rate, high oxygen consumption, and abundance of polyunsaturated fatty acids, making it more susceptible to oxidative damage.Neurodegenerative Diseases: Many neurodegenerative diseases, such as Alzheimer’s disease, Parkinson’s disease, and Huntington’s disease, are associated with increased oxidative stress. Oxidative damage to neurons and other brain cells contributes to the progression of these diseases and the cognitive impairment they cause.Mitochondrial Dysfunction: Mitochondria, the cell’s energy-producing organelles, are a major source of reactive oxygen species (ROS) and are particularly susceptible to oxidative damage. Mitochondrial dysfunction resulting from oxidative stress can impair cellular energy production and contribute to cognitive decline.Inflammation: Oxidative stress can also trigger inflammation in the brain, which further exacerbates neuronal damage and contributes to cognitive impairment. Chronic inflammation is a common feature of many neurodegenerative diseases and is closely intertwined with oxidative stress.Antioxidant Defense Mechanisms: The body has natural antioxidant defense mechanisms, including enzymes like superoxide dismutase, catalase, and glutathione peroxidase, as well as non-enzymatic antioxidants like vitamins C and E. However, in conditions of chronic oxidative stress or when antioxidant defenses are compromised, these mechanisms may be overwhelmed, leading to cellular damage and cognitive impairment.",""
"Colitis","ColitisWhat is colitis?Colitis refers to inflammation of the colon, which is also known as the large intestine. It is a condition that can cause various symptoms, including abdominal pain, diarrhea, rectal bleeding, and sometimes fever. There are several types of colitis, each with its own causes and characteristics:Ulcerative Colitis: This is a chronic inflammatory bowel disease (IBD) characterized by inflammation and ulcers in the inner lining of the colon and rectum. The exact cause of ulcerative colitis is unknown, but it is thought to involve a combination of genetic, environmental, and immune factors.Crohn’s Disease: While Crohn’s disease primarily affects the small intestine, it can also cause inflammation anywhere in the digestive tract, including the colon. Like ulcerative colitis, Crohn’s disease is characterized by chronic inflammation, but it can affect multiple layers of the intestinal wall and can lead to complications such as strictures (narrowing of the intestine) and fistulas (abnormal connections between organs).Ischemic Colitis: This type of colitis occurs when blood flow to the colon is reduced or blocked, leading to inflammation and damage to the intestinal tissue. Ischemic colitis can be caused by conditions such as atherosclerosis (narrowing of the arteries), blood clots, or low blood pressure.Infectious Colitis: Colitis can also be caused by infections, such as bacterial, viral, or parasitic infections. Common pathogens that can cause infectious colitis include Escherichia coli (E. coli), Salmonella, Shigella, Campylobacter, Clostridium difficile (C. difficile), and viruses like norovirus.Microscopic Colitis: This type of colitis is characterized by chronic, non-bloody diarrhea and inflammation that can only be seen under a microscope. There are two main subtypes of microscopic colitis: collagenous colitis and lymphocytic colitis.What is the relationship between colitis and oxidative stress?The relationship between colitis and oxidative stress is complex and multifaceted. Oxidative stress occurs when there’s an imbalance between the production of reactive oxygen species (ROS) and the body’s ability to neutralize them with antioxidants. In the context of colitis, oxidative stress plays a significant role in the pathogenesis and progression of the disease through several mechanisms:Inflammation: Inflammatory processes are closely linked to oxidative stress. In colitis, inflammation of the colon leads to the production of ROS by activated immune cells, such as neutrophils and macrophages. These ROS can cause damage to the intestinal epithelial cells, exacerbating inflammation and tissue injury.Intestinal Barrier Dysfunction: Oxidative stress can disrupt the integrity of the intestinal barrier, which normally acts as a protective barrier against harmful substances in the gut lumen. Increased ROS levels can impair tight junction proteins and mucin production, leading to increased intestinal permeability. This allows toxins, bacteria, and other pathogens to enter the underlying tissue, triggering and perpetuating inflammation in colitis.Immune Dysregulation: Oxidative stress can modulate immune responses in colitis by affecting the function of immune cells involved in the inflammatory process. ROS can activate signaling pathways that promote the recruitment and activation of immune cells, amplifying the inflammatory response. Additionally, oxidative stress can impair the function of regulatory T cells, which normally help maintain immune tolerance and prevent excessive inflammation.Antioxidant Defenses: In colitis, there is often a disruption in the balance between ROS production and antioxidant defenses. Antioxidant enzymes, such as superoxide dismutase, catalase, and glutathione peroxidase, help neutralize ROS and protect against oxidative damage. However, in the inflamed colon, the activity of these enzymes may be reduced, leading to increased oxidative stress and tissue injury.Tissue Damage and Repair: Chronic oxidative stress in colitis can lead to cumulative damage to the intestinal epithelium and underlying tissue. This impairs tissue repair mechanisms and can lead to the development of ulcers, strictures, and other complications associated with colitis.Overall, oxidative stress is a key contributor to the pathogenesis of colitis and plays a significant role in driving inflammation, tissue damage, and immune dysregulation in the colon.",""
"Coma","ComaWhat is coma?Coma is a state of prolonged unconsciousness in which a person appears to be asleep and is unresponsive to external stimuli, such as sounds, light, or touch. It is a profound state of unconsciousness that can result from various medical conditions or injuries affecting the brain’s function. Coma is often considered a medical emergency and requires immediate evaluation and treatment.During a coma, the person is unable to awaken or respond to their surroundings. They do not exhibit normal wakefulness or awareness and do not exhibit purposeful movements or responses to stimuli. Comatose individuals typically have their eyes closed and may exhibit abnormal patterns of breathing, such as irregular or shallow breathing.What is the relationship between coma and oxidative stress?The relationship between coma and oxidative stress is complex and multifactorial, as coma can result from various underlying medical conditions or injuries affecting the brain, many of which involve oxidative stress as a contributing factor. Here’s how coma and oxidative stress may be interrelated:Brain Injury: Coma often occurs as a result of severe brain injury, such as traumatic brain injury (TBI), stroke, or hypoxic-ischemic injury. In these conditions, the brain experiences a cascade of biochemical and cellular changes, including oxidative stress. Trauma or ischemia-reperfusion injury to brain tissue leads to the generation of reactive oxygen species (ROS) and reactive nitrogen species (RNS), causing oxidative damage to cellular components such as lipids, proteins, and DNA. Oxidative stress contributes to neuronal dysfunction, apoptosis (cell death), and inflammation, exacerbating brain injury and potentially leading to coma.Ischemia-Reperfusion Injury: In conditions such as stroke or cardiac arrest, the brain may be subjected to periods of reduced blood flow (ischemia) followed by restoration of blood flow (reperfusion). Ischemia-reperfusion injury triggers oxidative stress by promoting the generation of ROS during reperfusion, leading to oxidative damage to brain tissue. Oxidative stress-induced injury to neurons, glial cells, and the blood-brain barrier contributes to brain edema, inflammation, and neuronal dysfunction, which may culminate in coma.Metabolic Disorders: Certain metabolic disorders, such as diabetic ketoacidosis, liver failure, or kidney failure, can lead to coma due to systemic disturbances that affect brain function. Metabolic derangements disrupt cellular metabolism, impair mitochondrial function, and increase oxidative stress in the brain. Oxidative stress-induced damage to neurons and glial cells impairs neurotransmitter signaling, energy metabolism, and neuronal viability, contributing to loss of consciousness and coma.Inflammation: Inflammatory processes in the brain, such as those occurring in infectious or autoimmune encephalitis, can trigger oxidative stress and neuronal injury. Activation of microglia and infiltration of immune cells into the brain lead to the production of ROS and RNS as part of the immune response. Oxidative stress exacerbates neuroinflammation, neuronal damage, and disruption of neural circuits, potentially leading to coma.Seizures: Prolonged or status epilepticus seizures, which can result in coma, are associated with oxidative stress due to excessive neuronal activity and metabolic demands on the brain. Seizures trigger the release of excitatory neurotransmitters and calcium influx into neurons, leading to mitochondrial dysfunction and ROS production. Oxidative stress-mediated neuronal injury and synaptic dysfunction contribute to loss of consciousness and coma in severe seizures.Overall, oxidative stress is implicated in the pathogenesis of coma through its role in mediating brain injury, inflammation, and neuronal dysfunction in various underlying conditions.",""
"Concussion","ConcussionWhat is concussion?A concussion is a type of traumatic brain injury (TBI) that occurs when the brain is jolted or shaken within the skull, typically as a result of a blow to the head or a sudden acceleration or deceleration of the head. Concussions are commonly caused by sports injuries, motor vehicle accidents, falls, and physical assaults, among other causes.What is the relationship between concussion and oxidative stress?The relationship between concussion and oxidative stress is a topic of growing interest in the field of traumatic brain injury (TBI) research. Oxidative stress occurs when there’s an imbalance between the production of reactive oxygen species (ROS) and the body’s ability to neutralize them with antioxidants. Following a concussion, several factors can contribute to oxidative stress in the brain:Mitochondrial Dysfunction: Concussions can disrupt mitochondrial function in brain cells. Mitochondria are responsible for generating energy in cells, but they are also a significant source of ROS production. When mitochondria are damaged or dysfunctional due to a concussion, they may produce excessive amounts of ROS, contributing to oxidative stress.Inflammatory Response: Concussions trigger an inflammatory response in the brain, involving the activation of immune cells and the release of pro-inflammatory cytokines. While inflammation is a crucial part of the brain’s response to injury, it can also lead to the production of ROS by activated immune cells, exacerbating oxidative stress.Excitotoxicity: Following a concussion, there can be an increase in the release of excitatory neurotransmitters such as glutamate. Excessive glutamate release can lead to overactivation of glutamate receptors, resulting in calcium influx and the generation of ROS within neurons, contributing to oxidative stress.Blood-Brain Barrier Disruption: Concussions can cause damage to the blood-brain barrier, a specialized structure that regulates the passage of substances between the bloodstream and the brain. Disruption of the blood-brain barrier can allow entry of inflammatory cells and circulating toxins into the brain, further contributing to oxidative stress and inflammation.Antioxidant Defense Mechanisms: Following a concussion, there may be alterations in antioxidant defense mechanisms in the brain. Antioxidants help neutralize ROS and protect cells from oxidative damage. However, in the acute phase of concussion, antioxidant levels may be depleted, leaving the brain more vulnerable to oxidative stress.The consequences of oxidative stress following a concussion are not fully understood, but it is believed to contribute to secondary injury processes and neurodegenerative changes in the brain.",""
"Congenital Obstructive Nephropathy","Congenital Obstructive NephropathyWhat is Congenital Obstructive Nephropathy (CON)?Congenital obstructive nephropathy (CON), also known as congenital obstructive uropathy, refers to a group of congenital disorders characterized by blockages or obstructions in the urinary tract that impede the normal flow of urine from the kidneys to the bladder. These obstructions can occur at any point along the urinary tract, including the ureters (tubes that carry urine from the kidneys to the bladder), bladder, or urethra (tube that carries urine from the bladder out of the body).The obstruction can be caused by various factors, including anatomical abnormalities, such as narrowing or kinking of the urinary tract, abnormal development of the urinary system during fetal development, or the presence of abnormal structures or masses within the urinary tract.Congenital obstructive nephropathy can lead to several complications, including:Hydronephrosis: The blockage in the urinary tract can cause urine to accumulate and back up into the kidneys, leading to swelling and dilation of the renal pelvis and calyces, a condition known as hydronephrosis. This can put pressure on the kidney tissue and impair kidney function over time.Kidney damage: Prolonged obstruction and pressure on the kidneys can lead to damage to the kidney tissue and impair their ability to function properly. This can result in chronic kidney disease (CKD) or even kidney failure if left untreated.Urinary tract infections (UTIs): Urinary tract obstructions can increase the risk of urinary stasis and infections, as stagnant urine provides an ideal environment for bacterial growth. Recurrent UTIs can further damage the kidneys and contribute to complications.Hypertension (high blood pressure): Chronic kidney damage resulting from congenital obstructive nephropathy can lead to hypertension due to impaired regulation of blood pressure by the kidneys.Developmental delays: In severe cases, congenital obstructive nephropathy can affect overall growth and development, including delayed growth or failure to thrive in infants and children.What is the relationship between CON and oxidative stress?The relationship between congenital obstructive nephropathy (CON) and oxidative stress is complex and multifaceted. Oxidative stress occurs when there’s an imbalance between the production of reactive oxygen species (ROS) and the body’s ability to neutralize them with antioxidants. In the context of CON, several factors can contribute to oxidative stress:Ischemia-Reperfusion Injury: Obstructions in the urinary tract can lead to decreased blood flow to the kidneys, resulting in ischemia (lack of oxygen) in the affected kidney tissue. When blood flow is restored, either through spontaneous relief of the obstruction or surgical intervention, reperfusion of the tissue occurs. This ischemia-reperfusion process can lead to the generation of ROS and oxidative stress, contributing to tissue injury and inflammation.Inflammation: Obstructions in the urinary tract can trigger an inflammatory response in the kidneys, characterized by the recruitment of immune cells and the release of pro-inflammatory cytokines. Inflammatory processes are closely linked to oxidative stress, as activated immune cells produce ROS as part of their antimicrobial defense mechanisms. Chronic inflammation associated with CON can lead to sustained oxidative stress and tissue damage in the kidneys.Renal Fibrosis: Prolonged obstruction and inflammation in the kidneys can lead to the development of renal fibrosis, characterized by excessive deposition of extracellular matrix proteins and scarring of the renal tissue. Oxidative stress plays a key role in promoting renal fibrosis by activating pro-fibrotic signaling pathways and inducing cellular damage. The resulting fibrotic changes impair kidney function and exacerbate oxidative stress, creating a vicious cycle of injury and inflammation.Mitochondrial Dysfunction: Oxidative stress can impair mitochondrial function in kidney cells, leading to decreased energy production and increased ROS generation. Mitochondrial dysfunction further exacerbates oxidative stress and cellular damage in the kidneys, contributing to the progression of CON.Antioxidant Defenses: Chronic oxidative stress in CON can overwhelm the antioxidant defense mechanisms in the kidneys, leading to depletion of antioxidants and further exacerbation of oxidative damage. Decreased antioxidant capacity may impair the kidneys’ ability to protect against oxidative stress and mitigate tissue injury.Overall, oxidative stress is a prominent feature of CON and contributes to the pathogenesis and progression of kidney injury in this condition.",""
"Constipation","ConstipationWhat is constipation?Constipation is a common digestive problem characterized by infrequent bowel movements or difficulty passing stools. It can vary in severity and may involve symptoms such as straining during bowel movements, hard or lumpy stools, a sensation of incomplete evacuation, abdominal discomfort or bloating, and a decrease in bowel movements.What is the relationship between constipation and oxidative stress?The relationship between constipation and oxidative stress is an area of ongoing research, and while the precise mechanisms are not fully understood, several factors suggest a potential link between the two:Inflammation: Chronic constipation can lead to low-grade inflammation in the gastrointestinal tract, characterized by increased levels of pro-inflammatory cytokines and immune cell activation. Inflammation is closely associated with oxidative stress, as activated immune cells produce reactive oxygen species (ROS) as part of their defense mechanisms. This can result in oxidative damage to intestinal tissues and exacerbate inflammation, creating a cycle of oxidative stress and inflammation in the gut.Altered Gut Microbiota: Constipation can disrupt the balance of gut microbiota, leading to dysbiosis (an imbalance in the composition of gut bacteria). Dysbiosis is associated with increased production of ROS by certain bacterial species, as well as decreased production of beneficial metabolites with antioxidant properties, such as short-chain fatty acids. This imbalance in gut microbiota can contribute to oxidative stress and inflammation in the gut.Ischemia-Reperfusion Injury: In cases of severe or chronic constipation, prolonged fecal retention and buildup of fecal material in the colon can lead to ischemia (lack of blood flow) in the intestinal tissues. When blood flow is restored, either through spontaneous relief of constipation or medical intervention, reperfusion of the tissues occurs. This ischemia-reperfusion process can generate ROS and induce oxidative stress, contributing to tissue injury and inflammation in the gut.Decreased Antioxidant Defenses: Chronic constipation may be associated with decreased levels of antioxidants in the body, such as vitamins C and E, glutathione, and superoxide dismutase. Antioxidants play a crucial role in neutralizing ROS and protecting cells from oxidative damage. Decreased antioxidant defenses can exacerbate oxidative stress in the gut and contribute to tissue injury and inflammation.Mitochondrial Dysfunction: Constipation-related factors, such as inflammation, ischemia-reperfusion injury, and dysbiosis, can impair mitochondrial function in intestinal cells. Mitochondria are a major source of ROS production, and mitochondrial dysfunction can lead to increased ROS generation and oxidative stress in the gut.Overall, while more research is needed to fully elucidate the relationship between constipation and oxidative stress, emerging evidence suggests that oxidative stress may play a role in the pathophysiology of constipation and its associated complications.",""
"Corneal Injury","Corneal InjuryWhat is corneal injury?Corneal injury refers to damage or trauma to the cornea, which is the transparent, dome-shaped outer layer of the eye that covers the iris and pupil. The cornea plays a crucial role in focusing light onto the retina and protecting the inner structures of the eye.Corneal injuries can occur due to various causes, including:Mechanical Trauma: Mechanical injuries to the cornea can result from foreign objects entering the eye, such as dust, sand, metal fragments, or contact lenses. Scratches, abrasions, or cuts on the corneal surface can cause pain, redness, tearing, and blurred vision.Chemical Exposure: Exposure to chemicals, such as acids, alkalis, solvents, or household cleaners, can cause chemical burns or irritation to the cornea. Chemical injuries can lead to severe pain, inflammation, corneal ulceration, and potentially permanent damage to the eye if not promptly treated.Thermal Injury: Thermal injuries to the cornea can occur due to exposure to extreme heat or cold. For example, exposure to hot steam, flames, or welding arcs can cause thermal burns to the cornea, resulting in pain, redness, and vision changes.Ultraviolet (UV) Radiation: Prolonged exposure to ultraviolet (UV) radiation from sunlight or artificial sources, such as tanning beds or welding arcs, can damage the cornea and surrounding eye structures. UV-related corneal injuries can lead to photokeratitis (sunburn of the cornea), inflammation, and temporary vision loss.Infection: Bacterial, viral, or fungal infections of the cornea, such as bacterial keratitis or viral keratitis (e.g., herpes simplex keratitis), can cause inflammation, ulceration, and scarring of the corneal tissue. Infections can result from contact lens wear, eye trauma, or compromised immune function.Foreign Bodies: Foreign bodies trapped under the eyelid or embedded in the cornea can cause corneal abrasions, irritation, and discomfort. Prompt removal of the foreign body is necessary to prevent further damage to the cornea and reduce the risk of infection.What is the relationship between corneal injury and oxidative stress?Oxidative stress plays a crucial role in mediating the cellular damage and inflammation associated with corneal injuries. When the cornea is injured or exposed to various harmful stimuli, such as mechanical trauma, chemical exposure, or infection, oxidative stress can occur due to the imbalance between the production of reactive oxygen species (ROS) and the ability of antioxidant defense mechanisms to neutralize them. Here’s how corneal injury and oxidative stress are interrelated:Inflammation: Corneal injury triggers an inflammatory response characterized by the release of pro-inflammatory cytokines, chemokines, and inflammatory mediators. Activation of immune cells, such as neutrophils, macrophages, and dendritic cells, leads to the production of ROS and reactive nitrogen species (RNS) as part of the host defense mechanism. ROS serve as signaling molecules that amplify the inflammatory cascade and recruit additional immune cells to the site of injury. However, excessive ROS production can overwhelm antioxidant defenses and exacerbate inflammation, leading to tissue damage and delayed wound healing.Epithelial Dysfunction: The corneal epithelium, the outermost layer of the cornea, serves as a protective barrier against environmental insults and microbial invasion. Corneal injury disrupts the integrity of the epithelial barrier and exposes underlying stromal tissue to oxidative stress. ROS generated during corneal injury induce oxidative damage to epithelial cells, leading to cell death, loss of cell junctions, and impaired epithelial regeneration. Oxidative stress-mediated epithelial dysfunction compromises the cornea’s ability to repair and regenerate, prolonging the healing process and increasing susceptibility to infection.Stromal Remodeling: The corneal stroma, the middle layer of the cornea, provides structural support and transparency to the tissue. Corneal injury can induce stromal remodeling characterized by collagen degradation, fibroblast activation, and extracellular matrix remodeling. ROS generated by activated fibroblasts and infiltrating immune cells contribute to oxidative modifications of collagen fibers and matrix proteins, leading to impaired stromal architecture and corneal opacity. Oxidative stress-mediated stromal remodeling can compromise corneal transparency and visual acuity, resulting in long-term vision impairment.Neovascularization: Corneal injury and inflammation can stimulate the growth of new blood vessels (neovascularization) into the cornea, which compromises its optical clarity and visual function. ROS generated during corneal injury promote angiogenesis by inducing the expression of angiogenic factors, such as vascular endothelial growth factor (VEGF) and fibroblast growth factor (FGF). Excessive angiogenesis in the cornea exacerbates inflammation, impairs wound healing, and increases the risk of corneal scarring and vision loss.Endothelial Dysfunction: The corneal endothelium, the innermost layer of the cornea, maintains corneal transparency by regulating corneal hydration and deterring stromal swelling. Corneal injury and oxidative stress can impair endothelial function, leading to endothelial cell loss, corneal edema, and endothelial dysfunction. ROS-induced endothelial damage compromises pump function and barrier integrity, resulting in corneal decompensation and visual disturbances.Overall, oxidative stress plays a critical role in mediating cellular damage, inflammation, and tissue remodeling in response to corneal injury.",""
"Cosmetic Skin Issues","Cosmetic Skin IssuesWhat are cosmetic skin issues?Cosmetic skin issues refer to various conditions or concerns that affect the appearance of the skin and are often considered primarily aesthetic or cosmetic in nature. While these conditions may not necessarily pose significant health risks, they can impact a person’s self-esteem, confidence, and quality of life. Cosmetic skin issues can affect individuals of all ages, genders, and skin types and may include:Acne: Acne is a common skin condition characterized by the presence of pimples, blackheads, whiteheads, and cysts on the face, neck, chest, back, or shoulders. It occurs when hair follicles become clogged with oil, dead skin cells, and bacteria, leading to inflammation and the formation of lesions.Hyperpigmentation: Hyperpigmentation refers to darkening or discoloration of the skin caused by excess melanin production. Common types of hyperpigmentation include sunspots, melasma (hyperpigmentation patches), and post-inflammatory hyperpigmentation (dark spots left behind after acne or other skin injuries).Hypopigmentation: Hypopigmentation refers to lightening or loss of skin color due to decreased melanin production or melanocyte dysfunction. Conditions such as vitiligo, albinism, and certain types of fungal infections can cause hypopigmentation patches on the skin.Scarring: Scarring occurs when the skin is damaged, such as from wounds, burns, acne, or surgical procedures, and heals with visible marks or indentations. Types of scars include atrophic scars (depressed or pitted scars), hypertrophic scars (raised and thickened scars), and keloid scars (raised, red, and overgrown scars).Fine Lines and Wrinkles: Fine lines and wrinkles are natural signs of aging that occur as the skin loses elasticity and collagen over time. Factors such as sun exposure, smoking, repetitive facial movements, and genetics can accelerate the development of wrinkles, particularly around the eyes, forehead, and mouth.Enlarged Pores: Enlarged pores are common cosmetic concerns characterized by visible and dilated openings in the skin’s surface. Enlarged pores can be caused by excess oil production, age-related changes in skin texture, and genetic predisposition.Uneven Texture: Uneven skin texture refers to rough, bumpy, or irregular skin surface that lacks smoothness and uniformity. Causes of uneven texture include dryness, dehydration, sun damage, acne scarring, and loss of collagen and elastin.Dullness: Dull skin lacks radiance, brightness, and healthy glow and may appear lackluster or tired. Factors contributing to dullness include dehydration, poor skincare habits, sun exposure, environmental pollutants, and aging.Under-eye Circles: Under-eye circles, also known as dark circles or periorbital hyperpigmentation, are dark discolorations or shadows that appear under the eyes. Under-eye circles can be caused by factors such as genetics, thinning skin, poor sleep, allergies, and lifestyle habits.Redness and Sensitivity: Redness and sensitivity of the skin can result from conditions such as rosacea, eczema, contact dermatitis, or allergic reactions. Redness may manifest as flushing, persistent redness, or visible blood vessels on the skin.What is the relationship between cosmetic skin issues and oxidative stress?Oxidative stress plays a key role in the pathogenesis and progression of various skin conditions that affect appearance. Here’s how cosmetic skin issues and oxidative stress are interrelated:Aging: Oxidative stress is a major contributor to skin aging, leading to the formation of fine lines, wrinkles, and loss of elasticity. Reactive oxygen species (ROS) generated from environmental factors such as UV radiation, pollution, and smoking can damage skin cells, including fibroblasts, which produce collagen and elastin. This oxidative damage to collagen and elastin fibers contributes to the breakdown of skin structure, resulting in wrinkles and sagging skin associated with aging.Hyperpigmentation: Oxidative stress can stimulate melanin production in the skin, leading to hyperpigmentation conditions such as sunspots, melasma, and post-inflammatory hyperpigmentation. ROS generated by UV exposure or inflammation can activate melanocytes, the pigment-producing cells in the skin, causing them to produce excess melanin. This results in the formation of dark spots or patches on the skin’s surface.Scarring: Oxidative stress can impair the skin’s ability to heal properly, leading to abnormal scar formation. Excessive ROS production at the site of injury can prolong inflammation and delay the remodeling phase of wound healing, resulting in the formation of hypertrophic scars, keloids, or atrophic scars. Oxidative stress-induced damage to collagen and extracellular matrix components can also contribute to scar tissue formation and altered skin texture.Inflammation: Oxidative stress is closely linked to inflammation in the skin, which can exacerbate various cosmetic skin issues such as acne, redness, and sensitivity. ROS generated by factors such as UV exposure, pollution, and microbial infections can activate inflammatory pathways and stimulate the release of pro-inflammatory cytokines and chemokines. Chronic inflammation in the skin disrupts normal cellular functions, impairs barrier function, and exacerbates skin conditions characterized by redness, swelling, and discomfort.Dullness: Oxidative stress can contribute to skin dullness by impairing cellular metabolism and energy production. ROS generated within skin cells can damage mitochondria, the cellular powerhouses responsible for producing ATP (adenosine triphosphate). Reduced ATP production leads to decreased cellular turnover, impaired skin renewal, and accumulation of dead skin cells on the skin’s surface, resulting in a dull and lackluster complexion.Dehydration and Sensitivity: Oxidative stress can compromise the skin’s natural barrier function, leading to increased transepidermal water loss (TEWL) and dehydration. ROS-induced lipid peroxidation and damage to skin lipids, such as ceramides and fatty acids, can disrupt the skin barrier, making it more susceptible to external irritants, allergens, and environmental pollutants. This can result in skin sensitivity, redness, and irritation, exacerbating cosmetic skin issues.Overall, oxidative stress plays a significant role in the development and exacerbation of cosmetic skin issues by promoting inflammation, collagen degradation, melanin production, and impaired wound healing.",""
"Dehydration","DehydrationWhat is dehydration?Dehydration is a condition that occurs when the body loses more fluids than it takes in, leading to an imbalance in the body’s water content. Water is essential for various bodily functions, including regulating body temperature, transporting nutrients and oxygen to cells, removing waste products, and lubricating joints. When the body becomes dehydrated, it can disrupt these functions and lead to various symptoms and health complications.Dehydration can occur for several reasons, including:Inadequate Fluid Intake: Not drinking enough fluids, especially during hot weather or physical activity, can lead to dehydration. Certain factors, such as forgetfulness, lack of access to clean drinking water, or reduced thirst sensation (common in older adults), can contribute to inadequate fluid intake.Excessive Fluid Loss: Excessive sweating, vomiting, diarrhea, or urination can lead to significant fluid loss and dehydration. These conditions may occur due to illness, fever, intense physical activity, or certain medications that increase urine output.Environmental Factors: Environmental conditions, such as high temperatures, low humidity, or altitude, can increase fluid loss through sweating and respiratory evaporation, leading to dehydration if adequate hydration is not maintained.Medical Conditions: Certain medical conditions, such as diabetes, kidney disease, adrenal insufficiency, or gastrointestinal disorders, can increase the risk of dehydration due to fluid imbalance, impaired fluid regulation, or excessive fluid loss.Alcohol and Caffeine Consumption: Alcohol and caffeine are diuretics, meaning they increase urine production and can lead to dehydration if consumed in large quantities without adequate fluid intake.What is the relationship between dehydration and oxidative stress?The relationship between dehydration and oxidative stress is closely intertwined, as dehydration can lead to increased production of reactive oxygen species (ROS) and oxidative damage in the body. Here’s how dehydration and oxidative stress are interconnected:Reduced Antioxidant Defense: Dehydration can compromise the body’s antioxidant defense mechanisms, which normally help neutralize ROS and protect cells from oxidative damage. Antioxidants, such as vitamins C and E, glutathione, and various enzymes (e.g., superoxide dismutase, catalase), play a crucial role in scavenging ROS and maintaining cellular redox balance. However, dehydration-induced changes in blood volume and electrolyte balance can impair antioxidant enzyme activity and reduce the availability of antioxidants, making cells more susceptible to oxidative stress.Increased ROS Production: Dehydration can stimulate the production of ROS through various mechanisms. One major source of ROS production during dehydration is mitochondrial dysfunction, which occurs when cells lack adequate hydration to maintain optimal mitochondrial function. Dehydration-induced alterations in cellular metabolism, such as reduced ATP production and increased electron leakage from the electron transport chain, can lead to excessive ROS generation within mitochondria. Additionally, dehydration-induced oxidative stress can activate signaling pathways (such as NF-κB and MAPK) that promote ROS production and inflammation in response to cellular stress.Oxidative Damage to Cells and Tissues: Excessive ROS production during dehydration can cause oxidative damage to cellular components, including lipids, proteins, and DNA. Lipid peroxidation, the process by which ROS attack and degrade cell membrane lipids, can disrupt membrane integrity and impair cellular function. Oxidative modification of proteins can alter their structure and function, leading to enzyme inactivation, impaired signaling pathways, and cellular dysfunction. DNA damage caused by oxidative stress can lead to mutations, chromosomal aberrations, and cell death. Collectively, oxidative damage to cells and tissues contributes to the pathogenesis of various dehydration-related conditions, including kidney injury, cardiovascular dysfunction, and neurological impairment.Inflammation and Tissue Injury: Dehydration-induced oxidative stress can trigger inflammatory responses in the body, leading to tissue injury and dysfunction. ROS serve as signaling molecules that activate pro-inflammatory pathways and promote the expression of inflammatory cytokines, chemokines, and adhesion molecules. Inflammatory cells recruited to the site of tissue injury, such as neutrophils and macrophages, can further exacerbate oxidative stress by producing ROS and releasing pro-inflammatory mediators. Chronic inflammation and tissue injury associated with dehydration-induced oxidative stress contribute to the development and progression of various chronic diseases, such as cardiovascular disease, metabolic syndrome, and neurodegenerative disorders.Overall, dehydration can induce oxidative stress in the body through multiple mechanisms, leading to cellular damage, inflammation, and tissue injury.",""
"Dementia","DementiaDementiaand Hydrogen Water – Hydrogen Treatments and Therapy ResearchDementia is a general term used to describe a group of symptoms associated with a decline in cognitive function severe enough to interfere with daily life and activities. It is not a specific disease but rather a set of symptoms that can result from various underlying conditions or diseases affecting the brain. Dementia is characterized by progressive impairment in memory, thinking, communication, judgment, and ability to perform everyday tasks.The most common type of dementia is Alzheimer’s disease, accounting for approximately 60-80% of cases. Other types of dementia include vascular dementia, Lewy body dementia, frontotemporal dementia, and mixed dementia (a combination of two or more types). Each type of dementia is associated with distinct patterns of cognitive decline, underlying brain changes, and clinical features.What is the relationship between dementia and oxidative stress?Oxidative stress is believed to play a significant role in the pathogenesis and progression of various types of dementia. Here’s how dementia and oxidative stress are interconnected:Neurodegenerative Processes: Many types of dementia, including Alzheimer’s disease, Parkinson’s disease dementia, and frontotemporal dementia, are characterized by progressive neurodegeneration—the gradual loss of neurons and synapses in the brain. Oxidative stress is implicated in the neurodegenerative processes underlying dementia, contributing to the accumulation of abnormal protein aggregates (such as beta-amyloid plaques and tau tangles in Alzheimer’s disease) and neuronal dysfunction. Reactive oxygen species (ROS) generated during oxidative stress can damage cellular components, disrupt neuronal signaling, and trigger inflammatory responses, leading to neuronal injury and death.Mitochondrial Dysfunction: Oxidative stress can impair mitochondrial function, the cellular organelles responsible for energy production (ATP synthesis) and regulation of cellular metabolism. Mitochondrial dysfunction is a common feature of neurodegenerative diseases and is believed to contribute to neuronal degeneration and cognitive decline in dementia. Excessive ROS production within mitochondria can damage mitochondrial DNA, proteins, and lipids, leading to impaired ATP production, energy depletion, and increased oxidative stress, creating a vicious cycle of mitochondrial dysfunction and oxidative damage.Inflammation and Glial Activation: Oxidative stress can trigger inflammatory responses in the brain, characterized by the activation of microglia (the brain’s immune cells) and astrocytes (support cells). Chronic neuroinflammation is a prominent feature of dementia and is believed to exacerbate neuronal injury and cognitive decline. Reactive oxygen species generated during oxidative stress can activate inflammatory signaling pathways and promote the release of pro-inflammatory cytokines, chemokines, and reactive nitrogen species (RNS), leading to sustained inflammation, synaptic dysfunction, and neurotoxicity.Blood-Brain Barrier Dysfunction: Oxidative stress can compromise the integrity of the blood-brain barrier (BBB), a specialized barrier that regulates the passage of molecules between the bloodstream and the brain. Disruption of the BBB allows entry of circulating toxins, inflammatory mediators, and immune cells into the brain, exacerbating neuroinflammation and neuronal damage in dementia. Oxidative stress-induced damage to endothelial cells, tight junction proteins, and basement membrane components of the BBB can impair barrier function and promote neurodegeneration.Lipid Peroxidation and Oxidative Damage: Oxidative stress can induce lipid peroxidation, the process by which ROS attack and degrade cell membrane lipids, leading to the formation of toxic lipid peroxidation products (such as 4-hydroxynonenal and malondialdehyde). Lipid peroxidation products can damage neuronal membranes, alter membrane fluidity, and disrupt cellular signaling pathways, contributing to neuronal dysfunction and cognitive impairment in dementia.Overall, oxidative stress is believed to contribute to the pathogenesis and progression of dementia through its role in neurodegeneration, mitochondrial dysfunction, inflammation, BBB dysfunction, and oxidative damage.",""
"Dentin Integrity","Dentin IntegrityWhat is dentin integrity?Dentin is a hard tissue found beneath the enamel and cementum in teeth. It makes up the majority of the tooth structure and serves as the main support for the enamel, which covers the crown of the tooth, and the cementum, which covers the root of the tooth.Dentin is a yellowish-white substance that is harder than bone but not as hard as enamel. It consists of microscopic tubules filled with fluid and cellular processes called odontoblasts, which are specialized cells responsible for producing dentin throughout a person’s life.The primary function of dentin is to provide support and protection to the tooth’s delicate pulp, which contains nerves, blood vessels, and connective tissue. Dentin also helps to transmit sensory stimuli, such as temperature changes or pressure, from the tooth’s surface to the pulp, where they are interpreted by the nervous system.When enamel wears away or is damaged, dentin becomes exposed, leading to increased sensitivity to hot, cold, or sweet foods and drinks. Dentin can also be affected by tooth decay, erosion, or trauma, resulting in cavities, cracks, or discoloration of the tooth. Treatment for dentin-related issues may include dental fillings, crowns, or other restorative procedures to repair and protect the tooth structure.What is the relationship between dentin integrity and oxidative stress?The relationship between dentin integrity and oxidative stress is not as direct as it is in other tissues of the body, but oxidative stress can still play a role in the health of the dentin and overall dental health. Here’s how:Dental Caries (Tooth Decay): Oxidative stress can contribute to the development of dental caries, also known as tooth decay. When bacteria in the mouth metabolize sugars from food, they produce acids that can erode the enamel, the protective outer layer of the tooth. If left untreated, this erosion can progress through the enamel and reach the dentin layer, leading to the formation of cavities. Oxidative stress can exacerbate this process by promoting inflammation and weakening the tooth structure, making it more susceptible to decay.Dentin Sensitivity: Dentin hypersensitivity occurs when the protective enamel layer is compromised, exposing the dentin beneath. Dentin contains microscopic tubules that connect to the nerves in the pulp of the tooth. When dentin is exposed to external stimuli such as hot, cold, or sweet foods and drinks, these sensations can be transmitted through the tubules to the nerves, resulting in pain or sensitivity. Oxidative stress can contribute to dentin sensitivity by increasing inflammation and compromising the integrity of the dentin tubules, making them more permeable to external stimuli.Pulpitis (Inflammation of the Pulp): In severe cases, oxidative stress and inflammation can extend beyond the dentin and affect the pulp of the tooth, leading to a condition known as pulpitis. Pulpitis can cause severe tooth pain, sensitivity, and swelling and may require root canal therapy to remove the infected or inflamed pulp tissue. Oxidative stress can exacerbate pulpitis by promoting inflammation and oxidative damage within the pulp, further compromising the tooth’s health and integrity.Dental Restorations: Dental restorations such as fillings, crowns, and bridges are commonly used to repair and restore damaged or decayed teeth. However, oxidative stress can impact the longevity and integrity of these restorations by promoting corrosion, degradation, or failure of the materials used. For example, oxidative stress can accelerate the breakdown of composite resin fillings or weaken the bond between the restoration and the tooth structure, leading to recurrent decay or dislodgement of the restoration.Overall, while the direct relationship between dentin integrity and oxidative stress may not be as pronounced as in other tissues, oxidative stress can still impact dental health by contributing to tooth decay, dentin sensitivity, inflammation, and the integrity of dental restorations.",""
"Depression","DepressionDepressionand Hydrogen Water – Hydrogen Treatments and Therapy ResearchDepression is a common and serious mental health condition characterized by persistent feelings of sadness, hopelessness, and a loss of interest or pleasure in activities that were once enjoyable. It can affect how you feel, think, and handle daily activities, and it can interfere with your ability to function normally.Depression can be triggered by a combination of genetic, biological, environmental, and psychological factors. It can occur at any age, but it often first appears during adolescence or young adulthood. Certain risk factors, such as a family history of depression, traumatic life events, chronic illness, or substance abuse, can increase the likelihood of developing depression.What is the relationship between depression and oxidative stress?The relationship between depression and oxidative stress is complex and bidirectional. Oxidative stress occurs when there’s an imbalance between the production of reactive oxygen species (ROS) and the body’s ability to neutralize them with antioxidants. Several factors suggest a potential link between depression and oxidative stress:Inflammation: Depression is associated with increased inflammation in the body, as evidenced by elevated levels of pro-inflammatory cytokines and markers of inflammation in individuals with depression. Inflammatory processes are closely linked to oxidative stress, as activated immune cells produce ROS as part of their defense mechanisms. Chronic inflammation associated with depression can lead to sustained oxidative stress and cellular damage in the brain and other organs.Neurotransmitter Dysfunction: Imbalances in neurotransmitters such as serotonin, dopamine, and norepinephrine are implicated in the pathophysiology of depression. Oxidative stress can impair the function of neurotransmitter systems in the brain by damaging neuronal cells and disrupting signaling pathways. Conversely, alterations in neurotransmitter function can also contribute to oxidative stress by affecting cellular metabolism and energy production.Mitochondrial Dysfunction: Mitochondria are the primary source of ROS production in cells and play a crucial role in cellular energy metabolism. Dysfunction of mitochondria, such as impaired electron transport chain function or reduced antioxidant defenses, can lead to increased ROS generation and oxidative stress. Depression is associated with mitochondrial dysfunction in the brain and peripheral tissues, which may contribute to the development and progression of depressive symptoms.Stress Response: Chronic stress is a major risk factor for depression and is associated with dysregulation of the hypothalamic-pituitary-adrenal (HPA) axis, which controls the body’s stress response. Prolonged activation of the HPA axis can lead to increased production of cortisol and other stress hormones, which can induce oxidative stress and damage cellular structures in the brain and other organs.Antioxidant Defenses: Depression is associated with decreased levels of antioxidants in the body, such as vitamins C and E, glutathione, and superoxide dismutase. Antioxidants help neutralize ROS and protect cells from oxidative damage. Decreased antioxidant defenses in individuals with depression may exacerbate oxidative stress and contribute to the pathophysiology of the disorder.Overall, oxidative stress is thought to play a significant role in the development and progression of depression by contributing to neuronal damage, inflammation, neurotransmitter dysfunction, and mitochondrial impairment.",""
"Dermatitis","DermatitisWhat is dermatitis?Dermatitis is a general term used to describe inflammation of the skin. It encompasses a range of skin conditions characterized by redness, itching, swelling, and sometimes blistering or flaking of the skin. Dermatitis can occur anywhere on the body and may be acute (short-term) or chronic (long-term). There are several types of dermatitis, each with its own causes and symptoms. Some common types of dermatitis include:Atopic Dermatitis (Eczema): Atopic dermatitis, often referred to as eczema, is a chronic inflammatory skin condition characterized by dry, itchy, and inflamed patches of skin. It typically begins in infancy or childhood and may persist into adulthood. People with atopic dermatitis may experience flare-ups triggered by factors such as allergens, irritants, stress, or changes in weather.Contact Dermatitis: Contact dermatitis occurs when the skin comes into contact with a substance that irritates or triggers an allergic reaction. There are two main types of contact dermatitis: irritant contact dermatitis, which occurs when the skin is exposed to irritants such as harsh chemicals or detergents, and allergic contact dermatitis, which occurs when the skin develops an allergic reaction to a specific substance, such as latex, nickel, or certain cosmetics.Seborrheic Dermatitis: Seborrheic dermatitis is a common chronic inflammatory skin condition characterized by red, greasy, and scaly patches of skin, particularly on areas of the body with a high density of oil glands, such as the scalp, face, and upper chest. It may be associated with factors such as hormonal changes, stress, or the overgrowth of yeast on the skin.Nummular Dermatitis: Nummular dermatitis, also known as discoid eczema, is a chronic inflammatory skin condition characterized by coin-shaped patches of red, itchy, and scaly skin. It may be triggered by factors such as dry skin, irritants, or allergic reactions.Dermatitis Herpetiformis: Dermatitis herpetiformis is a chronic inflammatory skin condition characterized by intensely itchy and blistering skin lesions, often occurring in symmetrical patterns on the elbows, knees, buttocks, and scalp. It is associated with an autoimmune reaction to gluten ingestion in individuals with celiac disease.What is the relationship between dermatitis and oxidative stress?The relationship between dermatitis and oxidative stress is multifaceted, as oxidative stress can both contribute to the development of dermatitis and exacerbate its symptoms. Here’s how oxidative stress influences dermatitis:Inflammation: Oxidative stress can induce and perpetuate inflammation in the skin, which is a hallmark feature of dermatitis. Reactive oxygen species (ROS) generated during oxidative stress can activate inflammatory pathways and stimulate the production of pro-inflammatory cytokines, chemokines, and inflammatory mediators in the skin. This inflammatory response leads to redness, swelling, itching, and other symptoms characteristic of dermatitis.Skin Barrier Dysfunction: Oxidative stress can impair the function of the skin barrier, which plays a crucial role in protecting the skin from external irritants, allergens, and pathogens. ROS can damage lipids, proteins, and DNA in the skin cells, including keratinocytes, which are essential for maintaining the integrity of the skin barrier. Disruption of the skin barrier function can increase susceptibility to irritants, allergens, and microbial infections, exacerbating dermatitis symptoms and promoting disease progression.Oxidative Damage to Skin Cells: Oxidative stress can cause oxidative damage to various components of skin cells, including lipids, proteins, and DNA. Lipid peroxidation, the process by which ROS attack and degrade cell membrane lipids, can disrupt the structure and function of cell membranes, leading to increased permeability and loss of cellular integrity. Oxidative damage to proteins and DNA can impair cellular function, interfere with cell signaling pathways, and promote cell death or dysfunction, contributing to the pathogenesis of dermatitis.Impaired Antioxidant Defenses: Antioxidants play a critical role in neutralizing ROS and protecting the skin from oxidative damage. However, oxidative stress can overwhelm the antioxidant defense mechanisms in the skin, leading to a state of antioxidant imbalance. Depletion of antioxidants such as vitamins C and E, glutathione, and superoxide dismutase can further exacerbate oxidative stress and inflammation in the skin, exacerbating dermatitis symptoms.Chronicity and Recurrence: Oxidative stress can contribute to the chronicity and recurrence of dermatitis by promoting tissue damage, inflammation, and immune dysregulation in the skin. Chronic exposure to oxidative stressors, such as UV radiation, pollutants, or psychological stress, can exacerbate dermatitis symptoms and prolong the duration of flare-ups. Oxidative stress-induced alterations in immune function and skin barrier integrity may also contribute to the persistence and recurrence of dermatitis over time.Overall, oxidative stress plays a significant role in the pathogenesis and exacerbation of dermatitis by promoting inflammation, impairing skin barrier function, causing oxidative damage to skin cells, and disrupting antioxidant defenses.",""
"Dermatophagoides farinae exposure","Dermatophagoides farinae exposureWhat isDermatophagoides farinaeexposure?Dermatophagoides farinaeis a species of dust mite commonly found in household dust. These microscopic arthropods thrive in warm, humid environments and feed on organic matter such as human skin flakes, pet dander, and mold spores. WhileDermatophagoides farinaeitself does not directly infect humans, exposure to its allergenic proteins can trigger allergic reactions in susceptible individuals, leading to a condition known as dust mite allergy or sensitization.Dust mite allergy is particularly common in regions with temperate climates and is a significant trigger for allergic respiratory diseases such as allergic rhinitis and asthma. Sensitization to dust mites typically occurs through repeated exposure to allergenic proteins present in dust mite feces, which are dispersed into the air and inhaled or come into contact with the skin.What is the relationship betweenDermatophagoides farinaeexposure and oxidative stress?Dermatophagoides farinaeinfection itself does not directly induce oxidative stress. However, the allergenic proteins found in the feces and body fragments of dust mites likeDermatophagoides farinaecan trigger allergic reactions in susceptible individuals, leading to inflammation and immune responses in the respiratory tract and skin. These allergic responses can indirectly contribute to oxidative stress through several mechanisms:Inflammatory Response: Allergic reactions to dust mite allergens involve the activation of immune cells and the release of pro-inflammatory mediators, such as cytokines and chemokines. Chronic inflammation can lead to the production of reactive oxygen species (ROS) by activated immune cells, contributing to oxidative stress in the affected tissues.Airway Remodeling: Prolonged exposure to dust mite allergens can lead to structural changes in the airways, a process known as airway remodeling. Airway remodeling is characterized by increased airway smooth muscle mass, collagen deposition, and mucus production. These changes can impair lung function and exacerbate respiratory symptoms in individuals with allergic respiratory diseases such as asthma. Oxidative stress has been implicated in airway remodeling processes, contributing to tissue injury and fibrosis in the airways.Oxidative Damage: Allergic inflammation and oxidative stress can lead to damage to respiratory epithelial cells and bronchial tissues. ROS can directly damage cellular components such as lipids, proteins, and DNA, leading to oxidative damage and cell dysfunction. This can exacerbate airway inflammation and contribute to the pathogenesis of allergic respiratory diseases.Antioxidant Defenses: Allergic inflammation and oxidative stress can deplete antioxidant defenses in the respiratory tract. Antioxidants play a crucial role in neutralizing ROS and protecting cells from oxidative damage. Decreased antioxidant levels or activity in the airways may exacerbate oxidative stress and contribute to the persistence of allergic inflammation.Overall, whileDermatophagoides farinaeinfection itself does not directly induce oxidative stress, allergic reactions to dust mite allergens can trigger inflammatory responses that contribute to oxidative stress in the respiratory tract.",""
"Diabetes (Type I)","Diabetes (Type I)What is Type 1 diabetes?Type 1 diabetes, also known as insulin-dependent diabetes mellitus (IDDM) or juvenile diabetes, is a chronic autoimmune condition characterized by the destruction of insulin-producing beta cells in the pancreas. In individuals with type 1 diabetes, the immune system mistakenly targets and attacks the beta cells in the pancreas, leading to a deficiency of insulin, a hormone that regulates blood sugar levels.Insulin is essential for transporting glucose (sugar) from the bloodstream into cells to be used as energy or stored for future use. Without enough insulin, glucose builds up in the bloodstream, leading to high blood sugar levels, a condition known as hyperglycemia. Over time, chronic hyperglycemia can damage blood vessels, nerves, and organs throughout the body, increasing the risk of complications such as heart disease, kidney disease, nerve damage, and vision problems.Type 1 diabetes typically develops during childhood or adolescence, although it can occur at any age. The exact cause of type 1 diabetes is not fully understood, but it is believed to involve a combination of genetic susceptibility and environmental triggers, such as viral infections or dietary factors, that may trigger an autoimmune response against the beta cells.What is the relationship between Type 1 diabetes and oxidative stress?The relationship between type 1 diabetes and oxidative stress is intricate, as oxidative stress plays a significant role in the pathogenesis and complications of the disease. Here’s how oxidative stress influences type 1 diabetes:Beta Cell Destruction: In type 1 diabetes, the immune system mistakenly attacks and destroys insulin-producing beta cells in the pancreas. This autoimmune attack leads to a deficiency of insulin, resulting in high blood sugar levels. Oxidative stress is implicated in the destruction of beta cells, as reactive oxygen species (ROS) generated by immune cells during the inflammatory response can damage pancreatic tissue and contribute to beta cell apoptosis (cell death). Oxidative stress-induced damage to beta cells may further exacerbate insulin deficiency and worsen hyperglycemia in individuals with type 1 diabetes.Insulin Resistance: Oxidative stress has been linked to insulin resistance, a condition in which the body’s cells become less responsive to the effects of insulin, leading to impaired glucose uptake and utilization. Chronic exposure to high levels of ROS can impair insulin signaling pathways and disrupt cellular metabolism, contributing to insulin resistance in various tissues, such as skeletal muscle, liver, and adipose tissue. Insulin resistance can exacerbate hyperglycemia in individuals with type 1 diabetes and increase the risk of complications associated with diabetes, such as cardiovascular disease and nephropathy.Complications of Diabetes: Oxidative stress is a key contributor to the development and progression of complications associated with type 1 diabetes, such as cardiovascular disease, nephropathy (kidney disease), retinopathy (eye disease), and neuropathy (nerve damage). Chronic hyperglycemia and dysregulated glucose metabolism in diabetes lead to the increased production of ROS and reactive nitrogen species (RNS), which can damage blood vessels, tissues, and organs throughout the body. Oxidative stress-induced damage to vascular endothelial cells, extracellular matrix proteins, and cellular signaling pathways contributes to the pathogenesis of diabetic complications by promoting inflammation, fibrosis, and oxidative damage in affected tissues.Antioxidant Defenses: In individuals with type 1 diabetes, oxidative stress may be exacerbated by deficiencies in endogenous antioxidant defenses or impaired antioxidant capacity. Diabetes-related factors such as hyperglycemia, dyslipidemia, and chronic inflammation can disrupt the balance between ROS production and antioxidant defenses, leading to oxidative stress and cellular damage. Antioxidant enzymes such as superoxide dismutase, catalase, and glutathione peroxidase play a crucial role in neutralizing ROS and protecting cells from oxidative damage. However, in diabetes, these antioxidant defenses may be overwhelmed or compromised, allowing oxidative stress to accumulate and contribute to disease progression and complications.Overall, oxidative stress plays a significant role in the pathogenesis and complications of type 1 diabetes by contributing to beta cell destruction, insulin resistance, and the development of diabetic complications.",""
"Diabetes (Type II)","Diabetes (Type II)What is Type <a href=""https://hydrogen",""
"Diabetic Nephropathy","Diabetic NephropathyWhat is diabetic nephropathy?Diabetic nephropathy is a serious complication of diabetes mellitus characterized by damage to the kidneys’ filtering units, known as nephrons. It is one of the leading causes of chronic kidney disease (CKD) and end-stage renal disease (ESRD) worldwide. Diabetic nephropathy develops gradually over time, usually taking many years to manifest significant symptoms.The condition typically occurs in individuals with either type 1 or type 2 diabetes, although it is more common and tends to progress more rapidly in those with type 1 diabetes. The primary risk factors for developing diabetic nephropathy include poor glycemic control (high blood sugar levels over an extended period), hypertension (high blood pressure), and genetic predisposition.The pathogenesis of diabetic nephropathy involves multiple complex mechanisms, including:Glomerular Injury: High blood glucose levels can damage the delicate blood vessels (glomeruli) within the kidneys, leading to a condition called glomerulosclerosis. Glomerulosclerosis involves thickening and scarring of the glomerular basement membrane, impairing the kidneys’ ability to filter waste products and excess fluids from the blood.Increased Renal Blood Flow and Pressure: Diabetes can cause abnormalities in the regulation of renal blood flow and pressure, leading to increased blood flow and pressure within the glomeruli. This can further damage the glomeruli and exacerbate protein leakage into the urine (proteinuria).Inflammation and Oxidative Stress: Chronic inflammation and oxidative stress play significant roles in the development and progression of diabetic nephropathy. Elevated levels of pro-inflammatory cytokines and reactive oxygen species (ROS) contribute to kidney tissue damage and dysfunction.Renin-Angiotensin-Aldosterone System (RAAS) Activation: Diabetes can lead to dysregulation of the RAAS, a hormonal system that helps regulate blood pressure and fluid balance. Activation of the RAAS can promote kidney injury and fibrosis, contributing to the progression of diabetic nephropathy.Podocyte Dysfunction: Podocytes are specialized cells in the glomeruli that help maintain the integrity of the filtration barrier. Dysfunction of podocytes can occur in diabetic nephropathy, leading to increased protein leakage into the urine and progressive kidney damage.What is the relationship between diabetic nephropathy and oxidative stress?The relationship between diabetic nephropathy and oxidative stress is well-established and plays a significant role in the pathogenesis and progression of the disease. Oxidative stress occurs when there’s an imbalance between the production of reactive oxygen species (ROS) and the body’s ability to neutralize them with antioxidants. Several factors contribute to oxidative stress in diabetic nephropathy:Hyperglycemia: Chronic hyperglycemia (high blood sugar levels) is a key driver of oxidative stress in diabetes. Elevated glucose levels lead to increased production of ROS through various pathways, including glucose auto-oxidation, advanced glycation end products (AGEs) formation, and activation of protein kinase C (PKC) and the hexosamine pathway. Excessive ROS production damages cellular components, such as lipids, proteins, and DNA, contributing to kidney tissue injury and dysfunction.Inflammation: Chronic low-grade inflammation is a hallmark of diabetic nephropathy and contributes to oxidative stress. Inflammatory mediators, such as cytokines and chemokines, activate immune cells and stimulate the production of ROS as part of the immune response. In turn, ROS can further activate inflammatory signaling pathways, creating a positive feedback loop that exacerbates tissue damage and inflammation in the kidneys.Renin-Angiotensin-Aldosterone System (RAAS) Activation: Dysregulation of the RAAS, a hormonal system that helps regulate blood pressure and fluid balance, is common in diabetic nephropathy. Activation of the RAAS promotes oxidative stress through several mechanisms, including stimulation of NADPH oxidase activity, increased production of ROS, and impaired antioxidant defenses. ROS generated by the RAAS contribute to kidney injury and fibrosis, accelerating the progression of diabetic nephropathy.Mitochondrial Dysfunction: Mitochondria are a major source of ROS production in cells and play a crucial role in cellular energy metabolism. Dysfunction of mitochondria, such as impaired electron transport chain function or reduced antioxidant defenses, can lead to increased ROS generation and oxidative stress. Mitochondrial dysfunction is implicated in the pathogenesis of diabetic nephropathy and contributes to kidney tissue injury and dysfunction.Antioxidant Defenses: In diabetic nephropathy, there is often a depletion of endogenous antioxidant defenses, such as superoxide dismutase (SOD), catalase, glutathione peroxidase, and reduced glutathione (GSH). Decreased antioxidant capacity leaves the kidneys more vulnerable to oxidative damage and exacerbates tissue injury.Overall, oxidative stress is a central mechanism underlying the development and progression of diabetic nephropathy.",""
"Diabetic Peripheral Neuropathy","Diabetic Peripheral NeuropathyWhat is diabetic peripheral neuropathy (DPN)?Diabetic peripheral neuropathy (DPN) is a type of nerve damage that occurs in individuals with diabetes mellitus. It is one of the most common complications of diabetes and affects the nerves that extend from the brain and spinal cord to the limbs, particularly the legs and feet. DPN typically develops gradually over time, and symptoms may vary widely in severity and presentation.The exact cause of diabetic peripheral neuropathy is not fully understood, but it is thought to involve a combination of metabolic, vascular, and neurotrophic factors associated with diabetes. Chronic hyperglycemia (high blood sugar levels) is considered a primary contributing factor to nerve damage in diabetes.What is the relationship between DPN and oxidative stress?The relationship between diabetic peripheral neuropathy (DPN) and oxidative stress is well-established, and oxidative stress is considered one of the key mechanisms underlying the development and progression of neuropathic complications in diabetes. Oxidative stress occurs when there’s an imbalance between the production of reactive oxygen species (ROS) and the body’s ability to neutralize them with antioxidants.Several factors contribute to oxidative stress in diabetic peripheral neuropathy:Hyperglycemia: Chronic hyperglycemia (high blood sugar levels) is a primary contributor to oxidative stress in diabetes. Elevated glucose levels can lead to increased production of ROS through various pathways, including glucose auto-oxidation, advanced glycation end products (AGEs) formation, and activation of protein kinase C (PKC). Excessive ROS production damages nerve cells and impairs nerve function, contributing to the development of DPN.Mitochondrial Dysfunction: Mitochondria are the primary source of ROS production in cells and play a crucial role in cellular energy metabolism. Dysfunction of mitochondria, such as impaired electron transport chain function or reduced antioxidant defenses, can lead to increased ROS generation and oxidative stress. Mitochondrial dysfunction is implicated in the pathogenesis of DPN and contributes to nerve damage and dysfunction.Inflammation: Chronic low-grade inflammation is a hallmark of diabetic neuropathy and contributes to oxidative stress. Inflammatory mediators, such as cytokines and chemokines, activate immune cells and stimulate the production of ROS as part of the immune response. In turn, ROS can further activate inflammatory signaling pathways, creating a positive feedback loop that exacerbates tissue damage and inflammation in the nerves.Polyol Pathway Activation: The polyol pathway is a metabolic pathway that converts glucose to sorbitol and fructose in nerve cells. In diabetes, increased flux through the polyol pathway leads to the accumulation of sorbitol, which depletes cellular NADPH and impairs the regeneration of reduced glutathione (GSH), a key antioxidant. This results in increased susceptibility to oxidative stress and nerve damage in DPN.Advanced Glycation End Products (AGEs): AGEs are formed through non-enzymatic reactions between sugars and proteins in the presence of elevated glucose levels. AGEs can cross-link and modify proteins in nerve cells, leading to impaired nerve function and increased susceptibility to oxidative stress. AGE-mediated mechanisms contribute to the pathogenesis of DPN.Overall, oxidative stress plays a significant role in the pathogenesis and progression of diabetic peripheral neuropathy by contributing to nerve damage, dysfunction, and degeneration.",""
"Diabetic Retinopathy","Diabetic RetinopathyWhat is diabetic retinopathy?Diabetic retinopathy (DR) is a serious complication of diabetes mellitus that affects the eyes and is a leading cause of vision loss and blindness among working-age adults worldwide. It results from damage to the blood vessels of the retina, the light-sensitive tissue located at the back of the eye. Diabetic retinopathy can occur in individuals with either type 1 or type 2 diabetes and typically develops gradually over time.There are two main types of diabetic retinopathy:Non-proliferative diabetic retinopathy (NPDR): In NPDR, the early stage of the disease, small blood vessels in the retina leak fluid or blood into the retina, causing it to swell or develop tiny hemorrhages. These changes may not cause noticeable symptoms initially, but they can be detected during a comprehensive eye examination. As NPDR progresses, the walls of the blood vessels may weaken and develop microaneurysms, leading to further leakage and ischemia (lack of blood flow) in the retina.Proliferative diabetic retinopathy (PDR): In PDR, the more advanced stage of the disease, new abnormal blood vessels (neovascularization) begin to grow on the surface of the retina or into the vitreous gel that fills the eye. These fragile new blood vessels are prone to leakage and can cause severe vision problems, including vitreous hemorrhage (bleeding into the vitreous), retinal detachment (separation of the retina from the back of the eye), and neovascular glaucoma (increased pressure inside the eye due to blockage of the drainage system). PDR can lead to severe vision loss or blindness if left untreated.What is the relationship between DR and oxidative stress?The relationship between diabetic retinopathy (DR) and oxidative stress is well-established and plays a significant role in the pathogenesis and progression of the disease. Oxidative stress occurs when there’s an imbalance between the production of reactive oxygen species (ROS) and the body’s ability to neutralize them with antioxidants.Several factors contribute to oxidative stress in diabetic retinopathy:Hyperglycemia: Chronic hyperglycemia (high blood sugar levels) is a primary contributor to oxidative stress in diabetes. Elevated glucose levels can lead to increased production of ROS through various pathways, including glucose auto-oxidation, advanced glycation end products (AGEs) formation, and activation of protein kinase C (PKC). Excessive ROS production damages the delicate blood vessels (capillaries) in the retina, leading to microvascular complications such as retinal hemorrhages, microaneurysms, and capillary nonperfusion.Mitochondrial Dysfunction: Mitochondria are the primary source of ROS production in cells and play a crucial role in cellular energy metabolism. Dysfunction of mitochondria, such as impaired electron transport chain function or reduced antioxidant defenses, can lead to increased ROS generation and oxidative stress. Mitochondrial dysfunction is implicated in the pathogenesis of diabetic retinopathy and contributes to retinal cell damage and dysfunction.Inflammation: Chronic low-grade inflammation is a hallmark of diabetic retinopathy and contributes to oxidative stress. Inflammatory mediators, such as cytokines and chemokines, activate immune cells and stimulate the production of ROS as part of the immune response. In turn, ROS can further activate inflammatory signaling pathways, creating a positive feedback loop that exacerbates retinal tissue damage and inflammation.Vascular Dysfunction: Oxidative stress impairs endothelial function and contributes to endothelial dysfunction in the retinal blood vessels. Endothelial dysfunction is characterized by reduced nitric oxide (NO) bioavailability, increased production of vasoconstrictors, and enhanced expression of adhesion molecules. These changes promote vascular inflammation, leukocyte adhesion, and increased permeability of the blood-retinal barrier, leading to retinal edema and ischemia.Activation of Pro-fibrotic Pathways: Oxidative stress activates pro-fibrotic pathways in the retina, leading to the production of extracellular matrix proteins and fibrotic tissue remodeling. Fibrotic changes contribute to the development of tractional retinal detachment, a severe complication of proliferative diabetic retinopathy.Overall, oxidative stress is a central mechanism underlying the development and progression of diabetic retinopathy by contributing to retinal vascular dysfunction, inflammation, endothelial dysfunction, and tissue damage.",""
"Diarrhea","DiarrheaDiarrheaand Hydrogen Water – Hydrogen Treatments and Therapy ResearchDiarrhea is a common digestive problem characterized by frequent, loose, or watery bowel movements. It occurs when the intestines fail to absorb enough water or when excess fluid is secreted into the intestines, resulting in increased stool volume and frequency. Diarrhea can be acute (short-term) or chronic (lasting for weeks or months), and it may vary in severity from mild to severe.What is the relationship between diarrhea and oxidative stress?The relationship between diarrhea and oxidative stress is multifaceted and can vary depending on the underlying cause of diarrhea. Oxidative stress occurs when there’s an imbalance between the production of reactive oxygen species (ROS) and the body’s ability to neutralize them with antioxidants. Several factors contribute to oxidative stress in the context of diarrhea:Inflammation: Diarrhea can result from infections, inflammation, or other gastrointestinal disorders. Inflammatory processes associated with diarrhea involve the activation of immune cells and the release of pro-inflammatory cytokines and chemokines. These inflammatory mediators can stimulate the production of ROS by immune cells as part of the immune response. Chronic inflammation associated with diarrhea can lead to sustained oxidative stress and tissue damage in the gastrointestinal tract.Intestinal Barrier Dysfunction: Diarrhea disrupts the normal function of the intestinal barrier, allowing harmful substances, pathogens, and toxins to penetrate the intestinal mucosa and enter systemic circulation. Oxidative stress can occur as a result of tissue damage and inflammation in the intestinal epithelium. Disruption of tight junction proteins and loss of barrier integrity contribute to increased permeability and susceptibility to oxidative stress.Microbial Dysbiosis: Imbalances in the gut microbiota (dysbiosis) can contribute to the development of diarrhea and oxidative stress. Alterations in the composition and diversity of the gut microbiota can lead to overgrowth of pathogenic bacteria, reduction in beneficial bacteria, and disruption of microbial metabolism. Dysbiotic microbiota can produce metabolites and toxins that induce oxidative stress and inflammation in the gastrointestinal tract.Nutrient Malabsorption: Diarrhea can impair nutrient absorption in the intestines, leading to deficiencies in antioxidants and other essential nutrients. Malabsorption of vitamins, minerals, and antioxidants such as vitamin E, vitamin C, selenium, and zinc can exacerbate oxidative stress and compromise antioxidant defenses in individuals with diarrhea.Dehydration and Electrolyte Imbalance: Diarrhea can result in dehydration and electrolyte imbalances due to fluid loss and electrolyte excretion. Dehydration can impair cellular function and increase susceptibility to oxidative stress. Electrolyte disturbances, such as hypokalemia (low potassium levels), can affect cellular membrane potentials and disrupt cellular homeostasis, contributing to oxidative stress.Overall, oxidative stress is a common feature of diarrhea and can exacerbate tissue damage, inflammation, and gastrointestinal dysfunction.",""
"Diffuse Axonal Injury","Diffuse Axonal InjuryWhat is Diffuse Axonal Injury (DAI)?Diffuse axonal injury (DAI) is a severe type of traumatic brain injury (TBI) characterized by widespread damage to the axons, which are the nerve fibers responsible for transmitting electrical impulses between neurons in the brain. DAI typically occurs as a result of rapid acceleration or deceleration forces, such as those experienced in car accidents, falls, or sports-related injuries.The hallmark of diffuse axonal injury is the shearing or tearing of axons throughout multiple areas of the brain, rather than focal damage in a specific region. This widespread axonal damage disrupts communication between neurons and can lead to significant neurological impairments. DAI is often associated with other types of brain injuries, such as contusions (bruising) or hemorrhages (bleeding) in the brain.The mechanism of diffuse axonal injury involves several factors:Shear forces: When the head undergoes rapid acceleration or deceleration, different parts of the brain can move at different speeds due to its gel-like consistency. This results in shear forces that stretch and tear the axons, particularly at the junctions between gray and white matter or at points where the brain’s movement is abruptly halted.Axonal swelling and disconnection: Following the initial injury, damaged axons may undergo swelling and disconnection from their cell bodies. This disrupts the transmission of nerve impulses and interferes with neuronal communication, leading to functional impairment.Secondary injury cascades: DAI triggers a cascade of secondary injury processes, including inflammation, excitotoxicity (excessive release of neurotransmitters), oxidative stress, and mitochondrial dysfunction. These secondary processes can exacerbate axonal damage and contribute to ongoing neurological dysfunction and tissue damage.What is the relationship between DAI and oxidative stress?The relationship between diffuse axonal injury (DAI) and oxidative stress is significant and plays a crucial role in the pathophysiology of DAI-related brain damage and neurological dysfunction. Oxidative stress occurs when there’s an imbalance between the production of reactive oxygen species (ROS) and the body’s antioxidant defenses, leading to cellular damage and dysfunction. Several factors contribute to oxidative stress in the context of DAI:Shear Forces and Axonal Injury: The primary mechanism of DAI involves the shearing or tearing of axons due to rapid acceleration or deceleration forces. This mechanical trauma disrupts cellular membranes, leading to an influx of calcium ions and activation of enzymes such as phospholipases and proteases. These enzymes can generate ROS and reactive nitrogen species (RNS) as byproducts, contributing to oxidative stress and cellular damage in the injured brain tissue.Mitochondrial Dysfunction: DAI can lead to mitochondrial dysfunction, characterized by impaired electron transport chain function, reduced ATP production, and increased ROS generation. Mitochondria are a major source of ROS production in cells, and dysfunction of these organelles can exacerbate oxidative stress and cellular injury in the brain following DAI.Inflammation and Immune Activation: DAI triggers a cascade of inflammatory responses in the brain, involving the activation of microglia, astrocytes, and infiltrating immune cells. Activated immune cells produce cytokines, chemokines, and ROS as part of the immune response. Chronic inflammation and sustained immune activation contribute to oxidative stress and tissue damage in the injured brain parenchyma.Excitotoxicity: DAI can lead to excessive release of neurotransmitters such as glutamate, resulting in excitotoxicity and neuronal cell death. Excitotoxicity is associated with increased calcium influx, mitochondrial dysfunction, and ROS production. ROS generated during excitotoxic processes contribute to oxidative stress and neuronal damage in DAI.Blood-Brain Barrier Disruption: DAI can disrupt the integrity of the blood-brain barrier (BBB), allowing the infiltration of blood-derived cells, proteins, and inflammatory mediators into the brain parenchyma. BBB disruption exacerbates oxidative stress by promoting neuroinflammation, leukocyte infiltration, and oxidative damage to neuronal and glial cells.Overall, oxidative stress is a central mechanism underlying the pathophysiology of diffuse axonal injury and contributes to neuronal cell death, axonal degeneration, and neurological dysfunction in affected individuals.",""
"Disuse Atrophy","Disuse AtrophyWhat is disuse atrophy?Disuse atrophy, also known as disuse muscle atrophy or muscle wasting, refers to the loss of muscle mass and strength that occurs as a result of prolonged immobilization or inactivity. When muscles are not regularly used or subjected to mechanical loading, they undergo a process of gradual degeneration and weakening, leading to a decrease in muscle size, strength, and function.The mechanisms underlying disuse atrophy involve a combination of muscle protein breakdown (catabolism) and reduced muscle protein synthesis (anabolism). Prolonged inactivity or immobilization reduces mechanical tension on muscles, leading to decreased activation of anabolic signaling pathways such as the mTOR (mammalian target of rapamycin) pathway, which regulates protein synthesis and muscle growth. Additionally, disuse can upregulate catabolic pathways such as the ubiquitin-proteasome system and autophagy, leading to increased breakdown of muscle proteins.What is the relationship between disuse atrophy and oxidative stress?The relationship between disuse atrophy and oxidative stress is complex and multifaceted. While oxidative stress is not the sole cause of disuse atrophy, it plays a significant role in mediating muscle damage and dysfunction during periods of inactivity or immobilization. Here’s how oxidative stress influences disuse atrophy:Reactive Oxygen Species (ROS) Production: Disuse atrophy is associated with an increase in the production of reactive oxygen species (ROS) within muscle fibers. ROS, including superoxide radicals, hydrogen peroxide, and hydroxyl radicals, are generated as byproducts of cellular metabolism, particularly during periods of mitochondrial respiration. However, ROS production can be upregulated in response to disuse-induced changes in muscle metabolism and function, leading to oxidative stress.Mitochondrial Dysfunction: Disuse atrophy is often accompanied by mitochondrial dysfunction, characterized by impaired mitochondrial biogenesis, reduced ATP production, and increased ROS generation. Mitochondria are the primary source of ROS production within muscle cells, and mitochondrial dysfunction can exacerbate oxidative stress by promoting the accumulation of ROS in the cytoplasm and intracellular compartments.Oxidative Damage to Muscle Proteins: Oxidative stress can induce damage to muscle proteins, lipids, and DNA, contributing to muscle fiber degeneration and atrophy. ROS can react with and modify cellular components such as proteins, leading to protein oxidation, carbonylation, nitration, and fragmentation. Oxidative damage to muscle proteins disrupts their structure and function, impairing contractile activity, energy metabolism, and cellular signaling pathways involved in muscle growth and repair.Activation of Catabolic Pathways: Oxidative stress can activate catabolic signaling pathways that promote muscle protein breakdown and degradation. For example, ROS can stimulate the ubiquitin-proteasome system, a major pathway for targeted protein degradation in muscle cells, leading to accelerated proteolysis and loss of muscle mass. Additionally, oxidative stress can activate autophagy, a cellular process that involves the degradation and recycling of damaged or dysfunctional cellular components, including organelles and proteins.Impaired Antioxidant Defenses: Disuse atrophy can compromise the antioxidant defense mechanisms within muscle cells, leading to a disruption in the balance between ROS production and antioxidant capacity. Antioxidant enzymes such as superoxide dismutase, catalase, and glutathione peroxidase play a crucial role in neutralizing ROS and protecting cells from oxidative damage. However, during periods of disuse or immobilization, antioxidant defenses may become overwhelmed or depleted, allowing oxidative stress to accumulate and contribute to muscle dysfunction and atrophy.Overall, oxidative stress plays a significant role in mediating muscle damage and dysfunction during disuse atrophy by promoting ROS production, mitochondrial dysfunction, oxidative damage to muscle proteins, activation of catabolic pathways, and impairment of antioxidant defenses.",""
"Dry Eye","Dry EyeWhat is dry eye?Dry eye, also known as dry eye syndrome or keratoconjunctivitis sicca, is a common condition characterized by insufficient tear production or poor quality of tears, leading to discomfort, irritation, and inflammation of the eyes. Tears play a crucial role in maintaining the health and lubrication of the ocular surface, providing moisture, nutrients, and protection against infections. When the quantity or quality of tears is inadequate, it can result in a range of symptoms and complications associated with dry eye.What is the relationship between dry eye and oxidative stress?The relationship between dry eye and oxidative stress is intricate, as oxidative stress plays a significant role in the pathogenesis and progression of dry eye syndrome. Here’s how oxidative stress influences dry eye:Tear Film Stability: Oxidative stress can disrupt the composition and stability of the tear film, which consists of three layers: lipid, aqueous, and mucin. The lipid layer helps prevent tear evaporation, the aqueous layer provides moisture and nutrients to the ocular surface, and the mucin layer helps maintain tear film adhesion to the cornea. Oxidative damage to lipids, proteins, and mucins in the tear film can impair tear film stability, leading to increased tear evaporation and reduced tear retention on the ocular surface, characteristic features of dry eye.Inflammation: Oxidative stress can promote inflammation on the ocular surface, contributing to the pathogenesis of dry eye. Reactive oxygen species (ROS) generated during oxidative stress can activate inflammatory pathways and stimulate the production of pro-inflammatory cytokines, chemokines, and inflammatory mediators in the conjunctiva, cornea, and lacrimal glands. Chronic inflammation in the tear film and ocular surface tissues can disrupt tear production, exacerbate ocular surface damage, and worsen dry eye symptoms.Ocular Surface Damage: Oxidative stress-induced damage to ocular surface tissues, including the cornea, conjunctiva, and meibomian glands, can compromise the integrity and function of the tear film and exacerbate dry eye symptoms. ROS can induce oxidative damage to epithelial cells, basement membranes, and extracellular matrix proteins in the ocular surface tissues, leading to epithelial barrier dysfunction, increased permeability, and loss of goblet cells that produce mucin. Additionally, oxidative stress can impair meibomian gland function and alter the composition of meibum, the oily secretion that helps stabilize the tear film and prevent tear evaporation.Antioxidant Defenses: The ocular surface is equipped with antioxidant defense mechanisms to neutralize ROS and protect against oxidative damage. Antioxidant enzymes such as superoxide dismutase, catalase, and glutathione peroxidase, as well as non-enzymatic antioxidants such as vitamins C and E, play a crucial role in scavenging ROS and maintaining redox balance in the tear film and ocular surface tissues. However, oxidative stress can overwhelm antioxidant defenses, leading to oxidative damage and exacerbation of dry eye symptoms.Complications of Dry Eye: Oxidative stress is implicated in the development and progression of complications associated with dry eye, such as corneal epithelial defects, corneal erosions, and corneal ulcers. Oxidative damage to corneal epithelial cells and basement membranes can impair wound healing and increase the risk of corneal complications in individuals with dry eye. Additionally, oxidative stress-induced inflammation and fibrosis in the lacrimal glands can impair tear production and exacerbate tear film instability in severe cases of dry eye.Overall, oxidative stress plays a significant role in the pathogenesis and progression of dry eye by disrupting tear film stability, promoting inflammation, inducing ocular surface damage, impairing antioxidant defenses, and contributing to the development of complications associated with the condition.",""
"Dyslipidemia","DyslipidemiaWhat is dyslipidemia?Dyslipidemia refers to abnormalities in lipid (fat) levels in the blood, particularly concerning levels of cholesterol and triglycerides. This condition involves deviations from normal levels of various lipid components, including high-density lipoprotein cholesterol (HDL-C), low-density lipoprotein cholesterol (LDL-C), total cholesterol, and triglycerides. Dyslipidemia is a significant risk factor for the development of cardiovascular diseases such as coronary artery disease, heart attack, and stroke.There are several types of dyslipidemia:Hypercholesterolemia: Elevated levels of LDL-C, often referred to as “”bad”” cholesterol, are a common form of dyslipidemia. High LDL-C levels can lead to the accumulation of cholesterol in the arteries, contributing to the development of atherosclerosis (hardening and narrowing of the arteries) and increasing the risk of cardiovascular events.Hypoalphalipoproteinemia: Reduced levels of HDL-C, often referred to as “”good”” cholesterol, are another form of dyslipidemia. HDL-C helps remove excess cholesterol from the bloodstream and transports it to the liver for elimination. Low HDL-C levels are associated with an increased risk of atherosclerosis and cardiovascular disease.Hypertriglyceridemia: Elevated levels of triglycerides, a type of fat found in the blood, are also a common form of dyslipidemia. High triglyceride levels are associated with insulin resistance, obesity, metabolic syndrome, and an increased risk of cardiovascular disease.Mixed Dyslipidemia: Some individuals may have a combination of high LDL-C, low HDL-C, and high triglyceride levels, which is referred to as mixed dyslipidemia. This pattern of lipid abnormalities further increases the risk of cardiovascular events.What is the relationship between dyslipidemia and oxidative stress?The relationship between dyslipidemia and oxidative stress is bidirectional and closely intertwined. Dyslipidemia, characterized by abnormal levels of lipids (fats) in the blood, can lead to oxidative stress, while oxidative stress can exacerbate dyslipidemia. Here’s how they are related:Oxidative Modification of Lipids: Oxidative stress can lead to the oxidative modification of lipids, including low-density lipoprotein cholesterol (LDL-C) particles. LDL-C is particularly susceptible to oxidation by reactive oxygen species (ROS), resulting in the formation of oxidized LDL (oxLDL). Oxidized LDL is more atherogenic (promoting the development of atherosclerosis) than native LDL, as it can promote inflammation, endothelial dysfunction, and foam cell formation in the arterial wall.Endothelial Dysfunction: Oxidative stress and dyslipidemia both contribute to endothelial dysfunction, a key early event in the development of atherosclerosis. Dyslipidemia, especially elevated levels of LDL-C and low levels of high-density lipoprotein cholesterol (HDL-C), can impair endothelial function by promoting the release of pro-inflammatory cytokines and adhesion molecules and reducing the bioavailability of nitric oxide (NO), a vasodilator. Endothelial dysfunction further exacerbates oxidative stress by promoting ROS production and reducing antioxidant defenses.Inflammation: Both dyslipidemia and oxidative stress contribute to the development of chronic inflammation, which plays a crucial role in the pathogenesis of atherosclerosis and cardiovascular disease. Dyslipidemia, particularly elevated levels of LDL-C and triglycerides, can activate inflammatory pathways and promote the recruitment of immune cells to the arterial wall. Oxidative stress amplifies inflammatory responses by activating nuclear factor kappa B (NF-κB) signaling and promoting the release of pro-inflammatory cytokines. Inflammatory processes further perpetuate dyslipidemia by altering lipid metabolism and promoting lipoprotein oxidation.Lipid Peroxidation: Oxidative stress can induce lipid peroxidation, the process by which ROS attack and oxidize polyunsaturated fatty acids (PUFAs) in cell membranes and lipoproteins. Lipid peroxidation leads to the formation of reactive lipid peroxides and other toxic byproducts, which can further exacerbate oxidative stress and cellular damage. Dyslipidemia, particularly elevated levels of triglycerides, can promote lipid peroxidation by increasing the availability of PUFA substrates for oxidation and impairing antioxidant defenses.Antioxidant Defenses: Dyslipidemia can impair antioxidant defenses and increase susceptibility to oxidative stress. Elevated levels of circulating lipids, particularly oxidized lipoproteins, can deplete antioxidant enzymes such as superoxide dismutase (SOD), catalase, and glutathione peroxidase, leading to an imbalance between ROS production and antioxidant defenses. Oxidative stress, in turn, can further deplete antioxidant reserves and exacerbate dyslipidemia by promoting lipoprotein oxidation and lipid peroxidation.Overall, dyslipidemia and oxidative stress are interconnected processes that contribute to the pathogenesis of cardiovascular diseases such as atherosclerosis, coronary artery disease, and stroke.",""
"Dyspnea","DyspneaWhat is dyspnea?Dyspnea is a medical term used to describe the sensation of difficulty or discomfort in breathing. It is commonly referred to as shortness of breath or breathlessness. Dyspnea can range from mild to severe and may occur suddenly or develop gradually over time. It can be a symptom of various underlying medical conditions affecting the respiratory system, cardiovascular system, or other body systems.What is the relationship between dyspnea and oxidative stress?The relationship between dyspnea and oxidative stress is complex and can vary depending on the underlying cause of dyspnea. Oxidative stress occurs when there’s an imbalance between the production of reactive oxygen species (ROS) and the body’s antioxidant defenses, leading to cellular damage and dysfunction. Dyspnea can be a symptom of various medical conditions affecting the respiratory system, cardiovascular system, or other body systems, many of which are associated with oxidative stress. Several mechanisms may contribute to the relationship between dyspnea and oxidative stress:Respiratory Conditions: Respiratory conditions such as asthma, chronic obstructive pulmonary disease (COPD), and interstitial lung disease are characterized by airway inflammation, oxidative stress, and impaired lung function. Inflammatory cells and mediators release ROS as part of the immune response, contributing to oxidative stress and airway damage. Oxidative stress can exacerbate airway inflammation and bronchoconstriction, leading to worsening dyspnea in individuals with respiratory diseases.Cardiovascular Conditions: Dyspnea is a common symptom of cardiovascular conditions such as heart failure, myocardial infarction (heart attack), and pulmonary hypertension. These conditions are associated with oxidative stress and endothelial dysfunction in the cardiovascular system. ROS can impair endothelial function, increase vascular permeability, and promote vasoconstriction, leading to impaired blood flow and oxygen delivery to tissues. Oxidative stress in the heart and blood vessels can contribute to myocardial damage, cardiac remodeling, and pulmonary vascular remodeling, exacerbating dyspnea symptoms.Systemic Inflammation: Dyspnea can occur in the context of systemic inflammatory conditions such as sepsis, systemic lupus erythematosus (SLE), and rheumatoid arthritis. Chronic inflammation is associated with oxidative stress and activation of inflammatory pathways throughout the body. ROS generated by inflammatory cells can damage tissues, impair mitochondrial function, and contribute to systemic oxidative stress, which may exacerbate dyspnea symptoms in individuals with systemic inflammatory diseases.Muscle Dysfunction: Dyspnea-related fatigue and weakness may be attributed to oxidative stress and mitochondrial dysfunction in respiratory muscles. Oxidative stress can impair mitochondrial respiratory chain function, reduce ATP production, and promote muscle fatigue. Dysfunction of respiratory muscles such as the diaphragm and intercostal muscles can contribute to dyspnea and respiratory distress in individuals with respiratory conditions or neuromuscular disorders.Overall, oxidative stress is a common feature of many medical conditions associated with dyspnea, and it can contribute to the pathophysiology of dyspnea through various mechanisms, including inflammation, tissue damage, endothelial dysfunction, and muscle dysfunction.",""
"Edema","EdemaWhat is edema?Edema is a medical term used to describe the abnormal accumulation of fluid in the body’s tissues, leading to swelling and expansion of affected areas. Edema can occur in various parts of the body, including the hands, feet, ankles, legs, abdomen, and lungs. It is often a sign of an underlying medical condition or imbalance in the body’s fluid regulation system.Edema can be categorized based on its location and underlying cause:Peripheral Edema: Peripheral edema refers to swelling in the extremities, such as the hands, feet, ankles, and legs. It is commonly associated with conditions affecting the venous system, lymphatic system, or localized inflammation. Causes of peripheral edema may include venous insufficiency, deep vein thrombosis, lymphedema, cellulitis, and inflammatory disorders.Pulmonary Edema: Pulmonary edema occurs when fluid accumulates in the airspaces and tissues of the lungs, impairing gas exchange and breathing. It is often a complication of heart failure, where increased pressure in the blood vessels of the lungs (pulmonary hypertension) leads to leakage of fluid into the lung tissues. Other causes of pulmonary edema may include acute respiratory distress syndrome (ARDS), pneumonia, high-altitude sickness, and near-drowning.Cerebral Edema: Cerebral edema refers to swelling of the brain tissue due to the accumulation of fluid within the brain cells or the surrounding spaces. It can result from various neurological conditions, head trauma, brain tumors, infections, or metabolic disturbances. Cerebral edema can increase intracranial pressure and lead to neurological symptoms such as headaches, nausea, vomiting, seizures, and altered consciousness.Localized Edema: Localized edema refers to swelling in specific areas of the body, such as the abdomen (ascites), genitalia (genital edema), or face (periorbital edema). It may be caused by conditions such as liver disease, kidney disease, hormonal imbalances, or allergic reactions.The underlying mechanisms of edema involve disturbances in the body’s fluid balance, which can lead to increased fluid retention or decreased fluid clearance in the tissues. Factors that contribute to the development of edema include:Increased hydrostatic pressure: Elevated pressure within the blood vessels (e.g., due to heart failure or venous insufficiency) can force fluid out of the vessels and into the surrounding tissues.Decreased oncotic pressure: Reduced levels of proteins in the blood (e.g., albumin) can decrease the osmotic pressure, impairing the reabsorption of fluid from the tissues back into the blood vessels.Lymphatic obstruction: Blockage or dysfunction of the lymphatic vessels can impair the drainage of fluid from the tissues, leading to lymphedema and localized swelling.Inflammation: Inflammatory processes can increase vascular permeability and promote the leakage of fluid and proteins into the tissues, resulting in edema.What is the relationship between edema and oxidative stress?The relationship between edema and oxidative stress involves complex interplay and may vary depending on the underlying cause of edema. Oxidative stress occurs when there’s an imbalance between the production of reactive oxygen species (ROS) and the body’s antioxidant defenses, leading to cellular damage and dysfunction. Edema, on the other hand, refers to the abnormal accumulation of fluid in the body’s tissues, leading to swelling and expansion of affected areas.Several mechanisms may contribute to the relationship between edema and oxidative stress:Inflammation: Edema often occurs in the context of inflammation, where inflammatory processes increase vascular permeability and promote the leakage of fluid and proteins into the tissues. Inflammatory cells, such as neutrophils and macrophages, generate ROS as part of the immune response to pathogens or tissue injury. ROS can exacerbate inflammation and tissue damage, leading to sustained edema and impaired tissue repair.Ischemia-Reperfusion Injury: Edema can occur as a result of ischemia (reduced blood flow) or ischemia-reperfusion injury, where restoration of blood flow to ischemic tissues exacerbates oxidative stress and tissue damage. Reperfusion of ischemic tissues leads to the generation of ROS, mitochondrial dysfunction, and activation of inflammatory pathways. ROS generated during reperfusion can further increase vascular permeability and promote fluid leakage into the tissues, exacerbating edema formation.Endothelial Dysfunction: Oxidative stress can impair endothelial function and disrupt the integrity of the vascular endothelium, leading to increased vascular permeability and fluid leakage into the tissues. ROS can directly damage endothelial cells, reduce nitric oxide (NO) bioavailability, and promote endothelial activation and inflammation. Endothelial dysfunction contributes to the pathogenesis of edema by impairing the regulation of vascular tone and permeability.Lymphatic Dysfunction: Lymphatic vessels play a crucial role in the drainage of interstitial fluid from the tissues and the maintenance of fluid balance. Oxidative stress can impair lymphatic function and lymphatic vessel integrity, leading to lymphatic dysfunction and impaired fluid clearance from the tissues. Lymphedema, characterized by the accumulation of lymphatic fluid in the tissues, can result from lymphatic obstruction or dysfunction associated with oxidative stress.Organ Dysfunction: Edema can occur as a consequence of organ dysfunction or injury, such as heart failure, liver cirrhosis, or kidney disease. Oxidative stress is implicated in the pathogenesis of these conditions and can exacerbate tissue damage and impair organ function. Organ dysfunction may disrupt fluid homeostasis and contribute to the development of edema through various mechanisms, including impaired sodium and water balance, altered vascular permeability, and inflammation.Overall, oxidative stress plays a significant role in the pathogenesis of edema by promoting inflammation, endothelial dysfunction, lymphatic dysfunction, and tissue injury.",""
"Encapsulating Peritoneal Sclerosis","Encapsulating Peritoneal SclerosisWhat is Encapsulating Peritoneal Sclerosis (EPS)?Encapsulating peritoneal sclerosis (EPS), also known as abdominal cocoon syndrome, is a rare and serious complication of long-term peritoneal dialysis (PD), a type of renal replacement therapy used to treat end-stage kidney disease. EPS is characterized by the progressive thickening and fibrosis of the peritoneal membrane, the lining of the abdominal cavity, leading to the formation of a dense fibrous cocoon-like structure around the small bowel and other intra-abdominal organs.The exact cause of encapsulating peritoneal sclerosis is not fully understood, but it is believed to result from chronic inflammation and fibrosis of the peritoneal membrane, which may be triggered by prolonged exposure to PD solutions, repeated episodes of peritonitis (inflammation of the peritoneum), and other factors. Individuals with a history of long-term peritoneal dialysis, typically over several years, are at increased risk of developing EPS.What is the relationship between EPS and oxidative stress?The relationship between encapsulating peritoneal sclerosis (EPS) and oxidative stress is not fully understood and remains an area of ongoing research. However, several mechanisms may link oxidative stress to the pathogenesis and progression of EPS:Chronic Inflammation: EPS is characterized by chronic inflammation and fibrosis of the peritoneal membrane, which may be triggered by repeated episodes of peritonitis, prolonged exposure to peritoneal dialysis (PD) solutions, and other factors. Inflammatory processes involve the activation of immune cells and the release of pro-inflammatory cytokines, chemokines, and reactive oxygen species (ROS). ROS generated during inflammation contribute to oxidative stress and tissue damage in the peritoneal membrane, promoting fibrosis and the formation of an encapsulating cocoon-like structure.Oxidative Damage to Peritoneal Cells: ROS can directly damage peritoneal mesothelial cells, the cells that line the peritoneal cavity. Oxidative stress-induced damage to mesothelial cells disrupts their barrier function, impairs the integrity of the peritoneal membrane, and promotes fibroblast activation and collagen deposition. These changes contribute to the thickening and fibrosis of the peritoneal membrane characteristic of EPS.Mitochondrial Dysfunction: Oxidative stress can impair mitochondrial function in peritoneal cells, leading to mitochondrial dysfunction and increased ROS production. Mitochondrial dysfunction contributes to cellular oxidative damage, inflammation, and apoptosis (programmed cell death) in the peritoneal membrane, exacerbating fibrosis and tissue remodeling in EPS.Protein Glycation and Advanced Glycation End Products (AGEs): Chronic exposure to glucose-based PD solutions can lead to the accumulation of advanced glycation end products (AGEs) in the peritoneal membrane. AGEs are formed through non-enzymatic reactions between glucose and proteins and contribute to oxidative stress, inflammation, and tissue fibrosis. AGEs can induce oxidative damage to cellular components, activate pro-fibrotic signaling pathways, and promote extracellular matrix deposition in the peritoneal membrane, exacerbating fibrosis and EPS progression.Impaired Antioxidant Defenses: Oxidative stress in EPS may be exacerbated by impaired antioxidant defenses in the peritoneal cavity. Chronic exposure to PD solutions and inflammation can deplete antioxidants such as glutathione and superoxide dismutase, reducing the ability of peritoneal cells to neutralize ROS and protect against oxidative damage. Impaired antioxidant defenses contribute to oxidative stress-mediated tissue injury and fibrosis in EPS.Overall, oxidative stress appears to play a significant role in the pathogenesis and progression of encapsulating peritoneal sclerosis through its effects on inflammation, cellular damage, mitochondrial dysfunction, and fibrosis in the peritoneal membrane.",""
"Encephalopathy","EncephalopathyWhat is encephalopathy?Encephalopathy is a general term used to describe a group of brain disorders characterized by altered brain function or structure. These alterations can result in a wide range of neurological symptoms and impairments, including changes in cognition, behavior, consciousness, and motor function. Encephalopathy can be acute or chronic, reversible or irreversible, and may have various underlying causes.What is the relationship between encephalopathy and oxidative stress?The relationship between encephalopathy and oxidative stress is complex and multifaceted, with oxidative stress playing a significant role in the pathogenesis and progression of various forms of encephalopathy. Oxidative stress occurs when there’s an imbalance between the production of reactive oxygen species (ROS) and the body’s antioxidant defenses, leading to cellular damage and dysfunction. Several mechanisms may contribute to the relationship between encephalopathy and oxidative stress:Neuroinflammation: Many forms of encephalopathy are associated with neuroinflammation, involving the activation of immune cells and the release of pro-inflammatory cytokines, chemokines, and ROS. Inflammatory mediators can stimulate the production of ROS by microglia, astrocytes, and infiltrating immune cells, leading to oxidative stress and neuronal damage in the brain. Chronic neuroinflammation and oxidative stress contribute to the progression of encephalopathy and may exacerbate neurological symptoms and impairments.Mitochondrial Dysfunction: Oxidative stress can impair mitochondrial function in neurons and glial cells, leading to mitochondrial dysfunction and increased ROS production. Mitochondrial dysfunction is a common feature of many neurological disorders associated with encephalopathy, including stroke, traumatic brain injury, neurodegenerative diseases, and metabolic encephalopathies. Dysfunction of the electron transport chain, reduced ATP production, and oxidative damage to mitochondrial DNA, proteins, and lipids contribute to neuronal dysfunction and cell death in encephalopathy.Blood-Brain Barrier Disruption: Oxidative stress can disrupt the integrity of the blood-brain barrier (BBB), leading to increased permeability and leakage of blood-derived substances into the brain parenchyma. BBB disruption allows the entry of ROS, inflammatory mediators, and neurotoxic substances into the brain, exacerbating oxidative stress and neuroinflammation. Chronic BBB dysfunction is associated with neuronal damage, cognitive impairment, and the progression of encephalopathy.Excitotoxicity: Some forms of encephalopathy are characterized by excitotoxicity, involving excessive release of excitatory neurotransmitters such as glutamate and overactivation of glutamate receptors. Excitotoxicity leads to calcium influx, mitochondrial dysfunction, and ROS production, contributing to oxidative stress and neuronal injury. Excitotoxicity is implicated in acute neurological insults such as ischemic stroke, traumatic brain injury, and seizures, as well as chronic neurodegenerative diseases associated with encephalopathy.Metabolic Dysregulation: Metabolic encephalopathies, such as hepatic encephalopathy or uremic encephalopathy, involve disturbances in metabolic pathways and accumulation of toxic metabolites. Oxidative stress contributes to metabolic dysregulation by impairing mitochondrial function, disrupting energy metabolism, and promoting oxidative damage to cellular components. Metabolic disturbances and oxidative stress contribute to the pathogenesis of encephalopathy and may exacerbate neurological symptoms and cognitive impairment.Overall, oxidative stress is a common feature of many forms of encephalopathy and contributes to neuronal dysfunction, neuroinflammation, blood-brain barrier disruption, and metabolic dysregulation in affected individuals.",""
"Endometriosis","EndometriosisEndometriosis and Hydrogen Water / Hydrogen TreatmentEndometriosis is a medical condition in which tissue similar to the lining of the uterus (endometrium) grows outside the uterus, typically in the pelvic cavity. This displaced endometrial tissue can adhere to various pelvic organs, such as the ovaries, fallopian tubes, outer surface of the uterus, bowel, or bladder. Endometriosis is a chronic and often painful condition that affects reproductive-age women, typically between their late teens and early 40s, although it can occur in women of any age.During a woman’s menstrual cycle, the endometrial tissue inside the uterus thickens in preparation for potential pregnancy. If pregnancy does not occur, the uterus sheds this tissue during menstruation. In endometriosis, the tissue that has grown outside the uterus also responds to hormonal changes during the menstrual cycle, thickening and then breaking down and bleeding. However, because this tissue is located outside the uterus, the blood and tissue cannot be shed through menstruation as it would from the uterine lining. Instead, it becomes trapped and can cause inflammation, scarring, and the formation of adhesions (bands of scar tissue) between organs.The exact cause of endometriosis is not fully understood, but several theories exist, including:Retrograde menstruation: This theory suggests that menstrual blood containing endometrial cells flows backward through the fallopian tubes into the pelvic cavity instead of exiting the body through the vagina during menstruation. These displaced endometrial cells can then implant and grow on pelvic organs.Embryonic cell transformation: According to this theory, hormones such as estrogen may transform embryonic cells into endometrial-like cell implants during puberty.Surgical scar implantation: Endometrial cells may attach to surgical incision sites following procedures such as hysterectomy or cesarean section.Immune system dysfunction: Some researchers believe that abnormalities in the immune system may allow endometrial cells to implant and grow in areas outside the uterus.What is the relationship between endometriosis and oxidative stress?The relationship between endometriosis and oxidative stress involves complex interactions between inflammatory processes, hormonal imbalances, and the generation of reactive oxygen species (ROS) within the body. Here’s how oxidative stress influences endometriosis:Inflammation: Endometriosis is characterized by chronic inflammation, which plays a central role in the development and progression of the disease. Inflammatory cytokines, chemokines, and immune cells recruited to endometrial lesions contribute to oxidative stress by promoting the production of ROS and reactive nitrogen species (RNS). ROS/RNS generated during inflammation can induce tissue damage, activate inflammatory pathways, and perpetuate a cycle of oxidative stress and inflammation in endometriotic lesions and surrounding tissues.Hormonal Imbalance: Estrogen is a key hormone involved in the pathogenesis of endometriosis, as endometrial lesions outside the uterus respond to hormonal fluctuations during the menstrual cycle. Estrogen stimulates the proliferation and growth of endometrial tissue, contributing to the formation and progression of endometriotic lesions. Estrogen metabolism generates ROS as byproducts, leading to oxidative stress and DNA damage in endometrial cells. Additionally, estrogen-mediated inflammation and oxidative stress can promote angiogenesis, fibrosis, and adhesion formation in endometriotic lesions.Mitochondrial Dysfunction: Mitochondria are the primary source of ROS production within cells, and mitochondrial dysfunction has been implicated in the pathogenesis of endometriosis. Endometriotic lesions exhibit alterations in mitochondrial function, morphology, and oxidative phosphorylation, leading to increased ROS generation and oxidative stress. Mitochondrial ROS can induce DNA damage, apoptosis, and oxidative modifications of proteins and lipids, contributing to the progression and maintenance of endometriosis.Oxidative Damage: Oxidative stress induces damage to cellular components, including DNA, proteins, lipids, and carbohydrates, leading to dysfunction and structural alterations in endometrial cells and surrounding tissues. Oxidative damage to DNA can result in mutations, chromosomal abnormalities, and genomic instability, which may contribute to the malignant transformation of endometriotic lesions into endometriosis-associated ovarian cancer (EAOC). Additionally, oxidative stress-induced lipid peroxidation and protein oxidation can impair cellular function, disrupt signaling pathways, and promote inflammation and fibrosis in endometriotic lesions.Antioxidant Defenses: The body’s antioxidant defense mechanisms play a crucial role in neutralizing ROS and maintaining redox balance. However, in endometriosis, oxidative stress overwhelms antioxidant defenses, leading to a state of oxidative imbalance. Endometriotic lesions and surrounding tissues may exhibit reduced antioxidant enzyme activity, impaired antioxidant capacity, and alterations in antioxidant gene expression, which contribute to the persistence of oxidative stress and inflammation in endometriosis.Overall, oxidative stress plays a significant role in the pathogenesis and progression of endometriosis by promoting inflammation, hormonal imbalances, mitochondrial dysfunction, oxidative damage, and impaired antioxidant defenses.",""
"Endothelial Dysfunction","Endothelial DysfunctionWhat is endothelial dysfunction?Endothelial dysfunction refers to a condition in which the endothelial cells lining the inner walls of blood vessels, known as the endothelium, are impaired in their ability to regulate vascular function and maintain homeostasis. The endothelium plays a critical role in vascular health by regulating vascular tone, blood flow, inflammation, coagulation, and vascular permeability.When endothelial function is compromised, several detrimental changes can occur within the blood vessels:Impaired Vasodilation: Endothelial dysfunction can lead to reduced production or bioavailability of nitric oxide (NO), a potent vasodilator produced by endothelial cells. Decreased NO bioavailability impairs the ability of blood vessels to dilate in response to physiological stimuli, such as increased blood flow demand or endothelium-dependent vasodilators, resulting in vasoconstriction and reduced blood flow to tissues and organs.Increased Vascular Tone: Endothelial dysfunction is associated with increased production of vasoconstrictor substances, such as endothelin-1 (ET-1) and thromboxane A2, and decreased release of vasodilator factors, such as prostacyclin (PGI2) and NO. This imbalance between vasoconstrictors and vasodilators results in excessive vascular tone, arterial stiffness, and elevated blood pressure, contributing to hypertension and cardiovascular disease.Prothrombotic State: Endothelial dysfunction is characterized by a prothrombotic phenotype, characterized by increased expression of procoagulant factors (e.g., tissue factor) and decreased expression of antithrombotic factors (e.g., tissue plasminogen activator, thrombomodulin). This promotes platelet activation, thrombus formation, and clotting cascade activation, predisposing individuals to thrombotic events such as myocardial infarction, stroke, and venous thromboembolism.Enhanced Inflammatory Response: Endothelial dysfunction is associated with increased expression of adhesion molecules (e.g., intercellular adhesion molecule-1, vascular cell adhesion molecule-1, E-selectin) and chemokines (e.g., monocyte chemoattractant protein-1) on the endothelial surface, promoting leukocyte recruitment and adhesion to the vascular wall. This results in chronic low-grade inflammation, immune cell infiltration, and endothelial activation, contributing to the pathogenesis of atherosclerosis and cardiovascular disease.Impaired Barrier Function: Endothelial dysfunction can compromise the integrity of the endothelial barrier, leading to increased vascular permeability and leakage of plasma proteins and inflammatory mediators into the surrounding tissues. This contributes to tissue edema, inflammation, and tissue damage, exacerbating the progression of vascular diseases such as atherosclerosis, diabetic microvascular complications, and acute respiratory distress syndrome (ARDS).Endothelial dysfunction is a key feature of many cardiovascular and metabolic diseases, including hypertension, atherosclerosis, coronary artery disease, peripheral artery disease, diabetes mellitus, obesity, and metabolic syndrome. Various risk factors contribute to the development and progression of endothelial dysfunction, including aging, hypertension, dyslipidemia, diabetes, smoking, obesity, sedentary lifestyle, and genetic predisposition.What is the relationship between endothelial dysfunction and oxidative stress?The relationship between endothelial dysfunction and oxidative stress is intricate and bidirectional, with oxidative stress playing a central role in the pathogenesis and progression of endothelial dysfunction. Here’s how oxidative stress influences endothelial function:Reactive Oxygen Species (ROS) Production: Oxidative stress refers to an imbalance between the production of ROS, such as superoxide anion (O2•−), hydrogen peroxide (H2O2), and hydroxyl radical (•OH), and antioxidant defenses within the endothelium. ROS are generated as byproducts of normal cellular metabolism, particularly within mitochondria, and are also produced by various enzymatic reactions, including those involving nicotinamide adenine dinucleotide phosphate (NADPH) oxidases, xanthine oxidase, and uncoupled endothelial nitric oxide synthase (eNOS). Excessive ROS production overwhelms endogenous antioxidant mechanisms, leading to oxidative stress and endothelial dysfunction.Nitric Oxide (NO) Bioavailability: Nitric oxide (NO) is a crucial signaling molecule produced by endothelial cells that plays a key role in regulating vascular tone, blood flow, and endothelial function. NO is synthesized from the amino acid L-arginine by endothelial nitric oxide synthase (eNOS) and exerts vasodilator, anti-inflammatory, and anti-thrombotic effects. Oxidative stress can uncouple eNOS, shifting its enzymatic activity from NO production to superoxide generation. Additionally, ROS can scavenge NO and form peroxynitrite (ONOO−), a reactive nitrogen species that further impairs endothelial function by promoting oxidative damage and nitrosative stress.Endothelial Activation and Inflammation: Oxidative stress induces endothelial activation and inflammation by promoting the expression of adhesion molecules (e.g., intercellular adhesion molecule-1, vascular cell adhesion molecule-1, E-selectin) and pro-inflammatory cytokines (e.g., tumor necrosis factor-alpha, interleukin-6) on the endothelial surface. This facilitates leukocyte recruitment and adhesion to the vascular wall, leading to immune cell infiltration, vascular inflammation, and endothelial dysfunction. Inflammatory mediators can further amplify ROS production through activation of NADPH oxidases and other ROS-generating enzymes, perpetuating a cycle of oxidative stress and inflammation.Endothelial Barrier Dysfunction: Oxidative stress disrupts the integrity of the endothelial barrier by inducing cytoskeletal rearrangements, intercellular junctional alterations, and increased vascular permeability. ROS can directly target and modify endothelial cell junction proteins, such as vascular endothelial cadherin (VE-cadherin) and occludin, leading to loss of barrier integrity and increased leakage of plasma proteins and inflammatory mediators into the surrounding tissues. Endothelial barrier dysfunction contributes to tissue edema, inflammation, and tissue damage, exacerbating the progression of vascular diseases such as atherosclerosis, diabetic microvascular complications, and acute respiratory distress syndrome (ARDS).Overall, oxidative stress plays a central role in the pathogenesis and progression of endothelial dysfunction by promoting ROS production, impairing NO bioavailability, inducing endothelial activation and inflammation, and disrupting endothelial barrier function.",""
"Endotoxemia","EndotoxemiaWhat is endotoxemia?Endotoxemia is a condition characterized by the presence of endotoxins in the bloodstream. Endotoxins are bacterial toxins that are part of the outer membrane of Gram-negative bacteria, such asEscherichia coli(E. coli),Salmonella, andPseudomonasspecies. The primary component of endotoxins is lipopolysaccharide (LPS), which can trigger a potent immune response in the host.Endotoxemia occurs when endotoxins are released from the outer membrane of bacteria during bacterial growth, death, or lysis, and enter the bloodstream. Under normal circumstances, the presence of endotoxins in the bloodstream can trigger an immune response aimed at clearing the bacteria and neutralizing the toxins. However, excessive or prolonged exposure to endotoxins can overwhelm the body’s immune defenses and lead to systemic inflammation and organ dysfunction.What is the relationship between endotoxemia and oxidative stress?The relationship between endotoxemia and oxidative stress is significant and complex, with endotoxemia contributing to the generation of reactive oxygen species (ROS) and oxidative stress in various ways. Endotoxemia, characterized by the presence of endotoxins (lipopolysaccharides, or LPS) in the bloodstream, triggers a cascade of inflammatory and immune responses that can lead to oxidative stress. Several mechanisms contribute to the relationship between endotoxemia and oxidative stress:Activation of Immune Cells: Endotoxins, particularly LPS, activate immune cells such as macrophages, monocytes, and neutrophils through Toll-like receptor 4 (TLR4) signaling pathways. Activation of these immune cells results in the release of pro-inflammatory cytokines, chemokines, and ROS as part of the host defense response. ROS are generated by the respiratory burst mechanism in activated immune cells and serve as mediators of antimicrobial defense. However, excessive production of ROS can overwhelm antioxidant defenses and lead to oxidative stress.Mitochondrial Dysfunction: Endotoxemia can induce mitochondrial dysfunction in various cell types, including immune cells, endothelial cells, and parenchymal cells. Disruption of mitochondrial function leads to increased production of ROS as byproducts of oxidative phosphorylation and electron transport chain activity. ROS generated within mitochondria contribute to oxidative stress and cellular damage, exacerbating the inflammatory response and tissue injury associated with endotoxemia.Induction of Oxidative Stress Pathways: Endotoxemia activates oxidative stress pathways in cells through various mechanisms, including activation of transcription factors such as nuclear factor-kappa B (NF-κB) and activator protein-1 (AP-1). These transcription factors regulate the expression of genes encoding pro-inflammatory cytokines, adhesion molecules, and antioxidant enzymes. Activation of NF-κB and AP-1 promotes the production of ROS and the induction of oxidative stress-related genes, contributing to the amplification of oxidative stress and inflammation in endotoxemia.Oxidative Damage to Biomolecules: ROS generated during endotoxemia can cause oxidative damage to cellular biomolecules, including lipids, proteins, and DNA. Lipid peroxidation, protein oxidation, and DNA damage result in cellular dysfunction, membrane disruption, and impaired cellular signaling. Oxidative damage to biomolecules contributes to tissue injury, organ dysfunction, and progression of endotoxemia-related complications.Impairment of Antioxidant Defenses: Endotoxemia can impair antioxidant defenses in cells and tissues, leading to reduced capacity to neutralize ROS and protect against oxidative stress. Reduced levels of antioxidants such as glutathione, superoxide dismutase, catalase, and glutathione peroxidase exacerbate oxidative stress and contribute to tissue damage in endotoxemia. Impaired antioxidant defenses may result from depletion of antioxidants, inhibition of antioxidant enzymes, or dysregulation of antioxidant gene expression.Overall, endotoxemia is associated with increased oxidative stress in cells and tissues through activation of immune cells, mitochondrial dysfunction, induction of oxidative stress pathways, oxidative damage to biomolecules, and impairment of antioxidant defenses.",""
"Enteropathy","EnteropathyWhat is enteropathy?Enteropathy is a broad term used to describe any disease or disorder affecting the intestines, particularly the small intestine. It refers to a variety of conditions characterized by inflammation, damage, or dysfunction of the intestinal mucosa (the inner lining of the intestine) and may involve various underlying causes, including infections, immune reactions, genetic factors, dietary factors, and medication use.There are several types of enteropathy, each with its own distinct features and clinical manifestations:Inflammatory Bowel Disease (IBD): Enteropathy encompasses inflammatory bowel diseases such as Crohn’s disease and ulcerative colitis, which are chronic inflammatory conditions of the gastrointestinal tract. These conditions are characterized by periods of active inflammation and remission, and they can lead to symptoms such as abdominal pain, diarrhea, rectal bleeding, weight loss, and fatigue.Celiac Disease: Celiac disease is an autoimmune disorder triggered by the ingestion of gluten, a protein found in wheat, barley, and rye. In individuals with celiac disease, the immune system mistakenly attacks the lining of the small intestine in response to gluten consumption, leading to inflammation and damage to the intestinal villi (small finger-like projections that absorb nutrients). This can result in malabsorption of nutrients, diarrhea, abdominal pain, bloating, and other gastrointestinal symptoms.Infectious Enteropathy: Enteropathies can also be caused by various infectious agents, including bacteria (e.g., Salmonella, Campylobacter, Escherichia coli), viruses (e.g., norovirus, rotavirus), and parasites (e.g., Giardia, Cryptosporidium). These infections can lead to acute or chronic inflammation of the intestinal mucosa, resulting in symptoms such as diarrhea, abdominal cramps, nausea, vomiting, and fever.Radiation Enteropathy: Radiation therapy used in the treatment of cancer can cause damage to the intestinal mucosa, leading to radiation enteropathy. Chronic exposure to ionizing radiation can impair the regeneration of intestinal cells, disrupt mucosal integrity, and result in inflammation, fibrosis, and vascular damage within the intestine. Radiation enteropathy can cause symptoms such as diarrhea, abdominal pain, bloating, and malabsorption of nutrients.Drug-Induced Enteropathy: Certain medications, such as nonsteroidal anti-inflammatory drugs (NSAIDs), proton pump inhibitors (PPIs), antibiotics, and immunosuppressants, can cause enteropathy as a side effect. These medications may disrupt the balance of gut microbiota, alter intestinal permeability, or directly damage the intestinal mucosa, leading to inflammation, ulceration, or other gastrointestinal symptoms.What is the relationship between enteropathy and oxidative stress?The relationship between enteropathy and oxidative stress involves complex interactions between inflammatory processes, reactive oxygen species (ROS) production, and tissue damage within the intestine. Here’s how oxidative stress influences enteropathy:Inflammation: Enteropathy is often associated with inflammation of the intestinal mucosa, which can be triggered by various factors such as infections, autoimmune reactions, dietary factors, and medication use. Inflammatory processes within the intestine can lead to the activation of immune cells, release of inflammatory cytokines, and recruitment of leukocytes to the site of injury. These inflammatory responses contribute to oxidative stress by inducing the production of ROS and reactive nitrogen species (RNS) by immune cells such as neutrophils, macrophages, and epithelial cells.Immune Dysregulation: Oxidative stress can disrupt immune homeostasis within the intestine by modulating the function of immune cells and altering the balance between pro-inflammatory and anti-inflammatory pathways. ROS/RNS generated during oxidative stress can activate nuclear factor kappa B (NF-κB) and other transcription factors involved in inflammatory signaling pathways, leading to the production of pro-inflammatory cytokines such as tumor necrosis factor-alpha (TNF-α), interleukin-6 (IL-6), and interleukin-1 beta (IL-1β). Chronic inflammation and immune dysregulation contribute to tissue damage, impaired barrier function, and the progression of enteropathy.Tissue Damage: Oxidative stress-induced damage to cellular components such as lipids, proteins, and DNA can compromise the integrity of the intestinal mucosa and disrupt normal tissue structure and function. ROS can induce lipid peroxidation, a process in which polyunsaturated fatty acids in cell membranes are oxidized, leading to membrane damage and cell lysis. Protein oxidation and nitration can impair the function of enzymes, receptors, and structural proteins, further exacerbating tissue injury and dysfunction. DNA damage caused by ROS/RNS can lead to mutations, apoptosis, and impaired cellular repair mechanisms, contributing to the pathogenesis of enteropathy.Barrier Dysfunction: Oxidative stress can disrupt the integrity of the intestinal epithelial barrier, leading to increased permeability and leakage of luminal contents into the underlying tissue. ROS/RNS can modulate the expression and localization of tight junction proteins, such as occludin, claudins, and zona occludens (ZO), which regulate paracellular permeability. Disruption of tight junctions and epithelial barrier function can promote translocation of bacteria, toxins, and antigens from the gut lumen into the lamina propria, triggering immune responses and inflammation. Chronic barrier dysfunction is associated with the development of enteropathy and may contribute to the pathogenesis of inflammatory bowel diseases, celiac disease, and other intestinal disorders.Overall, oxidative stress plays a significant role in the pathogenesis of enteropathy by promoting inflammation, immune dysregulation, tissue damage, and barrier dysfunction within the intestine.",""
"Epithelial Dysfunction","Epithelial DysfunctionWhat is epithelial dysfunction?Epithelial dysfunction refers to abnormalities or impaired function of epithelial cells, which are specialized cells that line the surfaces of organs and structures throughout the body. Epithelial cells form protective barriers that separate different compartments within the body and regulate the exchange of molecules, ions, and fluids between these compartments. Epithelial dysfunction can occur in various organs and tissues, leading to disruptions in normal physiological processes and contributing to the pathogenesis of various diseases.Epithelial dysfunction can manifest in different ways depending on the specific tissue or organ involved. Some common examples include:Respiratory Epithelial Dysfunction: Dysfunction of the respiratory epithelium can lead to conditions such as asthma, chronic obstructive pulmonary disease (COPD), and respiratory infections. In asthma, for example, epithelial dysfunction is characterized by increased permeability of the airway epithelium, altered mucin production, and impaired barrier function, contributing to airway inflammation and hyperresponsiveness.Intestinal Epithelial Dysfunction: Dysfunction of the intestinal epithelium can lead to gastrointestinal disorders such as inflammatory bowel disease (IBD), irritable bowel syndrome (IBS), and intestinal infections. In IBD, epithelial dysfunction is characterized by increased intestinal permeability, impaired mucosal barrier function, and dysregulated immune responses, leading to chronic inflammation and tissue damage.Renal Epithelial Dysfunction: Dysfunction of the renal epithelium can lead to kidney disorders such as acute kidney injury (AKI), chronic kidney disease (CKD), and renal tubular disorders. In AKI, for example, epithelial dysfunction may result from ischemic injury, nephrotoxic insults, or inflammatory processes, leading to disruption of tubular epithelial cell function and impaired renal function.Epithelial Dysfunction in Skin: Dysfunction of the epidermal epithelium can lead to skin disorders such as eczema, psoriasis, and impaired wound healing. In eczema, for example, dysfunction of the skin barrier (stratum corneum) can lead to increased permeability, dryness, and inflammation, predisposing individuals to allergic reactions and skin infections.Epithelial Dysfunction in Blood Vessels: Dysfunction of the endothelial cells lining blood vessels can lead to vascular disorders such as atherosclerosis, hypertension, and thrombosis. Endothelial dysfunction is characterized by impaired production of vasodilators (such as nitric oxide) and increased expression of adhesion molecules, leading to inflammation, vasoconstriction, and thrombosis.What is the relationship between epithelial dysfunction and oxidative stress?The relationship between epithelial dysfunction and oxidative stress is bidirectional, with oxidative stress playing a significant role in the development and progression of epithelial dysfunction, while epithelial dysfunction can also contribute to oxidative stress through various mechanisms. Here’s how these two processes interact:Oxidative Stress-Induced Epithelial Dysfunction:Oxidative stress can directly damage epithelial cells by causing oxidative modifications to lipids, proteins, and DNA, leading to impaired cellular function and integrity.ROS can disrupt the structure and function of epithelial junctions, such as tight junctions and adherens junctions, which are crucial for maintaining epithelial barrier integrity. Disruption of these junctions can increase epithelial permeability and impair barrier function.ROS can activate signaling pathways involved in inflammation, apoptosis, and fibrosis within epithelial cells, leading to tissue injury and dysfunction. For example, ROS-mediated activation of nuclear factor kappa B (NF-κB) signaling can promote the expression of pro-inflammatory cytokines and adhesion molecules, exacerbating inflammation and tissue damage.Epithelial Dysfunction-Induced Oxidative Stress:Epithelial dysfunction can lead to the release of pro-inflammatory cytokines, chemokines, and damage-associated molecular patterns (DAMPs), which can activate immune cells and stimulate ROS production. For example, in inflammatory bowel disease (IBD), dysfunctional intestinal epithelium can release inflammatory mediators that promote oxidative stress in the gut mucosa.Impaired barrier function in epithelial tissues can lead to increased exposure of underlying cells to environmental toxins, pathogens, and inflammatory stimuli, which can stimulate ROS production and exacerbate oxidative stress.Epithelial dysfunction can disrupt antioxidant defenses within epithelial cells, leading to decreased scavenging of ROS and increased susceptibility to oxidative damage. For example, dysfunction of antioxidant enzymes such as superoxide dismutase, catalase, and glutathione peroxidase can impair the ability of epithelial cells to neutralize ROS.Overall, oxidative stress and epithelial dysfunction are closely intertwined processes that can perpetuate each other and contribute to the pathogenesis of various diseases and conditions.",""
"Erectile Dysfunction","Erectile DysfunctionWhat is Erectile Dysfunction (ED)?Erectile dysfunction (ED), also known as impotence, is a medical condition characterized by the inability to achieve or maintain an erection firm enough for satisfactory sexual intercourse. While occasional difficulty with erections is common and not necessarily a cause for concern, persistent or recurrent ED can significantly impact sexual performance, confidence, and quality of life.What is the relationship between ED and oxidative stress?The relationship between erectile dysfunction (ED) and oxidative stress involves complex interplay and may contribute to the pathogenesis and progression of ED. Oxidative stress occurs when there’s an imbalance between the production of reactive oxygen species (ROS) and the body’s antioxidant defenses, leading to cellular damage and dysfunction. Several mechanisms may link oxidative stress to erectile dysfunction:Endothelial Dysfunction: Oxidative stress can impair endothelial function in blood vessels, including those in the penis. Endothelial dysfunction is a common feature of cardiovascular risk factors such as hypertension, diabetes, and atherosclerosis, which are also associated with ED. ROS can damage endothelial cells, reduce nitric oxide (NO) bioavailability, and impair vasodilation, leading to reduced blood flow to the penis and erectile dysfunction. NO is a key mediator of penile erection, as it relaxes smooth muscle cells in the penile arteries and trabeculae, allowing increased blood flow and engorgement of the corpora cavernosa.Smooth Muscle Dysfunction: Oxidative stress can also affect the function of smooth muscle cells in the penis, which play a crucial role in the erectile process. ROS can disrupt intracellular signaling pathways involved in smooth muscle relaxation and contraction, leading to impaired penile smooth muscle function and erectile dysfunction. Dysfunction of the smooth muscle cells in the corpus cavernosum can result in inadequate relaxation and reduced penile blood flow during sexual arousal.Nitric Oxide Inactivation: Oxidative stress can lead to the inactivation of NO by reacting with it to form peroxynitrite, a highly reactive oxidant. Peroxynitrite can further damage proteins, lipids, and DNA, exacerbating oxidative stress and impairing NO-mediated signaling pathways involved in penile erection. Reduced bioavailability of NO due to oxidative stress contributes to endothelial dysfunction and smooth muscle dysfunction in the penis, leading to ED.Neuronal Dysfunction: Oxidative stress may also contribute to neuronal dysfunction in the penile nerves involved in the erectile response. ROS can damage nerve cells, disrupt neurotransmitter release, and impair neural signaling pathways, leading to reduced sensitivity, altered neurotransmission, and impaired penile sensation or arousal. Neuronal dysfunction may contribute to psychogenic or neurogenic causes of ED, particularly in individuals with underlying neurological disorders or psychological factors.Chronic Inflammation: Oxidative stress is closely linked to chronic inflammation, which is implicated in the pathogenesis of ED. Inflammatory processes can promote ROS production and oxidative stress, leading to tissue damage, fibrosis, and impaired penile function. Chronic inflammation may contribute to ED through various mechanisms, including endothelial dysfunction, smooth muscle dysfunction, and neuronal injury.Overall, oxidative stress plays a significant role in the pathophysiology of erectile dysfunction by contributing to endothelial dysfunction, smooth muscle dysfunction, nitric oxide inactivation, neuronal dysfunction, and chronic inflammation in the penis.",""
"Erythema","ErythemaWhat is erythema?Erythema is a medical term used to describe redness of the skin that occurs due to dilation of superficial blood vessels in the skin. It is a common symptom of various skin conditions, inflammatory reactions, and allergic responses. Erythema can manifest as localized red patches, blotches, or widespread redness over a larger area of the skin, depending on the underlying cause and severity of the condition.The redness of erythema results from increased blood flow to the affected area, leading to dilation (widening) of capillaries and small blood vessels near the skin surface. This increased blood flow is often a physiological response to inflammation, injury, irritation, infection, or allergic reactions. Erythema can occur in response to various triggers, including:Inflammatory Skin Conditions: Erythema is a hallmark feature of many inflammatory skin disorders, such as dermatitis, eczema, psoriasis, rosacea, and acne. In these conditions, inflammation of the skin triggers vasodilation and increased blood flow, resulting in redness, warmth, and swelling of the affected areas.Allergic Reactions: Erythema can occur as part of an allergic response to allergens or irritants that come into contact with the skin. Allergic contact dermatitis, for example, causes redness, itching, and swelling of the skin in response to exposure to allergens such as cosmetics, fragrances, metals, or plants (e.g., poison ivy).Sunburn: Excessive exposure to ultraviolet (UV) radiation from sunlight can cause erythema of the skin, known as sunburn. UV radiation damages skin cells and triggers inflammation and vasodilation, leading to redness, pain, and peeling of the skin.Infections: Skin infections, such as bacterial, viral, or fungal infections, can cause erythema as part of the body’s immune response to combat the invading pathogens. Conditions such as cellulitis, impetigo, herpes simplex virus (HSV) infection, and fungal skin infections may present with erythematous lesions.Trauma or Injury: Physical trauma or injury to the skin, such as cuts, abrasions, burns, or insect bites, can cause erythema as a result of tissue damage and inflammation. The body’s natural healing response involves increased blood flow to the injured area, resulting in redness and swelling.What is the relationship between erythema and oxidative stress?The relationship between erythema and oxidative stress involves complex interactions between inflammatory processes, reactive oxygen species (ROS) production, and tissue damage within the skin. Here’s how oxidative stress influences erythema:Inflammatory Skin Conditions: Many skin conditions characterized by erythema, such as dermatitis, eczema, and psoriasis, are associated with increased oxidative stress in the skin. Inflammatory cytokines and immune cells recruited to the skin during these conditions can activate NADPH oxidases and other ROS-generating enzymes, leading to the production of ROS. Excessive ROS production overwhelms endogenous antioxidant defenses and promotes oxidative stress, exacerbating inflammation and tissue damage. This perpetuates a cycle of oxidative stress and inflammation, contributing to the persistence of erythema and other symptoms of inflammatory skin conditions.Ultraviolet (UV) Radiation: UV radiation from sunlight induces oxidative stress in the skin by generating ROS and reactive nitrogen species (RNS) upon exposure. ROS/RNS produced in response to UV radiation can damage cellular components, including lipids, proteins, and DNA, leading to inflammation, DNA mutations, and cell death. UV-induced oxidative stress triggers the release of pro-inflammatory cytokines and chemokines, promotes leukocyte infiltration, and activates immune responses in the skin, contributing to erythema, sunburn, and photoaging.Allergic Reactions: Allergic contact dermatitis and other allergic skin reactions can trigger oxidative stress in the skin due to immune-mediated responses to allergens or irritants. ROS generated by immune cells, such as neutrophils and macrophages, contribute to tissue damage, inflammation, and vascular changes associated with erythema in allergic skin reactions. Antioxidant defenses may become overwhelmed in allergic conditions, leading to oxidative stress and exacerbation of erythematous skin lesions.Infections: Skin infections caused by bacteria, viruses, or fungi can induce oxidative stress in the skin as part of the host immune response to combat invading pathogens. ROS produced by immune cells, such as neutrophils and macrophages, contribute to microbial killing and tissue damage at the site of infection. Inflammatory mediators released during infection can further stimulate ROS production and exacerbate erythema and inflammation in infected skin lesions.Environmental Factors: Environmental pollutants, such as cigarette smoke, air pollutants, and particulate matter, can induce oxidative stress in the skin and exacerbate erythema. ROS generated by environmental pollutants can directly damage skin cells and activate inflammatory pathways, leading to erythema and skin damage. Additionally, exposure to environmental toxins may impair antioxidant defenses and increase susceptibility to oxidative stress-induced skin disorders.Overall, oxidative stress plays a significant role in the pathogenesis and progression of erythema by promoting inflammation, tissue damage, and vascular changes in the skin.",""
"Excercise","ExcerciseHow is exercise hard on the body?Exercise can be hard on the body due to several reasons:Muscle fatigue: Exercise involves repetitive muscle contractions, which can lead to fatigue and muscle soreness. During intense or prolonged exercise, muscles may deplete their energy stores of adenosine triphosphate (ATP) and glycogen, leading to decreased muscle function and performance.Physical stress: Exercise places physical stress on the body’s tissues and organs, including the muscles, joints, bones, ligaments, and tendons. This stress can lead to microtrauma or damage to the tissues, resulting in inflammation, soreness, and temporary loss of function.Metabolic demands: Exercise increases the body’s metabolic rate and energy expenditure to meet the demands of working muscles. This requires the mobilization of energy substrates such as carbohydrates, fats, and proteins, as well as the delivery of oxygen and removal of metabolic waste products.Cardiovascular strain: During exercise, the heart must work harder to pump blood to the working muscles and deliver oxygen and nutrients to support muscle activity. This increased cardiac workload can lead to elevated heart rate, blood pressure, and cardiac output, placing strain on the cardiovascular system.Heat production: Exercise generates heat as a byproduct of muscle metabolism, which can raise core body temperature. To dissipate heat and maintain thermal equilibrium, the body relies on mechanisms such as sweating and vasodilation, which can increase fluid loss and cardiovascular strain.Fluid and electrolyte balance: Exercise can lead to fluid and electrolyte imbalances due to sweat loss, increased urinary output, and changes in fluid distribution within the body. Dehydration and electrolyte disturbances can impair exercise performance, increase the risk of heat-related illnesses, and affect overall health and well-being.Immune system activation: Intense or prolonged exercise can transiently suppress the immune system and increase susceptibility to infections. This is known as the “open window” hypothesis, where the period following intense exercise is characterized by a temporary suppression of immune function, leaving the body more vulnerable to pathogens.What is the relationship between exercise and oxidative stress?The relationship between exercise and oxidative stress is complex and can vary depending on factors such as the type, intensity, and duration of exercise, as well as individual fitness levels and antioxidant status. Here are some key points to understand this relationship:Exercise-induced oxidative stress: During exercise, the body’s oxygen consumption increases to meet the energy demands of working muscles. This increased oxygen consumption can lead to the production of reactive oxygen species (ROS) and free radicals as natural byproducts of cellular metabolism. While ROS play essential roles in cell signaling and immune function, excessive ROS production can overwhelm the body’s antioxidant defenses, leading to oxidative stress.Antioxidant defense mechanisms: The body has natural antioxidant defense mechanisms, including enzymes such as superoxide dismutase (SOD), catalase, and glutathione peroxidase, as well as non-enzymatic antioxidants like vitamins C and E, glutathione, and various phytochemicals. These antioxidants help neutralize ROS and protect cells from oxidative damage. Regular exercise can enhance the body’s antioxidant defense systems by upregulating antioxidant enzyme activity and increasing antioxidant capacity.Adaptation to oxidative stress: Regular exercise can promote adaptations that reduce the susceptibility to oxidative stress over time. This phenomenon, known as hormesis, involves exposing the body to moderate levels of oxidative stress, which triggers adaptive responses that enhance antioxidant defenses and repair mechanisms. As a result, individuals who regularly engage in exercise may experience reduced oxidative damage and improved resilience to oxidative stress.Type and intensity of exercise: The type and intensity of exercise can influence the degree of oxidative stress induced. High-intensity exercise, such as sprinting or high-intensity interval training (HIIT), may result in greater ROS production compared to moderate-intensity aerobic exercise. Prolonged endurance exercise, such as long-distance running or cycling, can also lead to oxidative stress due to increased oxygen consumption and prolonged exposure to ROS-generating mechanisms.Duration of exercise: The duration of exercise can also impact oxidative stress levels. Short-duration, high-intensity exercise bouts may result in acute spikes in oxidative stress, while prolonged endurance exercise sessions can lead to more sustained oxidative stress over time. However, regular training and appropriate recovery periods can help mitigate the negative effects of exercise-induced oxidative stress.Individual factors: Individual factors such as age, fitness level, nutritional status, and genetics can influence how the body responds to exercise-induced oxidative stress. Older adults and individuals with certain medical conditions may have impaired antioxidant defenses and be more susceptible to oxidative damage during exercise.Overall, while exercise can transiently increase oxidative stress, regular physical activity is associated with numerous health benefits, including improved cardiovascular function, enhanced immune function, and reduced risk of chronic diseases.",""
"Excitotoxicity","ExcitotoxicityWhat is excitotoxicity?Excitotoxicity is a pathological process in which nerve cells (neurons) are damaged or killed due to excessive activation of excitatory neurotransmitter receptors, particularly glutamate receptors. Glutamate is the primary excitatory neurotransmitter in the central nervous system, playing a crucial role in neuronal signaling, synaptic transmission, and excitatory neurotransmission. Under normal conditions, glutamate is released from presynaptic neurons and binds to specific receptors on postsynaptic neurons, leading to neuronal excitation and transmission of nerve impulses.However, when excitatory neurotransmission becomes dysregulated, excessive release of glutamate and prolonged activation of glutamate receptors can lead to excitotoxicity. This occurs through several mechanisms:Calcium Influx: Activation of glutamate receptors, particularly NMDA receptors (N-methyl-D-aspartate receptors), results in the influx of calcium ions (Ca2+) into the postsynaptic neuron. Excessive calcium influx disrupts intracellular calcium homeostasis and triggers a cascade of intracellular events, including activation of calcium-dependent enzymes, mitochondrial dysfunction, and oxidative stress. Calcium overload can lead to cellular damage and neuronal death.Mitochondrial Dysfunction: Calcium overload and excitotoxicity can impair mitochondrial function, leading to mitochondrial dysfunction and energy depletion in neurons. Mitochondria play a crucial role in cellular energy production (ATP synthesis), calcium buffering, and regulation of apoptosis (programmed cell death). Disruption of mitochondrial function results in the generation of reactive oxygen species (ROS), release of pro-apoptotic factors, and activation of cell death pathways, contributing to neuronal injury and excitotoxicity.Oxidative Stress: Excitotoxicity is associated with increased production of reactive oxygen species (ROS) and oxidative stress in neurons. Excessive activation of glutamate receptors and calcium influx can lead to the generation of ROS through various mechanisms, including activation of NADPH oxidase, nitric oxide synthase, and mitochondrial dysfunction. ROS can damage cellular components (lipids, proteins, DNA), disrupt cellular signaling pathways, and promote neuronal injury and death.Inflammatory Responses: Excitotoxicity can trigger inflammatory responses in the brain, involving the activation of microglia (the immune cells of the central nervous system) and release of pro-inflammatory cytokines, chemokines, and inflammatory mediators. Chronic neuroinflammation exacerbates excitotoxicity and neuronal damage, contributing to the progression of neurological disorders associated with excitotoxicity, such as stroke, traumatic brain injury, epilepsy, neurodegenerative diseases (e.g., Alzheimer’s disease, Parkinson’s disease), and ischemic hypoxic brain injury.Excitotoxicity is implicated in the pathogenesis of various neurological disorders and acute brain injuries, where excessive glutamate release and excitotoxic neuronal death contribute to tissue damage and functional impairment.What is the relationship between excitotoxicity and oxidative stress?The relationship between excitotoxicity and oxidative stress is intricate and bidirectional, with each process contributing to and exacerbating the other in various neurological conditions. Excitotoxicity refers to the pathological process in which nerve cells (neurons) are damaged or killed due to excessive activation of excitatory neurotransmitter receptors, primarily glutamate receptors. Oxidative stress, on the other hand, arises from an imbalance between the production of reactive oxygen species (ROS) and the body’s antioxidant defenses, leading to cellular damage and dysfunction.Several mechanisms underlie the relationship between excitotoxicity and oxidative stress:Calcium Overload: Excitotoxicity leads to excessive influx of calcium ions (Ca2+) into neurons through activated glutamate receptors, particularly NMDA receptors. The increased intracellular calcium levels contribute to mitochondrial dysfunction and oxidative stress. Calcium overload in mitochondria disrupts their function, leading to the generation of ROS as byproducts of oxidative phosphorylation and electron transport chain activity.ROS Generation: Excitotoxicity-induced calcium influx and mitochondrial dysfunction promote the generation of reactive oxygen species (ROS) within neurons. ROS, including superoxide radicals (O2•−), hydroxyl radicals (•OH), and hydrogen peroxide (H2O2), can damage cellular components such as lipids, proteins, and DNA, exacerbating neuronal injury and death. ROS can directly induce neuronal apoptosis (programmed cell death) and contribute to neurodegeneration in excitotoxic conditions.Mitochondrial Dysfunction: Excitotoxicity-induced oxidative stress compromises mitochondrial function, further exacerbating ROS production and oxidative damage. Mitochondria are a major source of ROS in neurons, and their dysfunction leads to impaired energy metabolism, decreased ATP production, and increased oxidative stress. ROS generated by dysfunctional mitochondria contribute to excitotoxic neuronal injury and exacerbate neurodegenerative processes.Activation of Oxidative Stress Pathways: Excitotoxicity activates oxidative stress pathways in neurons and glial cells, leading to the upregulation of ROS-generating enzymes such as NADPH oxidase and nitric oxide synthase. Increased production of ROS and reactive nitrogen species (RNS) contributes to oxidative stress and amplifies excitotoxic neuronal damage. Activation of oxidative stress pathways further exacerbates neuronal dysfunction and cell death in excitotoxic conditions.Inflammatory Responses: Excitotoxicity-induced oxidative stress triggers inflammatory responses in the brain, involving the activation of microglia and release of pro-inflammatory cytokines, chemokines, and inflammatory mediators. Chronic neuroinflammation exacerbates excitotoxicity and neuronal damage, further amplifying oxidative stress and contributing to neurodegenerative processes.Overall, excitotoxicity and oxidative stress are closely intertwined processes that contribute to neuronal injury and cell death in various neurological disorders.",""
"Fatigue","FatigueWhat is fatigue?Fatigue is a subjective feeling of tiredness, weakness, or lack of energy that can vary in severity and duration. It is a common symptom experienced by many people at some point in their lives and can be temporary or chronic. Fatigue can affect physical, mental, and emotional well-being and may interfere with daily activities, work performance, and quality of life.What is the relationship between fatigue and oxidative stress?The relationship between fatigue and oxidative stress is complex and bidirectional, with each influencing the other in various physiological and pathological conditions. Oxidative stress refers to an imbalance between the production of reactive oxygen species (ROS) and the body’s antioxidant defenses, leading to cellular damage and dysfunction. Fatigue, on the other hand, is a subjective feeling of tiredness, weakness, or lack of energy that can result from various physical, psychological, and environmental factors.Several mechanisms underlie the relationship between fatigue and oxidative stress:Mitochondrial Dysfunction: Oxidative stress can impair mitochondrial function, particularly in cells with high energy demands such as muscle cells and neurons. Mitochondria are the primary producers of cellular energy (ATP) through oxidative phosphorylation, and they are also a major source of reactive oxygen species (ROS). Mitochondrial dysfunction leads to decreased ATP production, increased ROS generation, and oxidative damage to cellular components, contributing to fatigue and reduced energy levels.Inflammation: Oxidative stress and inflammation are closely interconnected processes that can contribute to fatigue. Chronic inflammation stimulates the production of ROS by immune cells, leading to oxidative stress and tissue damage. In turn, oxidative stress can activate inflammatory pathways and exacerbate inflammation, creating a cycle of oxidative stress and inflammation that contributes to fatigue and fatigue-related symptoms. Chronic inflammatory conditions such as autoimmune diseases, chronic infections, and metabolic disorders are often associated with both fatigue and oxidative stress.Neurotransmitter Imbalance: Oxidative stress can affect neurotransmitter systems in the brain, including serotonin, dopamine, and norepinephrine, which play key roles in regulating mood, motivation, and energy levels. Imbalances in neurotransmitter levels are implicated in the pathogenesis of fatigue and mood disorders such as depression and anxiety. Oxidative stress may disrupt neurotransmitter synthesis, release, and signaling pathways, contributing to fatigue and fatigue-related symptoms.Cellular Damage and Dysfunction: Oxidative stress can damage cellular components such as lipids, proteins, and DNA, leading to cellular dysfunction and impaired cellular processes. ROS can directly affect cellular signaling pathways, gene expression, and protein function, disrupting normal cellular homeostasis and contributing to fatigue. Oxidative damage to muscle cells, neurons, and other tissues can impair their function and contribute to fatigue and reduced physical and cognitive performance.Antioxidant Defenses: Chronic fatigue and conditions associated with oxidative stress may be characterized by dysregulation of antioxidant defenses. Antioxidants play a crucial role in neutralizing ROS and protecting cells from oxidative damage. Reduced antioxidant capacity or increased ROS production can tip the balance toward oxidative stress and contribute to fatigue. Supporting antioxidant defenses through dietary antioxidants, supplementation, or lifestyle modifications may help mitigate oxidative stress and alleviate fatigue symptoms in some individuals.Overall, the relationship between fatigue and oxidative stress involves complex interactions between cellular pathways, inflammatory processes, neurotransmitter systems, and antioxidant defenses.",""
"Fatty Liver Disease (Alcoholic)","Fatty Liver Disease (Alcoholic)What is alcoholic fatty liver disease (AFLD)?Alcoholic fatty liver disease (AFLD), also known as alcoholic steatosis, is a liver condition characterized by the accumulation of fat within liver cells (hepatocytes) due to chronic alcohol consumption. AFLD represents the earliest stage of alcohol-related liver disease and can progress to more severe liver conditions such as alcoholic hepatitis, fibrosis, cirrhosis, and liver failure if alcohol consumption continues unabated.The pathogenesis of AFLD involves several mechanisms:Alcohol Metabolism: When alcohol (ethanol) is consumed, it is primarily metabolized in the liver by enzymes such as alcohol dehydrogenase (ADH) and cytochrome P450 2E1 (CYP2E1). These enzymes convert ethanol into acetaldehyde, a toxic compound that can damage liver cells and impair cellular function. Acetaldehyde is further metabolized into acetate, which is then converted into energy or stored as fat in hepatocytes. Chronic alcohol consumption leads to increased production of acetaldehyde and reactive oxygen species (ROS) within liver cells, contributing to oxidative stress and cellular damage.Disruption of Lipid Metabolism: Alcohol disrupts lipid metabolism in the liver by altering the synthesis, storage, and breakdown of fats (lipids). Chronic alcohol consumption promotes the synthesis of fatty acids in the liver and impairs the export of triglycerides (a type of fat) from hepatocytes. This leads to the accumulation of triglycerides within liver cells, resulting in the development of fatty liver or steatosis. The presence of excess fat in the liver can interfere with cellular function, impair insulin signaling, and promote inflammation and fibrosis.Oxidative Stress and Inflammation: Chronic alcohol consumption induces oxidative stress in the liver by generating ROS and reactive nitrogen species (RNS) through multiple mechanisms, including alcohol metabolism, mitochondrial dysfunction, and activation of inflammatory pathways. ROS/RNS can damage cellular components such as lipids, proteins, and DNA, leading to inflammation, cell death, and tissue injury. Inflammatory cytokines and chemokines released in response to liver injury further perpetuate inflammation and contribute to the progression of AFLD to more severe liver diseases.Insulin Resistance: Chronic alcohol consumption is associated with insulin resistance, a condition in which cells become less responsive to the effects of insulin hormone. Insulin resistance impairs the ability of liver cells to properly regulate glucose and lipid metabolism, leading to increased synthesis and accumulation of fat within hepatocytes. Insulin resistance also promotes inflammation, oxidative stress, and fibrosis in the liver, further exacerbating liver injury in AFLD.What is the relationship between AFLD and oxidative stress?The relationship between alcoholic fatty liver disease (AFLD) and oxidative stress is significant and plays a central role in the pathogenesis and progression of the condition. Here’s how oxidative stress influences AFLD:Alcohol Metabolism: Chronic alcohol consumption leads to increased production of reactive oxygen species (ROS) and reactive nitrogen species (RNS) during the metabolism of ethanol in the liver. Enzymes involved in alcohol metabolism, such as alcohol dehydrogenase (ADH) and cytochrome P450 2E1 (CYP2E1), generate ROS as byproducts. These ROS can cause oxidative damage to cellular components such as lipids, proteins, and DNA, contributing to liver injury and inflammation.Lipid Metabolism: Oxidative stress disrupts lipid metabolism in the liver, leading to the accumulation of fat within hepatocytes and the development of fatty liver or steatosis, which is a hallmark feature of AFLD. ROS can promote lipid peroxidation, a process in which polyunsaturated fatty acids in cell membranes are oxidized, leading to the formation of lipid peroxides and other reactive lipid species. Lipid peroxidation products can further exacerbate oxidative stress and cellular damage, promoting the progression of AFLD to more severe liver diseases.Mitochondrial Dysfunction: Oxidative stress impairs mitochondrial function in liver cells, leading to mitochondrial dysfunction and the generation of ROS within mitochondria. Mitochondrial ROS production contributes to oxidative stress and cellular damage in AFLD, as mitochondria are a major source of ROS in liver cells. ROS-induced mitochondrial dysfunction can further exacerbate oxidative stress and promote liver injury and inflammation in AFLD.Inflammation: Oxidative stress contributes to inflammation in AFLD by activating inflammatory pathways and promoting the release of pro-inflammatory cytokines and chemokines. ROS can activate nuclear factor kappa B (NF-κB) and other transcription factors involved in inflammatory signaling pathways, leading to the production of inflammatory mediators such as tumor necrosis factor-alpha (TNF-α), interleukin-6 (IL-6), and interleukin-1 beta (IL-1β). Inflammatory cytokines and chemokines further stimulate ROS production, creating a vicious cycle of oxidative stress and inflammation that contributes to liver injury and the progression of AFLD.Fibrosis and Cirrhosis: Oxidative stress promotes the activation of hepatic stellate cells and the deposition of extracellular matrix proteins, leading to liver fibrosis and the development of cirrhosis in advanced stages of AFLD. ROS can induce the expression of profibrogenic factors such as transforming growth factor-beta (TGF-β) and promote the cross-linking of collagen fibers, resulting in the formation of scar tissue and impaired liver function. Oxidative stress-induced fibrosis and cirrhosis represent late-stage complications of AFLD and are associated with an increased risk of liver failure and hepatocellular carcinoma.Overall, oxidative stress plays a central role in the pathogenesis and progression of AFLD by promoting lipid accumulation, mitochondrial dysfunction, inflammation, fibrosis, and cirrhosis in the liver.",""
"Fatty Liver Disease (Nonalcoholic)","Fatty Liver Disease (Nonalcoholic)What is nonalcoholic fatty liver disease (NAFLD)?Nonalcoholic fatty liver disease (NAFLD) is a medical condition characterized by the accumulation of fat in the liver of individuals who consume little to no alcohol. It encompasses a spectrum of liver conditions ranging from simple fatty liver (steatosis) to more severe forms such as nonalcoholic steatohepatitis (NASH), fibrosis, cirrhosis, and liver failure. NAFLD is becoming increasingly prevalent worldwide, particularly in regions with high rates of obesity, type 2 diabetes, and metabolic syndrome.The pathogenesis of NAFLD is complex and involves multiple factors, including:Insulin Resistance: Insulin resistance, a condition in which cells become less responsive to the effects of insulin hormone, plays a central role in the development of NAFLD. Insulin resistance leads to increased production of glucose by the liver (gluconeogenesis) and enhanced lipolysis (breakdown of fat) in adipose tissue, resulting in elevated levels of circulating free fatty acids. These free fatty acids are taken up by the liver and stored as triglycerides, leading to hepatic steatosis (accumulation of fat in the liver).Lipid Metabolism: Dysregulation of lipid metabolism in the liver contributes to the accumulation of fat in hepatocytes. In individuals with NAFLD, there is increased synthesis of fatty acids and triglycerides within the liver, along with impaired export of triglycerides as very low-density lipoproteins (VLDL) for circulation. This imbalance between lipid uptake, synthesis, and export results in the accumulation of triglycerides in hepatocytes, leading to hepatic steatosis.Oxidative Stress and Inflammation: Oxidative stress and inflammation play key roles in the progression of NAFLD from simple steatosis to more severe forms of liver disease. Lipid accumulation in hepatocytes leads to mitochondrial dysfunction, increased production of reactive oxygen species (ROS), and oxidative stress. ROS can damage cellular components such as lipids, proteins, and DNA, leading to inflammation, cell death, and tissue injury. Inflammatory cytokines released by activated immune cells further exacerbate liver inflammation and fibrosis.Gut Microbiota: Alterations in the composition and function of the gut microbiota (dysbiosis) have been implicated in the pathogenesis of NAFLD. Dysbiosis may promote intestinal permeability, leading to the translocation of microbial products such as lipopolysaccharides (LPS) into the bloodstream. LPS can activate Toll-like receptors (TLRs) and induce inflammatory responses in the liver, contributing to the progression of NAFLD.Genetic and Environmental Factors: Genetic predisposition and environmental factors such as diet, sedentary lifestyle, and certain medications may also influence the development and progression of NAFLD. Genetic variants associated with insulin resistance, lipid metabolism, and inflammation have been implicated in the susceptibility to NAFLD. Dietary factors such as excessive consumption of fructose, saturated fats, and refined carbohydrates can promote hepatic steatosis and inflammation.What is the relationship between NAFLD and oxidative stress?The relationship between nonalcoholic fatty liver disease (NAFLD) and oxidative stress is significant and plays a central role in the pathogenesis and progression of the condition. Here’s how oxidative stress influences NAFLD:Lipid Peroxidation: Oxidative stress in the liver leads to the production of reactive oxygen species (ROS) and reactive nitrogen species (RNS), which can react with lipids in hepatocytes through a process called lipid peroxidation. Lipid peroxidation results in the formation of lipid peroxides and other reactive lipid species, which can damage cell membranes and organelles, disrupt cellular function, and promote inflammation.Mitochondrial Dysfunction: Oxidative stress can impair mitochondrial function in hepatocytes, leading to mitochondrial dysfunction and increased production of ROS within mitochondria. Mitochondrial ROS production contributes to oxidative stress and cellular damage in NAFLD, as mitochondria are a major source of ROS in liver cells. Mitochondrial dysfunction can further exacerbate oxidative stress and promote lipid accumulation, inflammation, and liver injury.Inflammation: Oxidative stress activates inflammatory pathways and promotes the release of pro-inflammatory cytokines and chemokines within the liver. Inflammatory cytokines such as tumor necrosis factor-alpha (TNF-α), interleukin-6 (IL-6), and interleukin-1 beta (IL-1β) further stimulate ROS production and contribute to oxidative stress, creating a vicious cycle of inflammation and oxidative damage in NAFLD. Chronic inflammation is a key feature of NAFLD and plays a central role in disease progression from simple steatosis to nonalcoholic steatohepatitis (NASH) and advanced liver fibrosis.Fibrosis and Cirrhosis: Oxidative stress promotes the activation of hepatic stellate cells and the deposition of extracellular matrix proteins, leading to liver fibrosis and the development of cirrhosis in advanced stages of NAFLD. ROS can induce the expression of profibrogenic factors such as transforming growth factor-beta (TGF-β) and promote the cross-linking of collagen fibers, resulting in the formation of scar tissue and impaired liver function. Oxidative stress-induced fibrosis and cirrhosis represent late-stage complications of NAFLD and are associated with an increased risk of liver failure and hepatocellular carcinoma.Insulin Resistance and Lipotoxicity: Oxidative stress contributes to insulin resistance and lipotoxicity in the liver, which are key mechanisms underlying the development of NAFLD. Insulin resistance leads to dysregulation of lipid metabolism, increased synthesis of fatty acids, and impaired export of triglycerides from hepatocytes, resulting in the accumulation of fat in the liver. Lipid accumulation in hepatocytes promotes oxidative stress and inflammation, further exacerbating insulin resistance and cellular damage.Overall, oxidative stress plays a central role in the pathogenesis and progression of NAFLD by promoting lipid peroxidation, mitochondrial dysfunction, inflammation, fibrosis, and insulin resistance in the liver.",""
"Fibrosis","FibrosisWhat is fibrosis?Fibrosis is a pathological process characterized by the excessive accumulation of fibrous connective tissue, primarily collagen, in an organ or tissue. This fibrous tissue replaces normal functional tissue and disrupts the normal structure and function of the affected organ. Fibrosis can occur in various organs and tissues throughout the body and is associated with many chronic diseases and conditions.The process of fibrosis involves several key steps:Injury or Insult: Fibrosis often begins with tissue injury, inflammation, or chronic irritation caused by various factors such as infection, toxins, autoimmune reactions, ischemia (lack of blood flow), mechanical injury, or exposure to environmental pollutants. The initial injury triggers an inflammatory response, leading to the recruitment of immune cells and the release of pro-inflammatory cytokines and growth factors.Activation of Fibroblasts: In response to tissue injury and inflammation, resident fibroblasts and other precursor cells in the affected tissue are activated and undergo transformation into myofibroblasts. Myofibroblasts are specialized cells that play a central role in the production and deposition of extracellular matrix components, particularly collagen, which forms the structural framework of fibrous tissue.Extracellular Matrix Deposition: Activated myofibroblasts secrete excessive amounts of extracellular matrix proteins, including collagen, fibronectin, and proteoglycans. These proteins accumulate in the extracellular space and form a dense network of fibrous tissue, leading to the formation of scar tissue or fibrosis. The excessive deposition of collagen disrupts the normal architecture and function of the affected tissue, impairing its elasticity, flexibility, and function.Tissue Remodeling and Scarring: Over time, the deposited fibrous tissue undergoes remodeling, maturation, and cross-linking, leading to the formation of mature scar tissue. The scar tissue replaces the normal functional tissue and impairs its ability to perform its physiological functions. In some cases, the fibrosis may progress and become irreversible, leading to organ dysfunction, impaired organ function, and ultimately organ failure.Fibrosis can affect virtually any organ or tissue in the body, including the lungs (pulmonary fibrosis), liver (cirrhosis), heart (cardiac fibrosis), kidneys (renal fibrosis), skin (dermal fibrosis), and joints (fibrosis associated with arthritis). In addition to chronic diseases, fibrosis can also occur as a complication of surgical procedures, radiation therapy, or certain medications.What is the relationship between fibrosis and oxidative stress?The relationship between fibrosis and oxidative stress is significant and plays a central role in the pathogenesis and progression of fibrotic diseases. Oxidative stress refers to an imbalance between the production of reactive oxygen species (ROS) and the body’s antioxidant defenses, leading to cellular damage and dysfunction. Fibrosis is characterized by the excessive accumulation of fibrous connective tissue, primarily collagen, in an organ or tissue, leading to tissue scarring and disruption of normal structure and function.Several mechanisms underlie the relationship between fibrosis and oxidative stress:Activation of Fibroblasts: Oxidative stress can directly activate fibroblasts, the primary cells responsible for producing collagen and extracellular matrix proteins during fibrosis. ROS can stimulate signaling pathways involved in fibroblast activation and proliferation, leading to increased synthesis and deposition of collagen in the affected tissue. Activated fibroblasts are more sensitive to oxidative stress and produce higher levels of ROS, perpetuating a cycle of oxidative stress and fibrosis.Induction of Inflammation: Oxidative stress promotes inflammation in the affected tissue, contributing to the initiation and progression of fibrosis. ROS can activate pro-inflammatory signaling pathways, stimulate the production of pro-inflammatory cytokines and chemokines, and recruit immune cells to the site of tissue injury. Chronic inflammation exacerbates oxidative stress and promotes the activation of fibroblasts, leading to the deposition of fibrous tissue and fibrosis.Collagen Cross-linking and Maturation: Oxidative stress can promote the cross-linking and maturation of collagen fibers in the extracellular matrix, leading to the formation of mature scar tissue. ROS can modify collagen molecules by cross-linking amino acid residues, increasing the stability and stiffness of collagen fibers. Cross-linked collagen fibers are less susceptible to degradation and turnover, contributing to the persistence of fibrous tissue and fibrosis.Mitochondrial Dysfunction: Oxidative stress can impair mitochondrial function in fibroblasts and other cells involved in fibrosis, leading to increased ROS production and energy depletion. Mitochondria are a major source of ROS in cells, and oxidative damage to mitochondrial DNA, proteins, and lipids can disrupt mitochondrial function and promote ROS generation. Mitochondrial dysfunction exacerbates oxidative stress and cellular damage, contributing to fibrotic tissue deposition and fibrosis.Activation of Fibrogenic Signaling Pathways: Oxidative stress activates fibrogenic signaling pathways involved in fibroblast activation, extracellular matrix deposition, and tissue remodeling. ROS can stimulate transforming growth factor-beta (TGF-β) signaling, a key regulator of fibrosis, leading to increased collagen synthesis and fibroblast differentiation. Activation of TGF-β and other profibrotic pathways by oxidative stress promotes the progression of fibrosis and tissue scarring.Overall, oxidative stress plays a critical role in the pathogenesis and progression of fibrosis by promoting fibroblast activation, inflammation, collagen cross-linking, mitochondrial dysfunction, and activation of fibrogenic signaling pathways.",""
"Fluke Infection","Fluke InfectionWhat is fluke infection?Fluke infections, also known as trematode infections, are caused by parasitic flatworms belonging to the class Trematoda. These parasites, commonly referred to as flukes, can infect humans and a wide range of animals, including mammals, birds, and fish. Fluke infections are prevalent in tropical and subtropical regions, where they can cause significant morbidity and mortality, particularly in areas with poor sanitation and limited access to healthcare.There are several species of flukes that can infect humans, each with its own life cycle, host specificity, and clinical manifestations. The most common types of fluke infections in humans include:Liver Fluke Infections: Liver flukes belong to the genus Fasciola and include species such asFasciola hepaticaandFasciola gigantica. These parasites primarily infect the liver and bile ducts of humans and animals. Infection occurs through ingestion of contaminated water or aquatic plants containing infective larvae (cercariae). Liver fluke infection can cause hepatobiliary disease, including cholangitis, cholecystitis, and obstructive jaundice.Intestinal Fluke Infections: Intestinal flukes infect the gastrointestinal tract of humans and animals. Common intestinal flukes include species of the genus Fasciolopsis, such asFasciolopsis buski. Infection occurs through ingestion of contaminated water or aquatic plants containing infective metacercariae. Intestinal fluke infection can cause gastrointestinal symptoms such as abdominal pain, diarrhea, and malabsorption.Lung Fluke Infections: Lung flukes infect the respiratory tract of humans and animals. Common lung flukes include species of the genus Paragonimus, such as Paragonimus westermani. Infection occurs through ingestion of raw or undercooked freshwater crustaceans (e.g., crabs, crayfish) containing infective metacercariae. Lung fluke infection can cause pulmonary symptoms such as cough, chest pain, hemoptysis (coughing up blood), and respiratory distress.Blood Fluke Infections: Blood flukes belong to the genusSchistosomaand include species such asSchistosoma mansoni, Schistosoma japonicum, andSchistosoma haematobium. These parasites infect the blood vessels of the intestine or urinary tract, depending on the species. Infection occurs through skin contact with water containing infective cercariae. Blood fluke infection can cause schistosomiasis, a chronic inflammatory disease characterized by abdominal pain, diarrhea, hematuria (blood in urine), and hepatosplenomegaly (enlargement of the liver and spleen).What is the relationship between fluke infection and oxidative stress?The relationship between fluke infections and oxidative stress involves complex interactions between the host immune response, parasite-induced inflammation, and oxidative stress pathways. Fluke infections, caused by parasitic flatworms belonging to the class Trematoda, can elicit a range of host immune responses and inflammatory reactions, which in turn can lead to the generation of reactive oxygen species (ROS) and oxidative stress. Several mechanisms contribute to the relationship between fluke infections and oxidative stress:Host Immune Response: When fluke parasites infect the host, the host’s immune system responds by activating various immune cells and inflammatory mediators to combat the infection. Immune cells such as macrophages, neutrophils, and eosinophils produce ROS as part of their antimicrobial defense mechanisms to eliminate the parasites. However, excessive ROS production can lead to oxidative stress and tissue damage in the host.Inflammatory Reactions: Fluke infections often induce inflammatory reactions in the host tissues as a result of parasite migration, tissue damage, and host immune responses. Inflammation is associated with the production of pro-inflammatory cytokines, chemokines, and reactive oxygen species (ROS) by immune cells. Chronic inflammation can exacerbate oxidative stress and contribute to tissue injury and fibrosis in the affected organs.Parasite-induced Damage: Fluke parasites can directly induce oxidative stress and tissue damage through various mechanisms. For example, adult flukes may release excretory-secretory products (ESPs) or metabolites that contain molecules capable of generating ROS and damaging host tissues. Additionally, parasite eggs or larvae may provoke inflammatory responses and oxidative stress in host tissues during migration or when they become trapped in tissues.Host Defense Mechanisms: The host attempts to counteract oxidative stress and protect against tissue damage through antioxidant defense mechanisms. Antioxidant enzymes such as superoxide dismutase (SOD), catalase, and glutathione peroxidase scavenge ROS and mitigate oxidative damage. However, in chronic or severe infections, the host’s antioxidant defenses may become overwhelmed, leading to oxidative stress and tissue injury.Role in Pathogenesis: Oxidative stress induced by fluke infections can contribute to the pathogenesis of various disease manifestations associated with these infections. For example, oxidative stress has been implicated in the development of liver fibrosis and hepatocellular injury in liver fluke infections (e.g.,Fasciola hepatica,Fasciola gigantica), as well as in the pathogenesis of bladder cancer associated withSchistosoma haematobiumOverall, the relationship between fluke infections and oxidative stress involves a complex interplay between host immune responses, parasite-induced inflammation, and tissue damage.",""
"Food Poisoning","Food PoisoningFood Poisoningand Hydrogen Water – Hydrogen Treatments and Therapy ResearchFood poisoning, also known as foodborne illness, is a common condition caused by consuming contaminated food or beverages contaminated with harmful bacteria, viruses, parasites, or toxins. These pathogens can contaminate food at any stage of production, processing, or preparation, leading to illness when ingested.Common causes of food poisoning include:Bacteria: Bacterial pathogens such as Salmonella, Escherichia coli (E. coli), Campylobacter, Listeria, and Clostridium perfringens are common causes of food poisoning. These bacteria can contaminate various types of food, including raw or undercooked meat, poultry, eggs, seafood, and unpasteurized dairy products.Viruses: Viral pathogens such as norovirus, rotavirus, hepatitis A virus, and enterovirus can cause food poisoning. These viruses are highly contagious and can spread through contaminated food, water, or surfaces. Norovirus, in particular, is a common cause of outbreaks of gastroenteritis in settings such as cruise ships, schools, and hospitals.Parasites: Parasitic pathogens such as Giardia, Cryptosporidium, Toxoplasma, and Trichinella can cause foodborne illness. These parasites are often found in contaminated water, soil, or food, particularly raw or undercooked meat, seafood, fruits, and vegetables.Toxins: Toxins produced by certain bacteria, fungi, or plants can contaminate food and cause food poisoning. Examples include Staphylococcus aureus toxin in improperly handled or stored food, Bacillus cereus toxin in rice or pasta dishes left at room temperature, and aflatoxins produced by molds in peanuts, grains, and other crops.What is the relationship between food poisoning and oxidative stress?The relationship between food poisoning and oxidative stress involves the body’s response to infection or intoxication by pathogens or toxins present in contaminated food. Here’s how oxidative stress may be related to food poisoning:Inflammatory Response: Food poisoning often triggers an inflammatory response in the body as the immune system works to combat the invading pathogens or toxins. During inflammation, immune cells release reactive oxygen species (ROS) and reactive nitrogen species (RNS) as part of their defense mechanisms. While these molecules play a role in killing pathogens, they can also cause oxidative damage to host tissues if produced in excess, leading to oxidative stress.Tissue Damage: Some pathogens and toxins associated with food poisoning can directly induce oxidative stress and damage to host tissues. For example, certain bacterial toxins, such as those produced by Staphylococcus aureus or Clostridium perfringens, can disrupt cellular function and induce oxidative stress in the intestine or other organs. Similarly, exposure to fungal toxins such as aflatoxins, commonly found in contaminated grains and nuts, can lead to oxidative damage in the liver and other tissues.Antioxidant Defense Mechanisms: The body has natural antioxidant defense mechanisms to neutralize ROS and RNS and prevent oxidative damage. However, during food poisoning, the increased production of oxidative species may overwhelm these defense mechanisms, leading to oxidative stress. Additionally, some pathogens or toxins may directly interfere with antioxidant pathways, further exacerbating oxidative stress.Systemic Effects: In severe cases of food poisoning, systemic inflammation and oxidative stress can lead to multi-organ dysfunction and systemic complications. For example, in cases of severe bacterial food poisoning or septicemia, oxidative stress can contribute to organ failure, shock, and other life-threatening conditions.Recovery and Repair: After the acute phase of food poisoning, the body may continue to experience oxidative stress during the recovery and repair process. The immune system, along with antioxidant defenses, works to eliminate pathogens, repair damaged tissues, and restore homeostasis. However, prolonged or unresolved oxidative stress may hinder the recovery process and contribute to persistent symptoms or complications.Overall, oxidative stress is closely linked to the pathophysiology of food poisoning, playing a role in tissue damage, inflammation, immune responses, and recovery processes.",""
"Foot Ulcer","Foot UlcerWhat is foot ulcer?A foot ulcer is an open sore or wound that develops on the skin of the foot, typically on the bottom (plantar surface) or around the toes. Foot ulcers are a common complication of various medical conditions, particularly diabetes mellitus, peripheral artery disease (PAD), and neuropathy. They can also occur as a result of trauma, pressure, or other factors that impair the blood supply or sensation to the feet.There are several types of foot ulcers, including:Diabetic Foot Ulcers: Diabetic foot ulcers are one of the most common complications of diabetes mellitus, especially in individuals with poorly controlled blood sugar levels. Diabetes can lead to neuropathy (nerve damage) and peripheral artery disease (PAD), which impair sensation and blood flow to the feet, respectively. Neuropathy can cause loss of sensation, making individuals less aware of injuries or pressure points on their feet, while PAD reduces blood flow, impairing wound healing. As a result, minor injuries or pressure points can develop into ulcers, which may become chronic and difficult to heal.Neuropathic Ulcers: Neuropathic ulcers are caused by peripheral neuropathy, which leads to loss of sensation and altered biomechanics in the feet. Neuropathy can result from diabetes, alcoholism, vitamin deficiencies, infections, or other medical conditions. Neuropathic ulcers often develop at pressure points on the foot due to repetitive trauma, friction, or pressure from ill-fitting footwear. These ulcers are typically painless or associated with minimal discomfort.Ischemic Ulcers: Ischemic ulcers occur as a result of reduced blood flow to the feet, typically due to peripheral artery disease (PAD) or atherosclerosis. Reduced blood flow impairs oxygen and nutrient delivery to the tissues, leading to tissue ischemia and ulcer formation. Ischemic ulcers often develop on the toes, heels, or other areas with poor blood supply and are associated with pain, coolness, and pallor of the affected foot.Pressure Ulcers: Pressure ulcers, also known as bedsores or decubitus ulcers, can develop on the feet of individuals who are immobilized or bedridden for extended periods. Prolonged pressure and friction on bony prominences of the feet can cause tissue damage and ulceration. Pressure ulcers are commonly seen in hospitalized patients, nursing home residents, or individuals with limited mobility due to paralysis, injury, or illness.What is the relationship between foot ulcer and oxidative stress?The relationship between foot ulcers and oxidative stress involves complex interactions between various pathophysiological mechanisms, including impaired wound healing, inflammation, and tissue damage. Oxidative stress refers to an imbalance between the production of reactive oxygen species (ROS) and the body’s antioxidant defenses, leading to cellular damage and dysfunction. Several factors related to foot ulcers can contribute to oxidative stress:Ischemia-Reperfusion Injury: In individuals with peripheral artery disease (PAD) or compromised blood flow to the feet, ischemia (reduced blood supply) and subsequent reperfusion (restoration of blood flow) can lead to ischemia-reperfusion injury. Ischemia-reperfusion injury results in the production of ROS, which occurs when tissues are deprived of oxygen during ischemia and then exposed to increased oxygen levels during reperfusion. ROS generated during ischemia-reperfusion can cause oxidative damage to tissues, exacerbating inflammation and impairing wound healing in foot ulcers.Inflammation: Foot ulcers are often associated with inflammation, characterized by the recruitment of immune cells, release of pro-inflammatory cytokines, and activation of inflammatory pathways. Inflammatory cells such as neutrophils and macrophages produce ROS as part of their antimicrobial defense mechanisms to eliminate pathogens and promote tissue repair. However, excessive ROS production can lead to oxidative stress and tissue damage, prolonging inflammation and impairing wound healing in foot ulcers.Impaired Wound Healing: Oxidative stress can impair various stages of the wound healing process, including inflammation, proliferation, and remodeling. Excessive ROS production can disrupt cellular signaling pathways, inhibit cell migration and proliferation, and degrade extracellular matrix components essential for wound repair. In individuals with foot ulcers, oxidative stress may contribute to impaired wound healing, delayed closure of ulcers, and increased risk of infection and complications.Underlying Conditions: Conditions associated with foot ulcers, such as diabetes mellitus and peripheral neuropathy, can exacerbate oxidative stress through various mechanisms. Diabetes is characterized by chronic hyperglycemia (elevated blood sugar levels), which can promote oxidative stress by increasing the production of advanced glycation end-products (AGEs), activating inflammatory pathways, and impairing antioxidant defenses. Peripheral neuropathy, often associated with diabetes, can lead to loss of sensation and altered biomechanics in the feet, increasing the risk of trauma, pressure, and subsequent ulcer formation.Overall, oxidative stress plays a significant role in the pathogenesis and progression of foot ulcers by exacerbating inflammation, impairing wound healing, and promoting tissue damage.",""
"Fracture","FractureWhat is fracture?A fracture, commonly known as a broken bone, occurs when there is a disruption or crack in the continuity of a bone. Fractures can range in severity from minor cracks or hairline fractures to complete breaks where the bone is separated into two or more pieces. Fractures can occur in any bone in the body, and they can result from various causes, including trauma, falls, direct blows, overuse, or underlying medical conditions that weaken the bones.There are several types of fractures, each with its own characteristics:Closed (Simple) Fracture: In a closed fracture, the bone breaks without piercing the skin. The skin remains intact, and there is no external wound at the site of the fracture.Open (Compound) Fracture: In an open fracture, the broken bone penetrates through the skin, leading to an open wound. Open fractures are at higher risk of infection due to exposure to external contaminants.Complete Fracture: A complete fracture occurs when the bone is completely broken into two or more separate pieces.Incomplete Fracture: An incomplete fracture, also known as a hairline fracture or greenstick fracture, occurs when the bone is partially cracked or bent but not completely broken. This type of fracture is more common in children, whose bones are more flexible.Displaced Fracture: In a displaced fracture, the bone fragments are out of alignment or displaced from their normal position. This can result in deformity and may require manipulation to realign the bones for proper healing.Non-displaced Fracture: In a non-displaced fracture, the bone fragments remain in their normal alignment, with no significant displacement. Non-displaced fractures are often stable and may require less aggressive treatment.Comminuted Fracture: A comminuted fracture occurs when the bone is broken into multiple fragments or pieces. This type of fracture may result from high-energy trauma or crushing injuries.Pathological Fracture: A pathological fracture occurs when the bone is weakened by an underlying medical condition, such as osteoporosis, cancer, or infection. These fractures may occur with minimal trauma or even with normal activities.What is the relationship between fracture and oxidative stress?The relationship between fractures and oxidative stress is complex and multifaceted, involving various mechanisms related to the inflammatory response, tissue damage, and repair processes following a bone injury. Oxidative stress refers to an imbalance between the production of reactive oxygen species (ROS) and the body’s antioxidant defenses, leading to cellular damage and dysfunction. Several factors contribute to oxidative stress following a fracture:Inflammatory Response: Fractures trigger an inflammatory response, characterized by the recruitment of immune cells, release of pro-inflammatory cytokines, and activation of inflammatory pathways. Inflammatory cells such as neutrophils and macrophages produce ROS as part of their antimicrobial defense mechanisms to eliminate pathogens and promote tissue repair. However, excessive ROS production during inflammation can lead to oxidative stress and tissue damage, prolonging the inflammatory phase of fracture healing.Ischemia-Reperfusion Injury: Fractures disrupt blood vessels and reduce blood flow to the injured area, leading to tissue ischemia (lack of oxygen) and subsequent reperfusion injury when blood flow is restored. Ischemia-reperfusion injury results in the production of ROS, which can cause oxidative damage to tissues and exacerbate inflammation. ROS generated during ischemia-reperfusion contribute to oxidative stress and impair fracture healing.Tissue Damage and Repair Processes: Fractures cause mechanical trauma and tissue damage to the bone and surrounding soft tissues. The repair processes following a fracture, including inflammation, angiogenesis (formation of new blood vessels), and bone remodeling, require the generation of ROS as signaling molecules to regulate cell proliferation, differentiation, and matrix synthesis. However, excessive ROS production can overwhelm the antioxidant defenses and lead to oxidative stress, inhibiting the normal healing response and delaying fracture healing.Bone Remodeling: Fracture healing involves a complex series of events, including inflammation, callus formation, bone resorption, and new bone formation. ROS play a role in bone remodeling by regulating osteoclast and osteoblast activity, which are responsible for bone resorption and formation, respectively. Imbalance between ROS production and antioxidant defenses can disrupt the delicate balance of bone remodeling, leading to impaired fracture healing and delayed bone union.Underlying Conditions: Underlying medical conditions such as diabetes mellitus, osteoporosis, and aging can exacerbate oxidative stress and impair fracture healing. Diabetes and osteoporosis are associated with chronic inflammation, impaired antioxidant defenses, and increased oxidative stress, which can compromise fracture healing. Aging is also associated with reduced antioxidant capacity and increased susceptibility to oxidative damage, leading to impaired fracture healing in older individuals.Overall, oxidative stress plays a significant role in the pathogenesis and progression of fractures by exacerbating inflammation, impairing tissue repair processes, and disrupting bone remodeling.",""
"Gastric Mucosal Injury","Gastric Mucosal InjuryWhat is gastric mucosal injury?Gastric mucosal injury refers to damage or disruption of the mucous membrane lining the stomach, known as the gastric mucosa. The gastric mucosa serves as a protective barrier that helps to prevent damage to the underlying stomach tissue from stomach acid, digestive enzymes, and other harmful substances. When this protective barrier is compromised, gastric mucosal injury can occur, leading to various symptoms and complications.Causes of gastric mucosal injury can include:Nonsteroidal Anti-Inflammatory Drugs (NSAIDs): NSAIDs such as aspirin, ibuprofen, and naproxen are commonly associated with gastric mucosal injury. These medications can disrupt the gastric mucosal barrier, increase stomach acid production, and impair blood flow to the stomach lining, leading to irritation, inflammation, and ulcer formation.Helicobacter pylori Infection: Infection with the bacterium Helicobacter pylori (H. pylori) is a major cause of gastric mucosal injury and peptic ulcer disease. H. pylori can colonize the stomach lining, leading to inflammation, damage to the gastric mucosa, and the development of gastric ulcers or gastritis.Excessive Alcohol Consumption: Chronic alcohol consumption can irritate and damage the gastric mucosa, leading to gastritis, erosions, and ulcers. Alcohol can increase stomach acid production, disrupt the gastric mucosal barrier, and impair the repair mechanisms of the stomach lining.Stress: Severe physical or emotional stress can lead to gastric mucosal injury through mechanisms such as increased production of stomach acid, decreased blood flow to the stomach, and disruption of the protective mucosal barrier. Stress-related mucosal injury can occur in critically ill patients, those undergoing major surgery, or individuals experiencing significant psychological stress.Smoking: Smoking cigarettes can contribute to gastric mucosal injury by increasing stomach acid production, impairing blood flow to the stomach lining, and weakening the gastric mucosal barrier. Smoking is a risk factor for gastritis, peptic ulcers, and other gastrointestinal disorders.Acid Reflux: Gastroesophageal reflux disease (GERD) can cause gastric mucosal injury when stomach acid refluxes back into the esophagus and irritates the stomach lining. Chronic acid reflux can lead to inflammation, erosion, and ulceration of the gastric mucosa, known as reflux esophagitis or peptic ulcer disease.What is the relationship between gastric mucosal injury and oxidative stress?The relationship between gastric mucosal injury and oxidative stress involves complex interactions between various factors that contribute to tissue damage and inflammation in the stomach lining. Here’s how oxidative stress may be related to gastric mucosal injury:Reactive Oxygen Species (ROS) Production: Oxidative stress occurs when there is an imbalance between the production of reactive oxygen species (ROS) and the antioxidant defense mechanisms in the gastric mucosa. ROS, such as superoxide radicals, hydrogen peroxide, and hydroxyl radicals, can be generated during normal cellular metabolism or in response to external factors such as inflammation, infection, or exposure to toxins. Excessive production of ROS in the gastric mucosa can overwhelm antioxidant defenses and lead to oxidative damage to lipids, proteins, and DNA in gastric epithelial cells.Inflammation and Immune Response: Oxidative stress can activate inflammatory pathways and stimulate the release of pro-inflammatory cytokines, chemokines, and inflammatory mediators in the gastric mucosa. Chronic inflammation in the stomach lining can contribute to mucosal injury, disrupt the integrity of the gastric mucosal barrier, and impair tissue repair mechanisms. Inflammatory cells such as neutrophils and macrophages can also produce ROS as part of their antimicrobial defense mechanisms, further exacerbating oxidative stress and tissue damage.NSAID-Induced Gastric Mucosal Injury: Nonsteroidal anti-inflammatory drugs (NSAIDs) are known to cause gastric mucosal injury and increase the risk of gastric ulcers through multiple mechanisms, including oxidative stress. NSAIDs can inhibit the activity of cyclooxygenase (COX) enzymes, leading to a decrease in the production of prostaglandins, which play a protective role in maintaining gastric mucosal integrity and promoting mucosal blood flow. Additionally, NSAIDs can directly induce oxidative stress in gastric epithelial cells by promoting the generation of ROS and impairing antioxidant defenses.Helicobacter pylori Infection: Infection with the bacterium Helicobacter pylori (H. pylori) is a major risk factor for gastric mucosal injury, gastritis, and peptic ulcer disease. H. pylori colonization of the stomach lining can induce oxidative stress through multiple mechanisms, including the production of ROS and reactive nitrogen species (RNS) by inflammatory cells, activation of inflammatory pathways, and disruption of mitochondrial function in gastric epithelial cells. Oxidative stress induced by H. pylori infection can lead to DNA damage, lipid peroxidation, and inflammation, contributing to mucosal injury and the development of gastric ulcers.Ischemia-Reperfusion Injury: Ischemia-reperfusion injury occurs when blood flow to the gastric mucosa is temporarily interrupted (ischemia) and then restored (reperfusion), leading to oxidative stress and tissue damage. Ischemia-reperfusion injury can occur during conditions such as gastric volvulus, gastric torsion, or gastric bypass surgery. Reperfusion of ischemic tissues can result in the generation of ROS, activation of inflammatory pathways, and disruption of cellular homeostasis, leading to mucosal injury, ulcer formation, and impaired tissue repair.Overall, oxidative stress plays a critical role in the pathogenesis of gastric mucosal injury by promoting inflammation, disrupting mucosal integrity, impairing tissue repair mechanisms, and increasing susceptibility to injury from external insults such as NSAIDs or H. pylori infection.",""
"Gastric Ulcer","Gastric UlcerWhat is gastric ulcer?A gastric ulcer, also known as a stomach ulcer, is a type of peptic ulcer that occurs in the lining of the stomach. Peptic ulcers are open sores or lesions that develop in the mucous membrane of the digestive tract, typically in areas exposed to gastric acid and digestive enzymes. Gastric ulcers specifically occur in the stomach, while duodenal ulcers occur in the upper part of the small intestine (duodenum).Gastric ulcers are commonly caused by an imbalance between the aggressive factors that damage the stomach lining and the protective mechanisms that normally prevent ulcer formation. Aggressive factors include:Helicobacter pylori Infection: Infection with the bacterium Helicobacter pylori (H. pylori) is a major cause of gastric ulcers. H. pylori can colonize the stomach lining and produce substances that weaken the protective mucous layer, allowing gastric acid and other digestive juices to damage the underlying stomach tissue.Nonsteroidal Anti-Inflammatory Drugs (NSAIDs): Chronic use of nonsteroidal anti-inflammatory drugs (NSAIDs) such as aspirin, ibuprofen, and naproxen can irritate and erode the gastric mucosa, leading to the development of gastric ulcers. NSAIDs inhibit the activity of cyclooxygenase (COX) enzymes, which are involved in the synthesis of prostaglandins that help protect the stomach lining.Excessive Alcohol Consumption: Chronic alcohol consumption can irritate and inflame the stomach lining, leading to the development of gastric ulcers. Alcohol can increase stomach acid production and impair the function of the mucous layer, making the stomach more susceptible to damage from gastric acid and other irritants.Smoking: Cigarette smoking is a risk factor for gastric ulcers as it can impair blood flow to the stomach lining, increase stomach acid production, and weaken the mucous barrier, making the stomach more vulnerable to injury.Stress: While acute stress is not a direct cause of gastric ulcers, it can exacerbate existing ulcer symptoms and delay healing by increasing stomach acid production and impairing blood flow to the stomach lining.What is the relationship between gastric ulcer and oxidative stress?The relationship between gastric ulcers and oxidative stress involves complex interactions between various factors that contribute to tissue damage, inflammation, and impaired healing in the stomach lining. Here’s how oxidative stress may be related to gastric ulcers:Reactive Oxygen Species (ROS) Production: Oxidative stress occurs when there is an imbalance between the production of reactive oxygen species (ROS) and the antioxidant defense mechanisms in the gastric mucosa. ROS, such as superoxide radicals, hydrogen peroxide, and hydroxyl radicals, can be generated during normal cellular metabolism or in response to external factors such as inflammation, infection, or exposure to toxins. Excessive production of ROS in the gastric mucosa can overwhelm antioxidant defenses and lead to oxidative damage to lipids, proteins, and DNA in gastric epithelial cells.Inflammation and Immune Response: Oxidative stress can activate inflammatory pathways and stimulate the release of pro-inflammatory cytokines, chemokines, and inflammatory mediators in the gastric mucosa. Chronic inflammation in the stomach lining is a hallmark of gastric ulcers and can exacerbate oxidative stress, disrupt the integrity of the gastric mucosal barrier, and impair tissue repair mechanisms. Inflammatory cells such as neutrophils and macrophages can also produce ROS as part of their antimicrobial defense mechanisms, further contributing to oxidative stress and tissue damage.Helicobacter pylori Infection: Infection with the bacterium Helicobacter pylori (H. pylori) is a major risk factor for gastric ulcers and is associated with oxidative stress in the gastric mucosa. H. pylori colonization of the stomach lining can induce oxidative stress through multiple mechanisms, including the production of ROS and reactive nitrogen species (RNS) by inflammatory cells, activation of inflammatory pathways, and disruption of mitochondrial function in gastric epithelial cells. Oxidative stress induced by H. pylori infection can lead to DNA damage, lipid peroxidation, and inflammation, contributing to mucosal injury and the development of gastric ulcers.Nonsteroidal Anti-Inflammatory Drugs (NSAIDs): Chronic use of nonsteroidal anti-inflammatory drugs (NSAIDs) such as aspirin, ibuprofen, and naproxen is another common cause of gastric ulcers and is associated with oxidative stress in the stomach lining. NSAIDs can impair the function of the gastric mucosal barrier, increase stomach acid production, and promote the generation of ROS, leading to oxidative damage to gastric epithelial cells and increased susceptibility to ulcer formation.Overall, oxidative stress plays a critical role in the pathogenesis of gastric ulcers by promoting inflammation, disrupting mucosal integrity, impairing tissue repair mechanisms, and increasing susceptibility to injury from external insults such as H. pylori infection or NSAID use.",""
"Gastritis","GastritisGastritisand Hydrogen Water – Hydrogen Treatments and Therapy ResearchGastritis is a medical term used to describe inflammation of the lining of the stomach. This inflammation can be acute, meaning it occurs suddenly and is usually short-lived, or chronic, indicating a persistent or recurrent condition.What is the relationship between gastritis and oxidative stress?The relationship between gastritis and oxidative stress involves a complex interplay of inflammatory processes, cellular damage, and antioxidant defense mechanisms within the stomach lining. Oxidative stress refers to an imbalance between the production of reactive oxygen species (ROS) and the body’s antioxidant defenses, leading to cellular damage and dysfunction. Several factors contribute to oxidative stress in gastritis:Inflammation: Gastritis is characterized by inflammation of the gastric mucosa, which can be triggered by various factors such as Helicobacter pylori infection, NSAID use, alcohol consumption, or autoimmune disorders. Inflammatory cells, including neutrophils, macrophages, and lymphocytes, produce ROS as part of the immune response to eliminate pathogens and damaged cells. Chronic inflammation in gastritis leads to sustained ROS production, contributing to oxidative stress and tissue damage in the stomach lining.Helicobacter pylori infection: H. pylori is a common bacterial pathogen associated with gastritis and peptic ulcers. The bacterium colonizes the gastric mucosa and induces inflammation through various mechanisms, including the release of pro-inflammatory cytokines, activation of immune cells, and disruption of gastric epithelial barrier function. H. pylori infection leads to increased ROS production and oxidative stress in the gastric mucosa, contributing to tissue damage and progression of gastritis.NSAID-induced injury: Nonsteroidal anti-inflammatory drugs (NSAIDs) such as aspirin, ibuprofen, and naproxen are known to cause gastritis and peptic ulcers by inhibiting cyclooxygenase enzymes and reducing prostaglandin synthesis. NSAIDs also promote oxidative stress by disrupting mitochondrial function, inhibiting antioxidant enzymes, and increasing ROS production in gastric epithelial cells. Chronic NSAID use leads to sustained oxidative stress and mucosal damage, exacerbating gastritis and increasing the risk of complications such as gastrointestinal bleeding.Alcohol consumption: Excessive alcohol consumption can irritate the gastric mucosa and promote inflammation, leading to gastritis and mucosal injury. Alcohol metabolism generates ROS and reactive aldehydes, which induce oxidative stress and lipid peroxidation in gastric epithelial cells. Chronic alcohol consumption also impairs antioxidant defense mechanisms, further exacerbating oxidative stress and tissue damage in the stomach lining.Antioxidant defense mechanisms: The gastric mucosa is equipped with antioxidant defense mechanisms to counteract oxidative stress and protect against cellular damage. Antioxidant enzymes such as superoxide dismutase (SOD), catalase, and glutathione peroxidase neutralize ROS and prevent oxidative damage to gastric epithelial cells. However, under conditions of chronic inflammation or excessive ROS production, antioxidant defenses may become overwhelmed, leading to sustained oxidative stress and tissue injury in gastritis.Overall, oxidative stress plays a significant role in the pathogenesis and progression of gastritis by promoting inflammation, mucosal damage, and impairment of antioxidant defense mechanisms within the stomach lining.",""
"Gastroenteritis","GastroenteritisWhat is gastroenteritis?Gastroenteritis is a common condition characterized by inflammation of the gastrointestinal tract, which includes the stomach and the intestines. It is often referred to as “stomach flu” or “stomach bug”, although it is not caused by the influenza virus. Gastroenteritis can be caused by a variety of infectious agents, including viruses, bacteria, and parasites, as well as non-infectious factors such as certain medications, toxins, and food allergies.What is the relationship between gastroenteritis and oxidative stress?The relationship between gastroenteritis and oxidative stress involves complex interactions between various factors that contribute to tissue damage, inflammation, and the body’s response to infection in the gastrointestinal tract. Here’s how oxidative stress may be related to gastroenteritis:Reactive Oxygen Species (ROS) Production: Oxidative stress occurs when there is an imbalance between the production of reactive oxygen species (ROS) and the antioxidant defense mechanisms in the gastrointestinal mucosa. ROS, such as superoxide radicals, hydrogen peroxide, and hydroxyl radicals, can be generated during the body’s immune response to infection or inflammation in the gastrointestinal tract. Excessive production of ROS can overwhelm antioxidant defenses and lead to oxidative damage to lipids, proteins, and DNA in the gastrointestinal epithelial cells.Inflammation and Immune Response: Oxidative stress can activate inflammatory pathways and stimulate the release of pro-inflammatory cytokines, chemokines, and inflammatory mediators in the gastrointestinal mucosa. During gastroenteritis, the body’s immune system responds to the presence of infectious agents (such as viruses, bacteria, or parasites) by initiating an inflammatory response to clear the infection. However, chronic or excessive inflammation can exacerbate oxidative stress, disrupt mucosal integrity, and impair tissue repair mechanisms, leading to prolonged symptoms and tissue damage.Intestinal Barrier Dysfunction: Oxidative stress can compromise the integrity of the intestinal barrier, which normally acts as a physical and immunological barrier to prevent the entry of harmful substances into the bloodstream. Disruption of the intestinal barrier function during gastroenteritis can lead to increased permeability (leaky gut), allowing toxins, pathogens, and inflammatory molecules to pass through the intestinal lining and enter systemic circulation. This can further exacerbate inflammation, oxidative stress, and tissue injury throughout the body.Antioxidant Defenses: The gastrointestinal mucosa possesses natural antioxidant defense mechanisms to neutralize ROS and maintain redox homeostasis. However, during gastroenteritis, the balance between ROS production and antioxidant defenses may be disrupted, leading to oxidative stress and tissue damage. Inadequate intake of dietary antioxidants or depletion of antioxidant reserves due to inflammation, malabsorption, or diarrhea may further exacerbate oxidative stress in individuals with gastroenteritis.Overall, oxidative stress plays a critical role in the pathogenesis of gastroenteritis by promoting inflammation, disrupting mucosal integrity, impairing tissue repair mechanisms, and contributing to systemic complications.",""
"Gastroesophageal Reflux Disease","Gastroesophageal Reflux DiseaseWhat is Gastroesophageal Reflux Disease (GERD)?Gastroesophageal reflux disease (GERD), commonly referred to as heartburn, is a chronic digestive disorder characterized by the reflux of stomach acid and other gastric contents into the esophagus, leading to symptoms such as heartburn, regurgitation, and chest discomfort. GERD occurs when the lower esophageal sphincter (LES), a ring of muscle at the junction between the esophagus and the stomach, fails to close properly or relaxes abnormally, allowing stomach contents to flow back up into the esophagus.What is the relationship between GERD and oxidative stress?The relationship between gastroesophageal reflux disease (GERD) and oxidative stress involves complex interactions between various factors that contribute to tissue damage, inflammation, and the progression of esophageal complications associated with GERD. Here’s how oxidative stress may be related to GERD:Reactive Oxygen Species (ROS) Production: Oxidative stress occurs when there is an imbalance between the production of reactive oxygen species (ROS) and the antioxidant defense mechanisms in the esophageal mucosa. ROS, such as superoxide radicals, hydrogen peroxide, and hydroxyl radicals, can be generated during normal cellular metabolism or in response to external factors such as inflammation, acid exposure, or tissue injury. Excessive production of ROS in the esophageal epithelial cells can lead to oxidative damage to lipids, proteins, and DNA, contributing to tissue inflammation and injury in GERD.Esophageal Inflammation: GERD is characterized by chronic exposure of the esophageal mucosa to stomach acid and other gastric contents, leading to inflammation and tissue damage. Oxidative stress can activate inflammatory pathways and stimulate the release of pro-inflammatory cytokines, chemokines, and inflammatory mediators in the esophageal mucosa. Chronic inflammation in the esophagus is a hallmark of GERD and can exacerbate oxidative stress, disrupt mucosal integrity, and impair tissue repair mechanisms, leading to complications such as esophagitis, Barrett’s esophagus, and esophageal adenocarcinoma.Mucosal Defense Mechanisms: The esophageal mucosa possesses natural antioxidant defense mechanisms to neutralize ROS and maintain redox homeostasis. However, during GERD, the balance between ROS production and antioxidant defenses may be disrupted, leading to oxidative stress and tissue damage. Inadequate intake of dietary antioxidants or depletion of antioxidant reserves due to chronic inflammation or acid exposure may further exacerbate oxidative stress in individuals with GERD.DNA Damage and Mutagenesis: Oxidative stress can cause DNA damage and mutations in esophageal epithelial cells, increasing the risk of genetic alterations and malignant transformation. Chronic exposure to acid and bile reflux in GERD can lead to the accumulation of DNA damage and genetic instability, contributing to the progression of Barrett’s esophagus and the development of esophageal adenocarcinoma, a complication associated with long-standing GERD.Overall, oxidative stress plays a critical role in the pathogenesis of GERD by promoting inflammation, disrupting mucosal integrity, impairing tissue repair mechanisms, and contributing to the progression of esophageal complications such as Barrett’s esophagus and esophageal adenocarcinoma.",""
"Gingivitis","GingivitisWhat is gingivitis?Gingivitis is a common and mild form of gum disease (periodontal disease) that causes irritation, redness, and swelling (inflammation) of the gingiva, which is the part of the gum around the base of the teeth. It is typically caused by poor oral hygiene habits that lead to the buildup of plaque—a sticky film of bacteria, food particles, and saliva—on the teeth and along the gumline.The main cause of gingivitis is the accumulation of plaque on the teeth due to inadequate brushing and flossing. When plaque is not removed regularly, it can harden and form tartar (calculus), which provides a surface for more plaque to accumulate and makes it more difficult to clean the teeth effectively. The bacteria in plaque produce toxins that irritate the gums and trigger an inflammatory response, leading to the characteristic symptoms of gingivitis.What is the relationship between gingivitis and oxidative stress?The relationship between gingivitis and oxidative stress involves complex interactions between various factors that contribute to inflammation, tissue damage, and the progression of gum disease. Here’s how oxidative stress may be related to gingivitis:Reactive Oxygen Species (ROS) Production: Oxidative stress occurs when there is an imbalance between the production of reactive oxygen species (ROS) and the antioxidant defense mechanisms in the gingival tissues. ROS, such as superoxide radicals, hydrogen peroxide, and hydroxyl radicals, can be generated during normal cellular metabolism or in response to external factors such as inflammation, infection, or tissue injury. Excessive production of ROS in the gingival tissues can lead to oxidative damage to lipids, proteins, and DNA, contributing to inflammation and tissue injury in gingivitis.Inflammation and Immune Response: Gingivitis is characterized by inflammation of the gingival tissues in response to the presence of plaque and bacteria on the teeth. Oxidative stress can activate inflammatory pathways and stimulate the release of pro-inflammatory cytokines, chemokines, and inflammatory mediators in the gingival tissues. Chronic inflammation in the gums is a hallmark of gingivitis and can exacerbate oxidative stress, disrupt tissue integrity, and impair tissue repair mechanisms, leading to the progression of gum disease.Tissue Damage and Degeneration: Oxidative stress can cause direct damage to the cells and tissues of the gingiva, leading to cellular dysfunction, apoptosis (cell death), and degeneration of the gingival tissues. Oxidative damage to proteins, lipids, and DNA in the gingival cells can impair their function and contribute to tissue inflammation, breakdown of the gingival barrier, and loss of attachment between the gums and teeth.Antioxidant Defenses: The gingival tissues possess natural antioxidant defense mechanisms to neutralize ROS and maintain redox homeostasis. However, during gingivitis, the balance between ROS production and antioxidant defenses may be disrupted, leading to oxidative stress and tissue damage. Inadequate intake of dietary antioxidants or depletion of antioxidant reserves due to chronic inflammation or periodontal disease may further exacerbate oxidative stress in individuals with gingivitis.Overall, oxidative stress plays a critical role in the pathogenesis of gingivitis by promoting inflammation, tissue damage, and the progression of gum disease.",""
"Glaucoma","GlaucomaWhat is glaucoma?Glaucoma is a group of eye conditions that damage the optic nerve, which is vital for good vision. This damage is often caused by abnormally high pressure in the eye, known as intraocular pressure (IOP). Glaucoma is a leading cause of irreversible blindness worldwide, and it typically progresses slowly over time, often without symptoms until significant vision loss has occurred.There are several types of glaucoma, but the two most common forms are:Primary Open-Angle Glaucoma (POAG): This is the most common type of glaucoma. It occurs when the drainage angle within the eye becomes less efficient over time, leading to a gradual increase in IOP. In POAG, the peripheral vision is typically affected first, and the condition progresses slowly without noticeable symptoms until later stages.Angle-Closure Glaucoma: This type of glaucoma occurs when the drainage angle within the eye becomes blocked or narrowed suddenly, causing a rapid increase in IOP. Angle-closure glaucoma can lead to severe symptoms such as eye pain, headache, nausea, and sudden vision loss. It is considered a medical emergency and requires immediate treatment to prevent permanent vision loss.Other types of glaucoma include secondary glaucoma (caused by other eye conditions or systemic diseases), congenital glaucoma (present at birth), and normal-tension glaucoma (damage to the optic nerve despite normal IOP).What is the relationship between glaucoma and oxidative stress?The relationship between glaucoma and oxidative stress involves complex interactions between oxidative damage, impaired antioxidant defenses, and the pathophysiology of glaucomatous optic neuropathy. Oxidative stress refers to an imbalance between the production of reactive oxygen species (ROS) and the body’s antioxidant defense mechanisms, leading to cellular damage and dysfunction. Several lines of evidence suggest that oxidative stress plays a significant role in the development and progression of glaucoma:Increased Oxidative Damage:",""
"Glomerulosclerosis","GlomerulosclerosisWhat is glomerulosclerosis?Glomerulosclerosis is a medical term that refers to the scarring or hardening of the glomeruli, which are tiny clusters of blood vessels in the kidneys responsible for filtering waste and excess fluids from the blood to form urine. Glomerulosclerosis can occur as a result of various kidney diseases and conditions, leading to impaired kidney function and potentially progressive kidney damage.There are two main types of glomerulosclerosis:Focal Segmental Glomerulosclerosis (FSGS): FSGS is a pattern of glomerular injury characterized by scarring and sclerosis affecting only some of the glomeruli within the kidney. It typically presents with focal (localized) areas of sclerosis within individual glomeruli and may also involve only certain segments (parts) of the affected glomeruli. FSGS can be primary (idiopathic), meaning the cause is unknown, or secondary to other conditions such as obesity, hypertension, HIV infection, or certain medications. FSGS is a leading cause of nephrotic syndrome, a kidney disorder characterized by proteinuria (excess protein in the urine), hypoalbuminemia (low levels of albumin in the blood), edema (swelling), and hyperlipidemia (elevated levels of lipids in the blood).Diffuse Glomerulosclerosis: Diffuse glomerulosclerosis refers to widespread scarring and sclerosis affecting many or all of the glomeruli within the kidney. It may result from chronic or advanced kidney diseases, such as diabetic nephropathy, hypertensive nephrosclerosis, lupus nephritis, or chronic glomerulonephritis. Diffuse glomerulosclerosis is often associated with progressive loss of kidney function and can lead to chronic kidney disease (CKD) and end-stage renal disease (ESRD) if left untreated.What is the relationship between glomerulosclerosis and oxidative stress?The relationship between glomerulosclerosis and oxidative stress involves complex interactions between oxidative damage, inflammation, and cellular dysfunction within the kidneys. Oxidative stress refers to an imbalance between the production of reactive oxygen species (ROS) and the body’s antioxidant defenses, leading to cellular damage and dysfunction. Several factors contribute to oxidative stress in glomerulosclerosis:Inflammatory Response: Glomerulosclerosis is often associated with inflammation within the kidneys, characterized by the infiltration of immune cells, release of pro-inflammatory cytokines, and activation of inflammatory pathways. Inflammatory cells such as macrophages and neutrophils produce ROS as part of the immune response to eliminate pathogens and damaged cells. However, excessive ROS production during inflammation can lead to oxidative stress and tissue damage, exacerbating glomerulosclerosis and kidney injury.Endothelial Dysfunction: Oxidative stress can impair endothelial function and disrupt the integrity of the glomerular capillaries, leading to endothelial dysfunction and microvascular damage. Endothelial dysfunction contributes to glomerular injury and sclerosis by promoting inflammation, thrombosis, and abnormal vascular permeability within the kidneys.Podocyte Injury: Podocytes are specialized cells that line the glomerular capillaries and play a critical role in maintaining the structure and function of the glomerular filtration barrier. Oxidative stress can cause podocyte injury and dysfunction, leading to disruption of the glomerular filtration barrier and proteinuria (excess protein in the urine). Podocyte injury contributes to glomerulosclerosis by impairing the ability of the kidneys to filter waste and excess fluids from the blood.Renal Fibrosis: Glomerulosclerosis is often accompanied by renal fibrosis, characterized by the accumulation of extracellular matrix proteins such as collagen within the kidney tissue. Oxidative stress can promote renal fibrosis by activating fibroblasts, promoting myofibroblast differentiation, and stimulating the production of collagen and other extracellular matrix proteins. Renal fibrosis leads to progressive scarring and remodeling of the kidney tissue, impairing kidney function and exacerbating glomerulosclerosis.Mitochondrial Dysfunction: Oxidative stress can disrupt mitochondrial function and lead to mitochondrial dysfunction within the kidney cells. Mitochondrial dysfunction contributes to cellular injury and apoptosis (cell death), further exacerbating glomerulosclerosis and kidney damage.Overall, oxidative stress plays a significant role in the pathogenesis and progression of glomerulosclerosis by promoting inflammation, endothelial dysfunction, podocyte injury, renal fibrosis, and mitochondrial dysfunction within the kidneys.",""
"Graft-Versus-Host-Disease","Graft-Versus-Host-DiseaseWhat is Graft-Versus-Host-Disease (GVHD)?Graft-versus-host disease (GVHD) is a complication that can occur after a stem cell or bone marrow transplant, where immune cells from the donor (the graft) attack the recipient’s tissues and organs (the host). It is a potentially serious and sometimes life-threatening condition that commonly affects the skin, gastrointestinal tract, and liver, but it can also involve other organs.GVHD occurs when the donor’s immune cells (T cells) recognize the recipient’s tissues as foreign and mount an immune response against them. There are two main types of GVHD:Acute GVHD: Acute GVHD typically occurs within the first 100 days after transplantation, although it can develop later. It often affects the skin, causing rash, itching, and blistering, as well as the gastrointestinal tract, leading to diarrhea, abdominal pain, nausea, and vomiting. Acute GVHD can also involve the liver, causing jaundice (yellowing of the skin and eyes) and abnormal liver function tests.Chronic GVHD: Chronic GVHD usually develops later, typically months to years after transplantation, although it can occur concurrently with acute GVHD. Chronic GVHD can affect multiple organs and tissues, including the skin, mouth, eyes, lungs, liver, and joints. Symptoms of chronic GVHD may include skin changes (such as thickened or hardened skin), dry mouth and eyes, shortness of breath, fatigue, muscle weakness, and joint pain.Risk factors for GVHD include the degree of human leukocyte antigen (HLA) mismatch between the donor and recipient, the type of transplant (allogeneic vs. autologous), the source of stem cells (bone marrow, peripheral blood, or cord blood), the intensity of conditioning therapy (pre-transplant chemotherapy and/or radiation), and the use of immunosuppressive medications to prevent or treat GVHD.What is the relationship between GVHD and oxidative stress?The relationship between graft-versus-host disease (GVHD) and oxidative stress involves complex interactions between immune dysregulation, tissue damage, inflammation, and oxidative damage within the affected tissues and organs. Oxidative stress refers to an imbalance between the production of reactive oxygen species (ROS) and the body’s antioxidant defenses, leading to cellular damage and dysfunction. Several factors contribute to oxidative stress in the context of GVHD:Immune Dysregulation: GVHD occurs when donor-derived T cells recognize the recipient’s tissues as foreign and mount an immune response against them. This immune dysregulation leads to the release of pro-inflammatory cytokines, activation of inflammatory pathways, and recruitment of immune cells to the affected tissues. The resulting inflammatory cascade generates ROS and promotes oxidative stress within the target organs, contributing to tissue damage and dysfunction.Tissue Damage: GVHD primarily affects tissues with high turnover rates and active cell proliferation, such as the skin, gastrointestinal tract, and liver. The immune-mediated damage caused by GVHD disrupts the normal cellular architecture and function of these tissues, leading to epithelial cell injury, mucosal damage, and organ dysfunction. The release of ROS during inflammation and tissue injury exacerbates oxidative stress and amplifies the damage to the affected tissues.Inflammatory Response: The inflammatory response triggered by GVHD plays a central role in the pathogenesis of oxidative stress. Inflammatory cells such as macrophages, neutrophils, and T cells produce ROS as part of the immune response to eliminate pathogens and damaged cells. However, excessive ROS production during inflammation overwhelms the antioxidant defenses and leads to oxidative stress, further propagating tissue damage and inflammation in GVHD.Gastrointestinal Damage: GVHD commonly affects the gastrointestinal tract, causing mucosal damage, ulceration, and inflammation. The disruption of the intestinal barrier function allows luminal antigens and microbial products to enter the systemic circulation, triggering immune activation and systemic inflammation. The resulting inflammatory cascade generates ROS and promotes oxidative stress within the gastrointestinal mucosa, exacerbating tissue injury and dysfunction in GVHD.Mitochondrial Dysfunction: Oxidative stress can impair mitochondrial function and lead to mitochondrial dysfunction within the affected tissues. Mitochondrial dysfunction exacerbates ROS production and oxidative stress, further amplifying tissue damage and inflammation in GVHD.Overall, oxidative stress plays a significant role in the pathogenesis and progression of GVHD by promoting tissue damage, inflammation, and immune dysregulation within the affected organs.",""
"Hangover","HangoverWhat is hangover?An alcoholic hangover is the set of symptoms that many people experience after drinking too much alcohol. It usually occurs the morning after heavy drinking and can last for several hours or even the entire day. Hangover symptoms can vary from person to person but commonly include:Headache: One of the most common symptoms of a hangover is a headache, which can range from mild to severe.Fatigue: Feeling tired and lacking energy is another common hangover symptom. Alcohol can disrupt sleep patterns and leave you feeling exhausted the next day.Nausea and vomiting: Many people experience stomach upset, nausea, and vomiting as part of a hangover. Alcohol can irritate the stomach lining and lead to gastrointestinal discomfort.Dehydration: Alcohol is a diuretic, meaning it increases urine production and can lead to dehydration. Dehydration can worsen hangover symptoms and contribute to feelings of thirst and dry mouth.Muscle aches and pains: Alcohol can cause inflammation and muscle stiffness, leading to muscle aches and pains the next day.Sensitivity to light and sound: Hangovers can make you more sensitive to light and sound, exacerbating headaches and discomfort.Cognitive symptoms: Some people experience cognitive symptoms such as difficulty concentrating, memory problems, and mood disturbances during a hangover.The severity of hangover symptoms can depend on various factors, including the amount of alcohol consumed, individual tolerance levels, hydration status, and overall health. While there is no “”cure”” for a hangover, there are some strategies that may help alleviate symptoms, such as drinking plenty of water, getting rest, eating a balanced meal, and taking over-the-counter pain relievers if needed.What is the relationship between hangover and oxidative stress?Alcohol metabolism produces reactive oxygen species (ROS), which are highly reactive molecules that can cause oxidative stress in the body. When you drink alcohol, your liver metabolizes it into acetaldehyde, a toxic compound, and then further breaks it down into harmless substances. However, during this process, ROS are generated, leading to oxidative stress.Oxidative stress can contribute to many of the symptoms associated with a hangover. For example:Headache: Oxidative stress and inflammation in the brain can contribute to headaches during a hangover.Nausea and vomiting: Oxidative stress in the gastrointestinal tract can lead to irritation and inflammation, contributing to feelings of nausea and vomiting.Dehydration: Alcohol is a diuretic, meaning it increases urine production and can lead to dehydration. Dehydration exacerbates oxidative stress and can worsen hangover symptoms.Fatigue: Oxidative stress and inflammation can lead to feelings of fatigue and exhaustion during a hangover.Muscle aches and pains: Oxidative stress can contribute to muscle inflammation and soreness, exacerbating muscle aches and pains.Additionally, alcohol metabolism depletes the body’s antioxidant defenses, further contributing to oxidative stress. Antioxidants are molecules that neutralize ROS and protect cells from oxidative damage. When alcohol is consumed in excess, it can overwhelm the body’s antioxidant defenses, leading to increased oxidative stress and tissue damage.",""
"Hearing Loss","Hearing LossWhat is hearing loss?Hearing loss refers to a partial or complete inability to hear sounds in one or both ears. It can occur suddenly or gradually over time and may affect people of all ages. Hearing loss can vary in severity, ranging from mild to profound, and can have various causes and manifestations.There are two main types of hearing loss:Sensorineural hearing loss: This type of hearing loss occurs when there is damage to the inner ear (cochlea) or the auditory nerve pathways leading from the inner ear to the brain. Sensorineural hearing loss is often permanent and can be caused by factors such as aging (presbycusis), exposure to loud noise (noise-induced hearing loss), genetic factors, certain medications (ototoxic drugs), infections, head trauma, or diseases such as Meniere’s disease or acoustic neuroma.Conductive hearing loss: This type of hearing loss occurs when there is a blockage or impairment in the outer or middle ear that interferes with the transmission of sound waves to the inner ear. Conductive hearing loss can be caused by factors such as earwax buildup, ear infections (otitis media), fluid accumulation in the middle ear (effusion), perforation of the eardrum, abnormalities of the ear canal or ossicles (small bones in the middle ear), or congenital malformations.In addition to sensorineural and conductive hearing loss, a combination of both types, known as mixed hearing loss, can also occur. Mixed hearing loss involves damage to both the inner ear and the middle or outer ear structures.What is the relationship between hearing loss and oxidative stress?The relationship between hearing loss and oxidative stress involves complex interactions between various factors that contribute to damage and degeneration of the auditory system. Here’s how oxidative stress may be related to hearing loss:Reactive Oxygen Species (ROS) Production: Oxidative stress occurs when there is an imbalance between the production of reactive oxygen species (ROS) and the antioxidant defense mechanisms in the body. The inner ear, including the cochlea, is particularly vulnerable to oxidative damage due to its high metabolic activity, exposure to oxygen, and susceptibility to environmental stressors. Excessive production of ROS can occur in the inner ear due to factors such as aging, noise exposure, ototoxic medications, infections, or ischemia-reperfusion injury.Oxidative Damage to Cochlear Structures: Oxidative stress can cause direct damage to the delicate structures of the cochlea, including the sensory hair cells, supporting cells, and spiral ganglion neurons, which are essential for hearing function. ROS can oxidize lipids, proteins, and DNA within the cochlear cells, leading to cellular dysfunction, apoptosis (cell death), and degeneration of auditory structures. Damage to the sensory hair cells, in particular, can result in permanent hearing loss, as these cells are responsible for converting sound vibrations into electrical signals that are transmitted to the brain.Inflammatory Response and Tissue Injury: Oxidative stress in the inner ear can trigger an inflammatory response and tissue injury, leading to further damage and dysfunction of auditory structures. Inflammatory mediators and cytokines released in response to oxidative stress can exacerbate tissue inflammation, disrupt cellular homeostasis, and impair the repair and regeneration of damaged cochlear cells. Chronic inflammation and oxidative stress in the inner ear are implicated in the progression of age-related hearing loss, noise-induced hearing loss, and other forms of sensorineural hearing loss.Antioxidant Defense Mechanisms: The inner ear possesses antioxidant defense mechanisms to neutralize ROS and maintain redox homeostasis. However, in conditions of chronic oxidative stress or inadequate antioxidant protection, these defense mechanisms may be overwhelmed, leading to increased susceptibility to oxidative damage and hearing loss. Age-related declines in antioxidant enzyme activity, diminished levels of cellular antioxidants, or genetic variations in antioxidant genes may further exacerbate oxidative stress and contribute to age-related hearing loss and other forms of sensorineural hearing loss.Overall, oxidative stress plays a critical role in the pathogenesis of hearing loss by promoting damage and degeneration of auditory structures, exacerbating inflammation and tissue injury, and impairing auditory function.",""
"Heart Attack","Heart AttackHydrogen Water and Heart AttacksWhat is a heart attack?Myocardial infarction, commonly known as a heart attack, occurs when there is a sudden blockage of blood flow to a part of the heart muscle, leading to tissue damage or death (infarction) of the affected area. This typically happens due to the obstruction of one or more coronary arteries, which supply oxygen-rich blood to the heart muscle (myocardium).The most common cause of myocardial infarction is the formation of a blood clot (thrombus) within a coronary artery, usually as a result of the rupture or erosion of an atherosclerotic plaque—a buildup of cholesterol, fatty deposits, and other substances on the inner walls of the arteries. When a plaque ruptures, it exposes the underlying tissue to blood, triggering the formation of a clot that can partially or completely block the artery, thereby reducing or cutting off blood flow to a portion of the heart.The lack of oxygen and nutrients delivered by the blood deprives the affected part of the heart muscle of its vital supply, leading to ischemia (inadequate blood supply) and subsequent damage or death of the myocardial cells. If blood flow is not restored promptly, irreversible damage can occur, resulting in permanent impairment of heart function or even death.The longer the heart goes without blood, the worse the damage. But even after blood flow is restored, another problem kicks in:oxidative stress. That’s where hydrogen water makes the big impact.Hydrogen Water and Heart Attacks:Here’s what hydrogen water does for the heart:Reduces oxidative stress during reperfusion: After a heart attack, when blood rushes back into the heart, it can create a burst of harmful molecules called free radicals. These can damage cells even more than the blockage itself. HRW neutralizes the most dangerous ones—like hydroxyl radicals and peroxynitrite—protecting heart tissue during this critical window​​.Limits inflammation: Heart attacks trigger massive inflammation, which leads to more swelling and scar tissue. HRW helps calm this response by lowering pro-inflammatory signals like TNF-α and IL-6​.Protects mitochondria: The heart runs on energy. Mitochondria are the engines that power each cell. After a heart attack, they can fail. HRW supports mitochondrial function, helping the heart bounce back more effectively​.Reduces heart muscle damage: In animal",""
"Heart Failure","Heart FailureHydrogen Water and Heart FailureWhat is a heart failure?Heart failure, also known as congestive heart failure (CHF), is a chronic and progressive medical condition in which the heart becomes unable to pump blood effectively to meet the body’s needs. As a result, the body may not receive enough oxygen and nutrients, leading to various symptoms and complications.Heart failure can occur when the heart muscles become weakened or stiffened, impairing their ability to contract and pump blood efficiently. It can affect the left side, right side, or both sides of the heart, leading to different types of heart failure:Left-sided heart failure: This occurs when the left ventricle, the main pumping chamber of the heart responsible for pumping oxygen-rich blood to the body, becomes weakened or stiffened. Left-sided heart failure can result in the backup of blood into the lungs, leading to symptoms such as shortness of breath, coughing, and fluid buildup in the lungs (pulmonary congestion).Right-sided heart failure: This occurs when the right ventricle, which receives oxygen-depleted blood from the body and pumps it to the lungs for oxygenation, becomes weakened or stiffened. Right-sided heart failure can cause blood to accumulate in the veins and organs, leading to symptoms such as swelling in the legs and abdomen, fatigue, and liver congestion.Heart failure can also be classified based on its severity and whether it occurs suddenly (acute) or develops gradually over time (chronic). Common causes and risk factors for heart failure include coronary artery disease, high blood pressure (hypertension), heart valve disorders, cardiomyopathy (disease of the heart muscle), congenital heart defects, arrhythmias (irregular heartbeats), diabetes, obesity, smoking, excessive alcohol consumption, and a history of heart attacks.It’s driven by three major problems: oxidative stress, chronic inflammation, and mitochondrial dysfunction. These stressors damage heart cells, weaken blood vessels, and reduce the energy the heart needs to function.Hydrogen-rich Water and Heart Failure:Hydrogen-rich water (HRW) targets all three causes mentioned.",""
"Heat Stress","Heat StressWhat is a heat stress?Heat stress occurs when the body is exposed to high temperatures and humidity levels, leading to an inability to regulate internal body temperature effectively. It can occur in various settings, such as during heatwaves, in hot and humid environments, or during strenuous physical activity. Heat stress can range from mild discomfort to severe heat-related illnesses, such as heat exhaustion or heatstroke, which can be life-threatening if not promptly treated.When the body is exposed to excessive heat, it tries to maintain a stable internal temperature through mechanisms such as sweating and dilation of blood vessels near the skin’s surface to release heat. However, in conditions of high heat and humidity, these cooling mechanisms may become overwhelmed, leading to an accumulation of heat within the body and an increase in core body temperature.Severe heat stress can progress to heat exhaustion or heatstroke, which are medical emergencies requiring immediate intervention. Heat exhaustion is characterized by more pronounced symptoms, such as heavy sweating, rapid pulse, cool and clammy skin, weakness, and nausea. Heatstroke, the most severe form of heat-related illness, occurs when the body’s temperature regulation system fails, leading to dangerously high body temperatures (above 104°F or 40°C), altered mental status, seizures, or loss of consciousness. Heatstroke can cause organ damage, brain injury, or death if not treated promptly.What is the relationship between heat stress and oxidative stress?The relationship between heat stress and oxidative stress involves complex interactions between various physiological responses to high temperatures and humidity levels. Here’s how heat stress may be related to oxidative stress:Increased Reactive Oxygen Species (ROS) Production: Heat stress can lead to increased production of reactive oxygen species (ROS) within the body. ROS are highly reactive molecules that contain oxygen and can damage cellular components such as lipids, proteins, and DNA. Exposure to high temperatures can stimulate metabolic processes and cellular respiration, leading to the generation of ROS as byproducts. Additionally, heat stress-induced cellular stressors, such as hypoxia (inadequate oxygen supply) or ischemia-reperfusion injury (interrupted blood flow followed by restoration), can further promote ROS production.Oxidative Damage to Cells and Tissues: The accumulation of ROS during heat stress can cause oxidative damage to cellular structures, including membranes, enzymes, and DNA. Lipid peroxidation, protein oxidation, and DNA damage can impair cellular function, disrupt signaling pathways, and induce cell death or apoptosis (programmed cell death). Oxidative damage to tissues and organs can exacerbate heat-related injuries, such as heat stroke, heat exhaustion, or exertional heat illness, and contribute to tissue damage, inflammation, and organ dysfunction.Activation of Antioxidant Defense Mechanisms: In response to increased oxidative stress during heat stress, the body activates antioxidant defense mechanisms to neutralize ROS and maintain redox homeostasis. Antioxidant enzymes, such as superoxide dismutase (SOD), catalase, and glutathione peroxidase, as well as non-enzymatic antioxidants, such as vitamin C, vitamin E, and glutathione, play crucial roles in scavenging ROS and protecting cells from oxidative damage. However, under conditions of prolonged or severe heat stress, antioxidant defense mechanisms may become overwhelmed, leading to oxidative stress and cellular damage.Modulation of Heat Shock Response: Heat stress can also induce the expression of heat shock proteins (HSPs), which are molecular chaperones that help protect cells from stress-induced damage and promote cellular repair and survival. HSPs play important roles in cellular defense mechanisms against oxidative stress by stabilizing proteins, preventing protein aggregation, and facilitating protein folding and degradation. However, dysregulation of the heat shock response or impaired HSP function may contribute to oxidative stress and cellular dysfunction under conditions of prolonged or severe heat stress.Overall, heat stress can induce oxidative stress by promoting ROS production, oxidative damage to cells and tissues, modulation of antioxidant defense mechanisms, and dysregulation of cellular stress responses.",""
"Helicobacter pylori Infection","Helicobacter pylori InfectionWhat isHelicobacter pyloriinfection?Helicobacter pylori(H. pylori) infection is a bacterial infection that primarily affects the stomach and the upper part of the small intestine (duodenum). It is one of the most common bacterial infections worldwide, with prevalence varying by geographical region and socioeconomic factors.H. pyloriinfection is usually acquired during childhood and can persist for many years if left untreated.pyloriis a spiral-shaped bacterium that colonizes the mucous layer of the stomach lining, where it can evade the body’s immune response and establish a chronic infection. The exact route of transmission ofH. pyloriis not entirely clear, but it is believed to be spread through oral-oral or fecal-oral routes, such as through contaminated food, water, or close contact with an infected individual.What is the relationship betweenHelicobacter pyloriinfection and oxidative stress?The relationship betweenHelicobacter pylori(H. pylori) infection and oxidative stress involves complex interactions between the bacterium, the host immune response, and the generation of reactive oxygen species (ROS) within the gastric mucosa. Oxidative stress refers to an imbalance between the production of ROS and the body’s antioxidant defenses, leading to cellular damage and dysfunction. Several mechanisms contribute to oxidative stress in the context ofH. pyloriinfection:Induction of Inflammatory Response:pyloriinfection triggers a robust inflammatory response in the gastric mucosa, characterized by the infiltration of immune cells, release of pro-inflammatory cytokines, and activation of inflammatory pathways. The inflammatory cascade generates ROS as byproducts of immune cell activation and respiratory burst reactions, leading to oxidative stress within the gastric epithelium.Production of Reactive Oxygen Species bypylori:H. pyloriitself can produce ROS as part of its normal metabolic processes. The bacterium produces enzymes such as urease and catalase, which generate ROS as byproducts of their enzymatic activities. These ROS can damage the gastric epithelium and contribute to oxidative stress within the gastric mucosa.Disruption of Antioxidant Defenses:pyloriinfection can disrupt the antioxidant defenses of the gastric mucosa, leading to impaired scavenging of ROS and increased susceptibility to oxidative damage. The bacterium can interfere with host antioxidant mechanisms by downregulating antioxidant enzymes such as superoxide dismutase (SOD), catalase, and glutathione peroxidase, which normally neutralize ROS and protect against oxidative stress.DNA Damage and Cellular Injury: Oxidative stress induced bypyloriinfection can cause damage to DNA, proteins, lipids, and other cellular components within the gastric mucosa. ROS can directly damage DNA and induce mutations, leading to genomic instability and increased risk of gastric carcinogenesis. Oxidative damage to proteins and lipids can disrupt cellular function and integrity, contributing to tissue injury and inflammation.Role in Gastric Carcinogenesis: Chronicpyloriinfection and associated oxidative stress have been implicated in the development of gastric cancer. Prolonged exposure to ROS and reactive nitrogen species (RNS) can lead to DNA damage, activation of oncogenic signaling pathways, and promotion of tumor growth and progression. Oxidative stress-induced genomic instability and DNA damage contribute to the accumulation of genetic alterations and malignant transformation of gastric epithelial cells.Overall, oxidative stress plays a significant role in the pathogenesis ofH. pylori-associated gastric diseases, including gastritis, peptic ulcers, and gastric cancer.",""
"Hemolytic Anemia","Hemolytic AnemiaWhat is hemolytic anemia?Hemolytic anemia is a condition characterized by the premature destruction of red blood cells (erythrocytes) in the bloodstream or within the spleen, liver, or bone marrow, leading to a decrease in the number of circulating red blood cells and subsequent anemia. This condition can occur due to various factors, including inherited disorders, autoimmune reactions, infections, medications, toxins, or certain medical conditions.In hemolytic anemia, the rate of red blood cell destruction exceeds the rate of their production, resulting in a shortage of red blood cells to carry oxygen throughout the body. This can lead to symptoms such as fatigue, weakness, pale skin (pallor), shortness of breath, rapid heartbeat (tachycardia), jaundice (yellowing of the skin and eyes), dark-colored urine, and an enlarged spleen or liver.There are two main types of hemolytic anemia:Intrinsic hemolytic anemia: Intrinsic hemolytic anemia occurs due to abnormalities within the red blood cells themselves, which make them more susceptible to destruction. This can be caused by genetic mutations affecting the structure or function of red blood cells, such as sickle cell anemia, thalassemia, hereditary spherocytosis, or glucose-6-phosphate dehydrogenase (G6PD) deficiency.Extrinsic hemolytic anemia: Extrinsic hemolytic anemia occurs when factors outside the red blood cells cause their destruction. This can be due to autoimmune disorders, in which the immune system mistakenly targets and destroys red blood cells (autoimmune hemolytic anemia), or to external factors such as infections, medications, toxins, or mechanical trauma.What is the relationship between hemolytic anemia and oxidative stress?The relationship between hemolytic anemia and oxidative stress involves complex interactions between various factors that contribute to red blood cell damage and destruction. Here’s how oxidative stress may be related to hemolytic anemia:Reactive Oxygen Species (ROS) Production: Oxidative stress occurs when there is an imbalance between the production of reactive oxygen species (ROS) and the antioxidant defense mechanisms in the body. Red blood cells are particularly vulnerable to oxidative damage due to their high metabolic activity and exposure to oxygen during circulation. Excessive production of ROS can occur in hemolytic anemia due to various factors, including abnormal red blood cell metabolism, increased hemoglobin turnover, or exposure to external oxidative stressors such as medications, toxins, or infections.Oxidative Damage to Red Blood Cells: Oxidative stress can cause direct damage to the membranes, proteins, and enzymes within red blood cells, leading to cellular dysfunction, hemolysis (rupture of red blood cells), and premature destruction of red blood cells in the bloodstream or within the spleen, liver, or bone marrow. ROS can oxidize membrane lipids (lipid peroxidation), destabilize membrane proteins, and impair antioxidant enzymes (such as superoxide dismutase, catalase, and glutathione peroxidase), further exacerbating oxidative stress and red blood cell damage in hemolytic anemia.Impaired Antioxidant Defense Mechanisms: Red blood cells possess antioxidant defense mechanisms to neutralize ROS and maintain redox homeostasis. However, in hemolytic anemia, the balance between ROS production and antioxidant defenses may be disrupted, leading to oxidative stress and cellular damage. Intrinsic factors such as genetic mutations affecting antioxidant enzymes or extrinsic factors such as medications, toxins, or infections can impair antioxidant defense mechanisms, making red blood cells more susceptible to oxidative damage and hemolysis.Inflammatory Response and Tissue Damage: Hemolysis and the release of cell-free hemoglobin and heme into the bloodstream can trigger an inflammatory response and oxidative stress in surrounding tissues and organs, leading to tissue damage, organ dysfunction, and systemic complications. Free hemoglobin and heme can generate ROS through Fenton chemistry, activate inflammatory pathways, and promote endothelial dysfunction, thrombosis, and vascular injury, contributing to the pathophysiology of hemolytic anemia and its associated complications.Overall, oxidative stress plays a critical role in the pathogenesis of hemolytic anemia by promoting red blood cell damage and destruction, exacerbating inflammation and tissue injury, and contributing to the progression of the disease.",""
"Hemorrhagic Shock","Hemorrhagic ShockWhat is hemorrhagic shock?Hemorrhagic shock is a medical emergency that occurs when the body loses a significant amount of blood, leading to inadequate perfusion of vital organs and tissues. It is characterized by severe hypotension (low blood pressure) and impaired tissue oxygenation, which can result in life-threatening complications if not promptly treated.Hemorrhagic shock typically occurs as a result of acute blood loss from traumatic injuries such as:Trauma: Severe injuries from motor vehicle accidents, falls, gunshot wounds, stab wounds, or other traumatic events can cause significant blood loss, leading to hemorrhagic shock.Surgical Complications: Intraoperative bleeding during surgical procedures or postoperative complications such as hemorrhage or vascular injury can result in hemorrhagic shock.Gastrointestinal Bleeding: Severe gastrointestinal bleeding from conditions such as peptic ulcers, ruptured esophageal varices, or gastrointestinal malignancies can lead to hemorrhagic shock.Obstetric Complications: Complications during childbirth, such as placental abruption, uterine rupture, or postpartum hemorrhage, can result in hemorrhagic shock.Medical Conditions: Certain medical conditions such as ruptured abdominal aortic aneurysm, coagulopathies, or severe hemolytic reactions can also lead to hemorrhagic shock.What is the relationship between hemorrhagic shock and oxidative stress?The relationship between hemorrhagic shock and oxidative stress involves the generation of reactive oxygen species (ROS) and the disruption of antioxidant defenses in response to tissue hypoxia and reperfusion injury during shock. Hemorrhagic shock results in inadequate tissue perfusion and oxygen delivery, leading to ischemia (lack of blood flow) and subsequent reperfusion injury when blood flow is restored. Several mechanisms contribute to oxidative stress in the context of hemorrhagic shock:Ischemia-Reperfusion Injury: During hemorrhagic shock, tissues become deprived of oxygen and nutrients due to reduced blood flow. Ischemia leads to cellular hypoxia and metabolic dysfunction, resulting in the accumulation of ROS and reactive nitrogen species (RNS) within the affected tissues. Reperfusion injury occurs when blood flow is restored to ischemic tissues, leading to a burst of ROS production and oxidative damage upon reintroduction of oxygen. This phenomenon exacerbates tissue injury and inflammation, contributing to organ dysfunction and systemic complications in hemorrhagic shock.Activation of Inflammatory Pathways: Hemorrhagic shock triggers a systemic inflammatory response characterized by the release of pro-inflammatory cytokines, activation of immune cells, and recruitment of inflammatory mediators to the site of injury. Inflammatory cells such as neutrophils and macrophages produce ROS as part of the immune response to eliminate pathogens and damaged cells. However, excessive ROS production during inflammation overwhelms the antioxidant defenses and leads to oxidative stress, further propagating tissue damage and systemic inflammation in hemorrhagic shock.Disruption of Antioxidant Defenses: Hemorrhagic shock can disrupt the body’s antioxidant defenses, leading to impaired scavenging of ROS and increased susceptibility to oxidative damage. Antioxidant enzymes such as superoxide dismutase (SOD), catalase, and glutathione peroxidase normally neutralize ROS and protect against oxidative stress. However, during hemorrhagic shock, antioxidant enzyme activity may be compromised due to depletion of cofactors, inhibition of enzyme function, or disruption of redox homeostasis, exacerbating oxidative stress and tissue injury.Mitochondrial Dysfunction: Oxidative stress during hemorrhagic shock can impair mitochondrial function and lead to mitochondrial dysfunction within the affected tissues. Mitochondria are the primary site of ROS production in the cell, and oxidative damage to mitochondrial proteins, lipids, and DNA can disrupt energy metabolism, increase ROS generation, and trigger cell death pathways. Mitochondrial dysfunction exacerbates tissue injury and organ dysfunction in hemorrhagic shock, further amplifying oxidative stress and inflammation.Overall, oxidative stress plays a significant role in the pathogenesis and progression of tissue injury and organ dysfunction in hemorrhagic shock.",""
"Hepatitis B","Hepatitis BWhat is a hepatitis B?Hepatitis B is a viral infection that primarily affects the liver and is caused by the hepatitis B virus (HBV). It can lead to acute or chronic inflammation of the liver, and in some cases, it can result in serious liver damage, liver failure, or liver cancer.What is the relationship between hepatitis B and oxidative stress?The relationship between hepatitis B virus (HBV) infection and oxidative stress is complex and multifaceted, involving various mechanisms that contribute to liver injury and disease progression. Here’s how hepatitis B may be related to oxidative stress:Viral Replication and Inflammation: Hepatitis B virus infection triggers an immune response in the liver, leading to inflammation and immune-mediated liver injury. During the process of viral replication and host immune response, reactive oxygen species (ROS) and reactive nitrogen species (RNS) are generated by immune cells, such as macrophages and neutrophils, as well as by infected hepatocytes. These ROS and RNS can cause oxidative damage to liver cells, including lipid peroxidation, protein oxidation, and DNA damage, leading to cellular dysfunction and apoptosis (programmed cell death).Mitochondrial Dysfunction: Hepatitis B virus can directly target mitochondria, the energy-producing organelles within liver cells, leading to mitochondrial dysfunction and impaired oxidative phosphorylation. Dysfunction of the electron transport chain in mitochondria can result in the leakage of electrons and generation of ROS, contributing to oxidative stress and cellular damage. Additionally, HBV-encoded proteins, such as the HBx protein, can disrupt mitochondrial membrane integrity, alter mitochondrial dynamics, and promote ROS production, further exacerbating oxidative stress in hepatocytes.Antioxidant Defense Mechanisms: In response to increased oxidative stress, the liver activates antioxidant defense mechanisms to neutralize ROS and maintain redox homeostasis. Antioxidant enzymes such as superoxide dismutase (SOD), catalase, and glutathione peroxidase, as well as non-enzymatic antioxidants like vitamin C, vitamin E, and glutathione, help scavenge ROS and protect liver cells from oxidative damage. However, chronic hepatitis B infection can overwhelm antioxidant defense mechanisms, leading to persistent oxidative stress and cellular injury.Viral Persistence and Disease Progression: Chronic hepatitis B infection is characterized by persistent viral replication and inflammation, which can contribute to ongoing liver injury, fibrosis, and progression to cirrhosis or liver cancer. Oxidative stress plays a critical role in driving these processes by promoting hepatocyte injury, activation of hepatic stellate cells, collagen deposition, and fibrogenesis. Additionally, oxidative DNA damage can increase the risk of genomic instability, genetic mutations, and hepatocellular carcinoma development in individuals with chronic hepatitis B.Overall, oxidative stress is closely linked to the pathogenesis of hepatitis B infection and contributes to liver injury, inflammation, fibrosis, and disease progression.",""
"Hidden Blood Loss","Hidden Blood LossWhat is hidden blood loss?Hidden blood loss refers to blood loss that occurs during surgical procedures or traumatic injuries but is not immediately apparent or accounted for by visible bleeding. It is called “”hidden”” because it may not be readily detectable by visual inspection or external measurements of blood loss. Instead, it occurs within tissues, body cavities, or compartments that are not directly visible or accessible.Several factors contribute to hidden blood loss:Surgical Procedures: Intraoperative blood loss can occur during surgical procedures, particularly orthopedic surgeries such as total joint replacement or spinal fusion. Blood may accumulate in surgical sponges, drapes, or suction devices, leading to underestimation of blood loss. Additionally, blood may seep into tissues or bone marrow cavities, contributing to hidden blood loss.Fractures and Trauma: Traumatic injuries, such as fractures or soft tissue injuries, can lead to bleeding into surrounding tissues or body cavities, resulting in hidden blood loss. Fractures, in particular, can disrupt blood vessels and cause bleeding into the surrounding soft tissues or joints, which may not be immediately apparent externally.Postoperative Period: In the postoperative period, ongoing bleeding or oozing from surgical sites may continue after the procedure is completed. Blood may accumulate in dressings, drains, or surgical drains, contributing to hidden blood loss. Additionally, hematomas (collections of blood) may form within tissues or surgical sites, further contributing to hidden blood loss.Anticoagulant Therapy: Patients receiving anticoagulant therapy or antiplatelet medications may be at increased risk of hidden blood loss due to impaired blood clotting mechanisms. Even minor injuries or surgical procedures can lead to prolonged bleeding and hidden blood loss in these patients.Underestimation of Blood Loss: Clinicians may underestimate blood loss during surgical procedures or traumatic injuries, leading to inadequate monitoring and management of hidden blood loss. Without accurate assessment and measurement of blood loss, clinicians may overlook the need for transfusion or other interventions to address hidden blood loss.What is the relationship between hidden blood loss and oxidative stress?The relationship between hidden blood loss and oxidative stress involves complex interactions between tissue injury, inflammation, and the generation of reactive oxygen species (ROS) within the body. While hidden blood loss itself does not directly induce oxidative stress, the underlying mechanisms that contribute to hidden blood loss can lead to oxidative stress in various ways:Tissue Injury: Hidden blood loss often occurs in the context of surgical procedures or traumatic injuries, which can cause tissue damage and cellular injury. Tissue injury triggers an inflammatory response characterized by the release of pro-inflammatory cytokines, activation of immune cells, and recruitment of inflammatory mediators to the site of injury. The resulting inflammatory cascade generates ROS as byproducts of immune cell activation and respiratory burst reactions, leading to oxidative stress within the injured tissues.Ischemia-Reperfusion Injury: In cases of surgical procedures or traumatic injuries that involve vascular compromise or tissue ischemia, reperfusion injury occurs when blood flow is restored to ischemic tissues, leading to a burst of ROS production and oxidative damage upon reintroduction of oxygen. Ischemia-reperfusion injury exacerbates tissue injury and inflammation, contributing to oxidative stress and tissue damage.Hemolysis: Hidden blood loss may also involve hemolysis, the breakdown of red blood cells (RBCs), which releases hemoglobin and other intracellular components into the bloodstream. Hemoglobin can undergo oxidative modification and generate ROS, leading to oxidative stress and endothelial dysfunction. Additionally, hemolysis can deplete antioxidant defenses and exacerbate oxidative stress in the body.Systemic Inflammation: Inflammatory responses triggered by tissue injury or trauma can lead to systemic inflammation, characterized by the release of pro-inflammatory cytokines and activation of immune cells throughout the body. Systemic inflammation contributes to oxidative stress by promoting ROS production and impairing antioxidant defenses, leading to oxidative damage in various organs and tissues.Overall, hidden blood loss can contribute to oxidative stress through its effects on tissue injury, ischemia-reperfusion injury, hemolysis, and systemic inflammation.",""
"High Blood Pressure","High Blood PressureWhat is hypertension?Hypertension, often referred to as high blood pressure, is a medical condition characterized by elevated pressure exerted by the blood against the walls of the arteries. Blood pressure is typically measured in millimeters of mercury (mm Hg) and is recorded as two numbers: systolic pressure (the top number) and diastolic pressure (the bottom number).Systolic pressure represents the force exerted by the blood against the artery walls when the heart beats or contracts to pump blood out (systole).Diastolic pressure represents the force exerted by the blood against the artery walls when the heart relaxes between beats (diastole).Normal blood pressure is generally considered to be around 1<a href=""https://hydrogen",""
"Hypoxia-Ischemia","Hypoxia-IschemiaWhat is Hypoxia-Ischemia (HI)?Hypoxia-ischemia (HI) is a condition characterized by inadequate oxygen supply (hypoxia) and reduced blood flow (ischemia) to tissues or organs in the body. It typically occurs when there is an imbalance between oxygen demand and oxygen delivery, resulting in tissue injury and dysfunction. Hypoxia-ischemia can affect various organs and tissues throughout the body, leading to a range of clinical manifestations and complications.There are two main components of hypoxia-ischemia:Hypoxia: Hypoxia refers to a state of reduced oxygen tension or availability in tissues, leading to cellular oxygen deprivation. Hypoxia can occur due to various factors, including reduced oxygen content in the blood (hypoxemia), impaired oxygen transport to tissues, or inadequate oxygenation of blood in the lungs. Cellular hypoxia disrupts aerobic metabolism and impairs cellular functions, ultimately leading to cellular injury and dysfunction.Ischemia: Ischemia refers to a state of reduced blood flow and impaired perfusion to tissues or organs, leading to tissue hypoperfusion and oxygen deprivation. Ischemia can occur due to obstruction or narrowing of blood vessels, such as in the case of arterial occlusion, thrombosis, embolism, or vasoconstriction. Reduced blood flow deprives tissues of oxygen and nutrients, leading to cellular injury, metabolic dysfunction, and tissue damage.Hypoxia-ischemia can occur in various clinical contexts, including:Cerebral Hypoxia-Ischemia: Hypoxia-ischemia of the brain can lead to cerebral ischemia, stroke, or hypoxic-ischemic encephalopathy. It may result from conditions such as cardiac arrest, stroke, or respiratory failure.Cardiac Hypoxia-Ischemia: Hypoxia-ischemia of the heart can lead to myocardial ischemia, angina pectoris, or myocardial infarction (heart attack). It may result from conditions such as coronary artery disease, atherosclerosis, or acute coronary syndrome.Peripheral Hypoxia-Ischemia: Hypoxia-ischemia of peripheral tissues can lead to tissue necrosis, gangrene, or limb ischemia. It may result from conditions such as peripheral arterial disease, vascular occlusion, or traumatic injuries.The severity and duration of hypoxia-ischemia determine the extent of tissue injury and the clinical consequences. Prolonged or severe hypoxia-ischemia can lead to irreversible tissue damage, organ dysfunction, and systemic complications.What is the relationship between HI and oxidative stress?The relationship between hypoxia-ischemia (HI) and oxidative stress involves complex interactions between cellular oxygen deprivation, ischemic injury, and the generation of reactive oxygen species (ROS) within tissues. Hypoxia-ischemia disrupts cellular metabolism, leading to oxidative stress and tissue damage through several mechanisms:Mitochondrial Dysfunction: Hypoxia-ischemia impairs mitochondrial function, the primary site of ROS production in cells. Oxygen deprivation disrupts the electron transport chain and oxidative phosphorylation, leading to electron leakage and ROS generation. Mitochondrial dysfunction contributes to oxidative stress and amplifies tissue injury during hypoxia-ischemia.Reactive Oxygen Species Production: Ischemic conditions induce the generation of ROS through multiple pathways, including activation of xanthine oxidase, NADPH oxidase, and mitochondrial enzymes. ROS, such as superoxide anion (O<a href=""https://hydrogen",""
"Immune Dysfunction","Immune DysfunctionWhat is immune dysfunction?Immune dysfunction refers to abnormalities or dysregulation in the functioning of the immune system, which is responsible for protecting the body from harmful invaders such as viruses, bacteria, fungi, and other pathogens, as well as abnormal cells like cancer cells. The immune system is composed of various cells, tissues, and organs that work together to identify and eliminate foreign substances and maintain homeostasis in the body.Immune dysfunction can manifest in different ways and may involve:Immunodeficiency: Immunodeficiency disorders occur when the immune system is weakened or impaired, leading to increased susceptibility to infections and other diseases. Primary immunodeficiencies are genetic disorders that affect the development or functioning of the immune system from birth, while secondary immunodeficiencies can develop later in life due to factors such as infections, medications, or underlying medical conditions. Examples of immunodeficiency disorders include severe combined immunodeficiency (SCID), common variable immunodeficiency (CVID), and HIV/AIDS.Autoimmunity: Autoimmune disorders occur when the immune system mistakenly attacks and damages healthy cells and tissues in the body, leading to chronic inflammation and tissue damage. Autoimmune diseases can affect multiple organs and systems, and the specific target tissues vary depending on the disorder. Examples of autoimmune diseases include rheumatoid arthritis, systemic lupus erythematosus (SLE), type 1 diabetes, multiple sclerosis, and inflammatory bowel disease (Crohn’s disease and ulcerative colitis).Allergic and Hypersensitivity Reactions: Allergies and hypersensitivity reactions occur when the immune system overreacts to harmless substances in the environment, such as pollen, dust, food proteins, or medications. These exaggerated immune responses can lead to symptoms such as itching, swelling, hives, wheezing, and anaphylaxis. Allergic disorders include allergic rhinitis (hay fever), asthma, atopic dermatitis (eczema), and food allergies.Immunosenescence: Immunosenescence refers to age-related changes in the immune system, characterized by gradual decline in immune function and increased susceptibility to infections, autoimmune diseases, and cancer. As people age, the immune system undergoes alterations in cell composition, function, and responsiveness, which can impair immune surveillance and defense mechanisms. Immunosenescence contributes to increased morbidity and mortality in older adults.Inflammatory Disorders: Chronic inflammation is associated with many health conditions, including cardiovascular disease, metabolic syndrome, neurodegenerative diseases, and cancer. Dysregulated immune responses and persistent inflammation can contribute to tissue damage, organ dysfunction, and disease progression in these disorders.What is the relationship between immune dysfunction and oxidative stress?The relationship between immune dysfunction and oxidative stress is intricate and bidirectional, with each influencing the other in various ways. Here’s how immune dysfunction and oxidative stress are interrelated:Immune Activation and Oxidative Stress: Immune activation, such as during infection, inflammation, or autoimmune responses, can lead to the production of reactive oxygen species (ROS) and reactive nitrogen species (RNS) by immune cells, such as macrophages, neutrophils, and T cells. These reactive molecules serve as essential mediators of host defense mechanisms, contributing to the elimination of pathogens and damaged cells. However, excessive or prolonged immune activation can result in the overproduction of ROS/RNS, leading to oxidative stress and cellular damage.Oxidative Stress and Immune Dysfunction: Oxidative stress can modulate immune responses and contribute to immune dysfunction by affecting various aspects of immune cell function, including proliferation, activation, differentiation, and apoptosis. High levels of ROS/RNS can impair immune cell signaling pathways, disrupt redox-sensitive transcription factors (such as nuclear factor kappa B, NF-κB), and alter the expression of cytokines, chemokines, and immune receptors. These changes can lead to dysregulated immune responses, chronic inflammation, and susceptibility to infections or autoimmune diseases.Antioxidant Defense Mechanisms: The immune system relies on antioxidant defense mechanisms to regulate oxidative stress and maintain redox homeostasis. Antioxidant enzymes, such as superoxide dismutase (SOD), catalase, and glutathione peroxidase, as well as non-enzymatic antioxidants like vitamin C, vitamin E, and glutathione, help neutralize ROS/RNS and protect immune cells from oxidative damage. Dysfunctional antioxidant defenses or depletion of antioxidant reserves can impair immune cell function and exacerbate oxidative stress-mediated immune dysfunction.Chronic Inflammation and Oxidative Stress: Chronic inflammation, a hallmark of many immune-related disorders, is closely linked to oxidative stress. Persistent immune activation and inflammatory cytokine signaling can stimulate ROS/RNS production by immune and non-immune cells, contributing to oxidative stress and tissue damage. Conversely, oxidative stress can further perpetuate inflammation by activating pro-inflammatory pathways and amplifying immune responses, creating a vicious cycle of immune dysfunction and oxidative damage.Age-Related Immune Senescence: Aging is associated with alterations in immune function and increased susceptibility to infections, autoimmune diseases, and cancer, partly due to immune senescence. Age-related changes in the immune system, such as thymic involution, decreased T cell diversity, and impaired immune cell function, can contribute to immune dysfunction and dysregulated inflammatory responses. Oxidative stress is implicated in the process of immune senescence, as ROS/RNS can induce cellular senescence, DNA damage, and mitochondrial dysfunction in immune cells, further exacerbating age-related immune dysfunction.Overall, the relationship between immune dysfunction and oxidative stress is complex and multifaceted, with reciprocal interactions influencing immune responses, inflammation, and cellular homeostasis.",""
"Indigestion","IndigestionWhat is indigestion?Indigestion, also known as dyspepsia, is a common digestive disorder characterized by discomfort or pain in the upper abdomen or chest. It can occur during or after eating and may be accompanied by symptoms such as bloating, belching, nausea, and a feeling of fullness or early satiety. Indigestion is not a specific disease but rather a collection of symptoms that can result from various underlying causes.What is the relationship between indigestion and oxidative stress?The relationship between indigestion and oxidative stress is not as direct as in some other conditions, but there are indirect connections worth noting:Inflammation: Indigestion can sometimes be caused by conditions such as gastritis or peptic ulcers, which involve inflammation of the stomach lining. Inflammatory processes can lead to the generation of reactive oxygen species (ROS) as part of the body’s immune response. This oxidative stress can exacerbate tissue damage in the stomach and contribute to the progression of inflammatory conditions, potentially worsening indigestion symptoms.Gastroesophageal Reflux Disease (GERD): GERD, a common cause of indigestion, involves the backflow of stomach acid into the esophagus, leading to irritation and inflammation. Chronic inflammation in the esophagus can promote oxidative stress and damage to the esophageal mucosa, exacerbating symptoms of heartburn and indigestion.Dietary Factors: Certain dietary components, such as spicy or fatty foods, alcohol, and caffeine, are known to trigger indigestion symptoms in some individuals. These substances can promote oxidative stress in the gastrointestinal tract by various mechanisms, including the generation of ROS during metabolism and the induction of inflammatory responses. Overconsumption of antioxidant-rich foods or supplements may help mitigate oxidative stress and potentially alleviate symptoms of indigestion.Antioxidant Status: Chronic indigestion or gastrointestinal disorders may affect the balance of antioxidants and pro-oxidants in the body. Reduced antioxidant defenses or increased oxidative stress can disrupt cellular function and contribute to tissue damage in the digestive tract. Conversely, interventions aimed at enhancing antioxidant status, such as dietary modifications or supplementation with antioxidants, may help alleviate oxidative stress and improve symptoms of indigestion.Overall, while oxidative stress may not be the primary driver of indigestion, it can play a role in exacerbating symptoms and contributing to tissue damage in the gastrointestinal tract, particularly in cases of inflammation or chronic digestive disorders.",""
"Infertility","InfertilityWhat is infertility?Infertility refers to the inability of a couple to conceive a child after at least one year of regular, unprotected sexual intercourse. It can also refer to the inability to carry a pregnancy to term. Infertility can affect both men and women, and it is a common reproductive health issue worldwide.There are two types of infertility:Primary infertility: This occurs when a couple has never been able to conceive a child despite trying for at least one year.Secondary infertility: This occurs when a couple has previously conceived a child, but they are unable to conceive again after trying for at least one year.Infertility can result from various factors, which may affect one or both partners:Female factors: Common causes of female infertility include ovulation disorders (e.g., polycystic ovary syndrome), fallopian tube blockage or damage, endometriosis, uterine fibroids, hormonal imbalances, and age-related decline in egg quality.Male factors: Male infertility can be due to problems with sperm production, sperm motility, or sperm function. Causes include low sperm count (oligospermia), poor sperm motility (asthenospermia), abnormal sperm morphology (teratospermia), hormonal imbalances, genetic factors, testicular injuries, infections, and lifestyle factors such as smoking, excessive alcohol consumption, and drug use.Combined factors: In many cases, infertility may be due to a combination of male and female factors or unexplained causes. Additionally, lifestyle factors such as obesity, poor nutrition, stress, and environmental factors (e.g., exposure to toxins or radiation) can also impact fertility in both men and women.What is the relationship between infertility and oxidative stress?The relationship between infertility and oxidative stress is complex and multifaceted, with oxidative stress implicated in various aspects of reproductive health in both men and women. Here’s how oxidative stress may contribute to infertility:Sperm Health: Oxidative stress can damage sperm cells by causing oxidative damage to their DNA, proteins, and cell membranes. This damage can impair sperm motility, viability, and morphology, leading to reduced sperm quality and fertility. Excessive production of reactive oxygen species (ROS) in the male reproductive tract, either due to endogenous factors (e.g., inflammation, infections) or exogenous factors (e.g., smoking, environmental toxins), can overwhelm the antioxidant defenses of sperm cells and contribute to male infertility.Ovulation Disorders: In women, oxidative stress can disrupt normal ovarian function and ovulation. Oxidative stress has been implicated in conditions such as polycystic ovary syndrome (PCOS), a common cause of female infertility characterized by hormonal imbalances, irregular menstrual cycles, and ovulatory dysfunction. Elevated levels of ROS in the ovaries can impair follicle development, ovulation, and oocyte quality, affecting fertility.Implantation Failure: Oxidative stress can compromise the endometrial environment and impair embryo implantation in the uterus. ROS can disrupt the delicate balance of hormones and cytokines necessary for successful implantation, leading to implantation failure and recurrent pregnancy loss. Chronic inflammation and oxidative stress in the uterine lining may also contribute to conditions such as endometriosis and uterine fibroids, which can negatively impact fertility.Aging and Reproductive Aging: Aging is associated with increased oxidative stress and declining fertility in both men and women. Oxidative damage accumulates over time in reproductive tissues, affecting gamete quality, hormonal regulation, and reproductive function. In women, advanced maternal age is associated with decreased ovarian reserve, reduced oocyte quality, and increased risk of chromosomal abnormalities in embryos. In men, aging is linked to declines in sperm quality, semen parameters, and reproductive capacity.Assisted Reproductive Technologies (ART): Oxidative stress can influence the success rates of assisted reproductive technologies (ART), such as in vitro fertilization (IVF) and intracytoplasmic sperm injection (ICSI). Exposure of gametes and embryos to oxidative stress during in vitro culture can compromise their viability and developmental competence, affecting the outcomes of ART procedures. Strategies to mitigate oxidative stress in ART settings, such as optimizing culture conditions, supplementation with antioxidants, and selection of healthy gametes, may improve IVF success rates.Overall, oxidative stress is increasingly recognized as a contributing factor to male and female infertility, affecting various aspects of reproductive health and fertility.",""
"Inflammation","InflammationWhat is inflammation?Inflammation is a natural and necessary response of the body’s immune system to injury, infection, or tissue damage. It is a complex biological process involving the activation of immune cells, release of inflammatory mediators, and recruitment of immune cells to the site of injury or infection. Inflammation is a protective mechanism designed to remove harmful stimuli, such as pathogens or damaged cells, and initiate the healing process.There are two main types of inflammation:Acute Inflammation: Acute inflammation is a rapid and short-lived response that occurs in response to tissue injury, infection, or trauma. It is characterized by the classic signs of inflammation, including redness, swelling, heat, pain, and loss of function. Acute inflammation is typically triggered by the release of inflammatory mediators, such as histamine, prostaglandins, and cytokines, which dilate blood vessels and increase blood flow to the affected area. This allows immune cells, such as neutrophils and macrophages, to quickly migrate to the site of injury or infection to eliminate pathogens and remove debris.Chronic Inflammation: Chronic inflammation is a persistent and prolonged inflammatory response that can occur when acute inflammation is not properly resolved or when the immune system is chronically activated. Chronic inflammation can result from persistent infections, autoimmune disorders, prolonged exposure to irritants or toxins, obesity, or metabolic conditions. Unlike acute inflammation, chronic inflammation is characterized by low-grade and systemic inflammation, which can contribute to tissue damage, organ dysfunction, and the development of chronic diseases, such as cardiovascular disease, diabetes, cancer, and neurodegenerative disorders.Inflammation involves a complex interplay of immune cells, inflammatory mediators, and signaling pathways, including the activation of immune cells such as macrophages, neutrophils, and lymphocytes; the production of cytokines, chemokines, and inflammatory mediators; and the recruitment of immune cells to the site of inflammation. In addition to its role in host defense and tissue repair, inflammation can also contribute to tissue damage, organ dysfunction, and disease progression if dysregulated or prolonged.What is the relationship between inflammation and oxidative stress?The relationship between inflammation and oxidative stress is intricate and bidirectional, with each process influencing and exacerbating the other. Here’s how they interact:Production of Reactive Oxygen Species (ROS) and Reactive Nitrogen Species (RNS): Inflammation can stimulate the production of ROS and RNS by immune cells, such as macrophages, neutrophils, and monocytes, as part of the body’s defense mechanism against pathogens. ROS and RNS serve as signaling molecules and antimicrobial agents, aiding in the elimination of pathogens and damaged cells. However, excessive or dysregulated production of ROS and RNS during inflammation can overwhelm the antioxidant defense systems, leading to oxidative stress and tissue damage.Activation of Inflammatory Pathways by Oxidative Stress: Oxidative stress can activate pro-inflammatory signaling pathways, such as nuclear factor kappa B (NF-κB), activator protein 1 (AP-1), and mitogen-activated protein kinases (MAPKs), which regulate the expression of pro-inflammatory genes and cytokines. ROS and RNS can directly oxidize and modify cellular components, including proteins, lipids, and nucleic acids, leading to the activation of inflammatory responses and the secretion of inflammatory mediators.Induction of Endothelial Dysfunction: Oxidative stress and inflammation can impair endothelial function and promote endothelial dysfunction, characterized by reduced nitric oxide (NO) bioavailability, increased vascular permeability, and enhanced leukocyte adhesion and infiltration. Endothelial dysfunction contributes to the progression of atherosclerosis, hypertension, and cardiovascular disease, which are associated with chronic inflammation and oxidative stress.Amplification of Inflammatory Responses: Oxidative stress can amplify and perpetuate inflammatory responses by inducing the expression of adhesion molecules, chemokines, and cytokines that recruit immune cells to the site of inflammation. Inflammatory cells, in turn, generate more ROS and RNS, creating a positive feedback loop that sustains inflammation and oxidative stress.Tissue Damage and Organ Dysfunction: Chronic inflammation and oxidative stress can synergistically contribute to tissue damage, organ dysfunction, and the pathogenesis of various diseases, including autoimmune disorders, neurodegenerative diseases, metabolic syndrome, cancer, and inflammatory bowel disease. Oxidative stress-mediated damage to cellular components and organelles exacerbates inflammation, while chronic inflammation perpetuates oxidative stress and tissue injury, creating a vicious cycle of inflammation and oxidative damage.Overall, the interplay between inflammation and oxidative stress plays a critical role in the pathogenesis of numerous diseases and health conditions.",""
"Inflammatory Bowel Disease","Inflammatory Bowel DiseaseWhat is Inflammatory Bowel Disease (IBD)?Inflammatory Bowel Disease (IBD) is a group of chronic inflammatory disorders that affect the gastrointestinal (GI) tract. The two main types of IBD are:Ulcerative Colitis (UC): Ulcerative colitis primarily affects the colon (large intestine) and the rectum. It is characterized by inflammation and ulcers in the innermost lining of the colon and rectum, leading to symptoms such as abdominal pain, diarrhea (often bloody), rectal bleeding, urgency to defecate, and weight loss.Crohn’s Disease: Crohn’s disease can affect any part of the GI tract, from the mouth to the anus, although it most commonly involves the end of the small intestine (ileum) and the beginning of the colon. Crohn’s disease is characterized by inflammation that extends through the entire thickness of the intestinal wall, leading to symptoms such as abdominal pain, diarrhea, fatigue, weight loss, and in some cases, fistulas (abnormal connections between organs) or strictures (narrowing of the intestine).The exact cause of IBD is not fully understood, but it is believed to involve a combination of genetic, environmental, and immune-related factors. The immune system in individuals with IBD mistakenly attacks the lining of the GI tract, leading to chronic inflammation and tissue damage. Factors that may contribute to the development or exacerbation of IBD include genetics, environmental triggers (such as diet, smoking, infections, and stress), and dysregulation of the immune system.What is the relationship between IBD and oxidative stress?The relationship between Inflammatory Bowel Disease (IBD) and oxidative stress is significant and plays a crucial role in the pathogenesis and progression of the disease. Here’s how oxidative stress is related to IBD:Increased Production of Reactive Oxygen Species (ROS): Inflammation in the gastrointestinal (GI) tract of individuals with IBD leads to an increased production of reactive oxygen species (ROS) by activated immune cells, such as macrophages and neutrophils. ROS, including superoxide anion (O2−), hydrogen peroxide (H2O2), and hydroxyl radicals (OH•), are highly reactive molecules that can cause oxidative damage to cellular components, including lipids, proteins, and DNA.Oxidative Damage to Intestinal Tissue: Excessive ROS production in the inflamed intestinal tissue of individuals with IBD can cause oxidative damage to the intestinal epithelium, mucosal barrier, and underlying tissues. This oxidative damage disrupts the integrity of the intestinal barrier, leading to increased permeability (leaky gut), epithelial cell injury, and tissue inflammation. Oxidative stress-mediated damage to cellular membranes and organelles can also impair cellular function and contribute to tissue injury and inflammation in IBD.Activation of Inflammatory Pathways: Oxidative stress can activate pro-inflammatory signaling pathways, such as nuclear factor kappa B (NF-κB), activator protein 1 (AP-1), and mitogen-activated protein kinases (MAPKs), which regulate the expression of pro-inflammatory genes and cytokines. ROS can directly oxidize and modify signaling molecules and transcription factors involved in inflammatory responses, leading to the production of inflammatory mediators that further exacerbate tissue inflammation and damage in IBD.Impaired Antioxidant Defenses: Individuals with IBD may have impaired antioxidant defenses, leading to an imbalance between ROS production and antioxidant capacity. Antioxidant enzymes, such as superoxide dismutase (SOD), catalase, and glutathione peroxidase, play a crucial role in neutralizing ROS and protecting cells from oxidative damage. Dysregulation of antioxidant defenses or depletion of antioxidant reserves in individuals with IBD can exacerbate oxidative stress and tissue injury, further contributing to the pathogenesis of the disease.Role in Complications and Disease Progression: Oxidative stress is implicated in the development of complications associated with IBD, such as mucosal damage, fibrosis, strictures, fistulas, and colorectal cancer. Chronic oxidative stress and inflammation create a vicious cycle that perpetuates tissue injury, impairs tissue repair mechanisms, and promotes disease progression in IBD.Overall, oxidative stress is a key contributor to the pathogenesis and progression of Inflammatory Bowel Disease, exacerbating tissue inflammation, damage, and complications in individuals with IBD.",""
"Interstitial Cystitis","Interstitial CystitisWhat is Interstitial Cystitis (IC)?Interstitial cystitis (IC), also known as painful bladder syndrome (PBS), is a chronic bladder condition characterized by pelvic pain, urinary urgency, frequency, and discomfort. It is a complex disorder that primarily affects the bladder and surrounding pelvic region, causing significant pain and discomfort. IC/PBS is more common in women than men, and it can have a profound impact on quality of life.The exact cause of interstitial cystitis is not fully understood, and it may involve multiple factors, including:Bladder Dysfunction: IC/PBS is believed to involve dysfunction of the bladder lining (epithelium) and underlying tissues. The protective lining of the bladder becomes damaged or compromised, leading to increased permeability and irritation of the bladder wall. This can result in inflammation, pain, and discomfort.Pelvic Floor Dysfunction: Dysfunction of the pelvic floor muscles may contribute to the symptoms of IC/PBS. Tension or spasms in the pelvic floor muscles can lead to pelvic pain, urinary urgency, and frequency.Neurological Factors: Abnormalities in the nerves that supply the bladder and pelvic region may play a role in IC/PBS. Dysfunction of the sensory nerves can result in altered sensations of pain, urgency, and discomfort in the bladder and surrounding tissues.Autoimmune or Inflammatory Response: Some researchers suggest that IC/PBS may have an autoimmune or inflammatory component. Immune system dysfunction or aberrant inflammatory responses in the bladder and pelvic tissues may contribute to the development of IC/PBS.Genetic Predisposition: There may be a genetic predisposition to IC/PBS, as it tends to run in families. Certain genetic factors may increase susceptibility to developing the condition.What is the relationship between IC/PBS and oxidative stress?The relationship between interstitial cystitis (IC) and oxidative stress is an area of ongoing research, with evidence suggesting that oxidative stress may play a role in the pathogenesis and progression of IC. Oxidative stress refers to an imbalance between the production of reactive oxygen species (ROS) and the body’s antioxidant defenses, leading to cellular damage and dysfunction. Several mechanisms may contribute to oxidative stress in the context of IC:Inflammation: IC is associated with chronic inflammation of the bladder wall, characterized by infiltration of inflammatory cells and release of pro-inflammatory cytokines. Inflammatory processes generate ROS as byproducts of immune cell activation and respiratory burst reactions. Excessive ROS production overwhelms antioxidant defenses and leads to oxidative stress within the bladder tissues.Epithelial Dysfunction: Dysfunction of the protective epithelial lining of the bladder in IC may increase vulnerability to oxidative damage. Disruption of the bladder epithelium allows ROS to penetrate the bladder wall and induce oxidative stress, leading to cellular injury, inflammation, and pain.Hypoxia-Reperfusion Injury: Ischemia-reperfusion injury, characterized by periods of reduced blood flow (ischemia) followed by restoration of blood flow (reperfusion), may contribute to oxidative stress in IC. Hypoxia-ischemia disrupts cellular metabolism and impairs mitochondrial function, leading to increased ROS production. Reperfusion exacerbates oxidative stress by introducing oxygen to tissues that have accumulated ROS during ischemia.Decreased Antioxidant Defenses: Patients with IC may have decreased antioxidant defenses, making them more susceptible to oxidative stress.",""
"Interstitial Lung Disease","Interstitial Lung DiseaseWhat is Interstitial Lung Disease (ILD)?Interstitial Lung Disease (ILD) is a group of disorders characterized by inflammation and scarring (fibrosis) of the lung tissue, particularly the interstitium, which is the space between the air sacs (alveoli) in the lungs. The interstitium is where oxygen and carbon dioxide are exchanged between the lungs and the bloodstream.ILD encompasses a diverse range of lung conditions with varying causes, clinical presentations, and outcomes. Some common types of ILD include:Idiopathic Pulmonary Fibrosis (IPF): IPF is the most common and well-known type of ILD. It is characterized by progressive scarring and fibrosis of the lung tissue, leading to stiffening of the lungs and impaired lung function. The cause of IPF is unknown, hence the term “”idiopathic.””Interstitial Pneumonia: Interstitial pneumonia refers to inflammation and scarring of the lung tissue, which can be caused by various factors, including infections, exposure to environmental toxins (such as asbestos or silica), autoimmune diseases (such as rheumatoid arthritis or scleroderma), and certain medications.Hypersensitivity Pneumonitis: Hypersensitivity pneumonitis is an inflammatory lung disease caused by repeated exposure to certain environmental allergens or triggers, such as dust, mold, bird droppings, or chemicals. It is characterized by inflammation and scarring in the lung tissue, particularly in individuals with a heightened immune response to these allergens.Connective Tissue Disease-Associated ILD: ILD can also occur as a complication of connective tissue diseases, such as systemic sclerosis (scleroderma), rheumatoid arthritis, systemic lupus erythematosus (SLE), and Sjögren’s syndrome. In these cases, inflammation and fibrosis affect the lungs in addition to other organs and tissues in the body.Occupational Lung Diseases: Exposure to certain occupational hazards, such as asbestos, silica, coal dust, or metal dust, can cause ILD. Occupational lung diseases may include asbestosis, silicosis, coal worker’s pneumoconiosis (black lung disease), and metal worker’s lung.What is the relationship between ILD and oxidative stress?The relationship between Interstitial Lung Disease (ILD) and oxidative stress is significant and plays a crucial role in the pathogenesis and progression of the disease. Here’s how oxidative stress is related to ILD:Inflammation and Oxidative Stress: In ILD, chronic inflammation of the lung tissue leads to increased production of reactive oxygen species (ROS) by activated immune cells, such as macrophages and neutrophils. These ROS can cause oxidative damage to cellular components, including lipids, proteins, and DNA, contributing to tissue injury, fibrosis, and impaired lung function.Fibrosis and Oxidative Stress: Oxidative stress is closely linked to the fibrotic process in ILD. ROS can stimulate the production of pro-fibrotic mediators, such as transforming growth factor-beta (TGF-β) and connective tissue growth factor (CTGF), which promote the proliferation and activation of fibroblasts and the deposition of extracellular matrix proteins, leading to the development of fibrosis. Oxidative stress-mediated activation of pro-fibrotic pathways exacerbates the fibrotic response and contributes to the progressive scarring of the lung tissue characteristic of ILD.Endothelial Dysfunction: Oxidative stress can impair endothelial function and contribute to endothelial dysfunction in the lungs of individuals with ILD. Endothelial dysfunction is characterized by reduced nitric oxide (NO) bioavailability, increased vascular permeability, and enhanced leukocyte adhesion and infiltration, which contribute to inflammation, tissue injury, and fibrosis in ILD.Antioxidant Defenses: Individuals with ILD may have impaired antioxidant defenses, leading to an imbalance between ROS production and antioxidant capacity. Antioxidant enzymes, such as superoxide dismutase (SOD), catalase, and glutathione peroxidase, play a crucial role in neutralizing ROS and protecting cells from oxidative damage. Dysregulation of antioxidant defenses or depletion of antioxidant reserves in individuals with ILD can exacerbate oxidative stress and tissue injury, further promoting inflammation and fibrosis in the lungs.Disease Progression: Oxidative stress is implicated in the progression of ILD and the development of complications associated with the disease, such as respiratory failure and pulmonary hypertension. Chronic oxidative stress and inflammation create a vicious cycle that perpetuates tissue injury, impairs lung function, and promotes disease progression in ILD.Overall, oxidative stress is a key contributor to the pathogenesis and progression of Interstitial Lung Disease, exacerbating inflammation, fibrosis, and tissue injury in the lungs.",""
"Intervertebral Disc Degeneration","Intervertebral Disc DegenerationWhat is Intervertebral Disc Degeneration (IVDD)?Intervertebral disc degeneration (IVDD) refers to the gradual deterioration of the intervertebral discs, which are the soft, cushion-like structures located between the vertebrae of the spine. These discs act as shock absorbers, providing support and flexibility to the spine while allowing for movement and preventing the vertebrae from rubbing against each other.Intervertebral disc degeneration is a common age-related condition that can also be influenced by genetic factors, lifestyle choices, and mechanical stress on the spine. Over time, the intervertebral discs may lose their water content, elasticity, and structural integrity, leading to various changes, including:Loss of Disc Height: The degeneration of the intervertebral discs can result in a loss of disc height, causing the vertebrae to become closer together. This can lead to a reduction in the space available for the nerves exiting the spinal cord, potentially causing nerve compression and associated symptoms such as pain, numbness, or weakness in the arms or legs.Changes in Disc Composition: With degeneration, the composition of the intervertebral discs may change, including a decrease in proteoglycan content (which helps retain water) and an increase in collagen content (which affects disc stiffness). These changes can contribute to decreased disc resilience and increased susceptibility to injury.Formation of Disc Herniation: In some cases of severe degeneration, the outer layer of the intervertebral disc (annulus fibrosus) may weaken or tear, allowing the inner gel-like material (nucleus pulposus) to bulge or herniate outwards. Disc herniation can compress nearby spinal nerves, leading to symptoms such as back pain, sciatica, or radiculopathy.Osteophyte Formation: As a response to degeneration and instability in the spine, the body may form bony outgrowths called osteophytes, also known as bone spurs. Osteophytes can develop along the edges of the vertebral bodies and the intervertebral discs, potentially causing further compression of spinal nerves and contributing to pain and stiffness.Reduced Disc Function: As the intervertebral discs degenerate, they may become less effective at absorbing shock and distributing forces within the spine during movement. This can lead to increased stress on the surrounding structures, including the facet joints, ligaments, and muscles, potentially resulting in pain, stiffness, and reduced mobility.What is the relationship between IVDD and oxidative stress?The relationship between intervertebral disc degeneration (IVDD) and oxidative stress is an emerging area of research that suggests oxidative stress plays a significant role in the pathogenesis and progression of IVDD. Here’s how oxidative stress is related to IVDD:Cellular Damage and Degeneration: Oxidative stress can lead to cellular damage within the intervertebral discs by causing oxidative modifications to important cellular components such as lipids, proteins, and DNA. These oxidative modifications can impair cellular function, disrupt cellular signaling pathways, and contribute to the breakdown of extracellular matrix proteins within the disc. Over time, this cellular damage can accelerate the degenerative process in the intervertebral discs, leading to structural changes and loss of disc integrity.Loss of Proteoglycans and Water Content: Oxidative stress has been shown to decrease the synthesis of proteoglycans, which are essential components of the extracellular matrix within intervertebral discs. Proteoglycans help to maintain the hydration and osmotic pressure within the disc, which is crucial for its ability to absorb shock and resist compression. Reduced proteoglycan synthesis due to oxidative stress can lead to a decrease in water content within the disc, resulting in decreased disc height and impaired mechanical properties.Activation of Inflammatory Pathways: Oxidative stress can trigger inflammatory responses within the intervertebral discs, leading to the production of pro-inflammatory cytokines, chemokines, and matrix metalloproteinases (MMPs). These inflammatory mediators can further exacerbate oxidative stress and promote tissue degradation within the disc by activating catabolic pathways and degrading extracellular matrix proteins. Chronic inflammation and oxidative stress within the disc microenvironment can contribute to the progression of IVDD and associated symptoms such as pain and stiffness.Senescence and Cellular Aging: Oxidative stress has been implicated in the cellular senescence and premature aging of disc cells (including nucleus pulposus cells and annulus fibrosus cells). Cellular senescence is associated with a decline in cellular function, reduced capacity for tissue repair, and increased susceptibility to degenerative changes. Oxidative stress-induced cellular senescence may contribute to the loss of regenerative capacity within the intervertebral discs and accelerate the degenerative process in IVDD.Overall, oxidative stress appears to play a key role in the pathogenesis and progression of intervertebral disc degeneration by promoting cellular damage, inflammation, loss of proteoglycans, and cellular senescence within the disc microenvironment.",""
"Intestinal Injury","Intestinal InjuryWhat is intestinal injury?Intestinal injury refers to damage or trauma to the lining of the intestines, which are part of the digestive system responsible for absorbing nutrients and eliminating waste from the body. Intestinal injury can occur for various reasons and may affect different parts of the intestines, including the small intestine and the large intestine (colon). Common causes of intestinal injury include:Physical Trauma: Trauma to the abdomen or pelvis, such as blunt force trauma from accidents, falls, or sports injuries, can cause injury to the intestines. This can result in tears or perforations of the intestinal wall, leading to leakage of intestinal contents into the abdominal cavity and potentially causing peritonitis (inflammation of the abdominal lining).Surgical Complications: Intestinal injury can occur as a complication of abdominal surgeries, such as bowel resections, appendectomies, or hernia repairs. Surgical instruments or techniques used during these procedures may inadvertently damage the intestines, leading to perforations, lacerations, or ischemic injury (reduced blood flow to the intestines).Inflammatory Conditions: Inflammatory bowel diseases (IBD), such as Crohn’s disease and ulcerative colitis, can cause inflammation and ulceration of the intestinal lining, leading to mucosal injury and tissue damage. Chronic inflammation in IBD can result in complications such as strictures (narrowing of the intestines), fistulas (abnormal connections between organs), and perforations.Infections: Bacterial, viral, or parasitic infections of the intestines can cause inflammation and injury to the intestinal mucosa. Common intestinal infections include gastroenteritis (stomach flu), food poisoning, and parasitic infections such as giardiasis or amebiasis. These infections can lead to symptoms such as diarrhea, abdominal pain, and bloody stools.Ischemia: Reduced blood flow to the intestines, known as intestinal ischemia, can result in injury to the intestinal tissue due to insufficient oxygen and nutrient supply. Intestinal ischemia can occur due to conditions such as mesenteric ischemia, arterial embolism, or thrombosis (blood clots), and can lead to serious complications such as bowel infarction (tissue death) and necrosis.What is the relationship between intestinal injury and oxidative stress?The relationship between intestinal injury and oxidative stress is significant, as oxidative stress plays a crucial role in the pathogenesis and progression of intestinal injury. Here’s how oxidative stress is related to intestinal injury:Inflammation and Oxidative Stress: Intestinal injury, whether caused by physical trauma, inflammation, infection, or ischemia, triggers an inflammatory response in the intestinal tissues. Inflammation leads to the activation of immune cells, such as macrophages and neutrophils, which generate reactive oxygen species (ROS) as part of the host defense mechanism. However, excessive ROS production can overwhelm the antioxidant defenses of the intestinal cells, leading to oxidative stress. Oxidative stress exacerbates tissue damage and inflammation, creating a vicious cycle that perpetuates intestinal injury.Oxidative Damage to Intestinal Cells: ROS generated during intestinal injury can cause oxidative damage to various cellular components, including lipids, proteins, and DNA. Lipid peroxidation, protein oxidation, and DNA damage can impair cellular function, disrupt membrane integrity, and induce cell death (apoptosis or necrosis) within the intestinal epithelium. Oxidative stress-induced damage to intestinal cells compromises the barrier function of the intestinal mucosa, leading to increased intestinal permeability and leakage of luminal contents into the surrounding tissues, exacerbating inflammation and tissue injury.Impaired Antioxidant Defenses: Intestinal injury can impair the antioxidant defenses of the intestinal tissues, leading to an imbalance between ROS production and antioxidant capacity. Antioxidant enzymes, such as superoxide dismutase (SOD), catalase, and glutathione peroxidase, play a crucial role in neutralizing ROS and protecting cells from oxidative damage. However, during intestinal injury, the activity of antioxidant enzymes may be reduced, while the levels of ROS and oxidative stress markers increase. This imbalance further exacerbates oxidative damage and tissue injury in the intestines.Activation of Inflammatory Pathways: Oxidative stress can activate pro-inflammatory signaling pathways, such as nuclear factor kappa B (NF-κB) and mitogen-activated protein kinases (MAPKs), which regulate the expression of pro-inflammatory genes and cytokines. ROS-mediated activation of inflammatory pathways amplifies the inflammatory response within the intestinal tissues, leading to the recruitment of immune cells, the production of inflammatory mediators, and the perpetuation of tissue injury and inflammation.Role in Complications and Disease Progression: Oxidative stress is implicated in the development of complications associated with intestinal injury, such as tissue necrosis, fibrosis, and intestinal barrier dysfunction. Chronic oxidative stress and inflammation contribute to the progression of intestinal injury, exacerbating tissue damage and impairing tissue repair mechanisms. Oxidative stress-mediated complications can lead to prolonged healing times, increased susceptibility to infections, and the development of chronic intestinal disorders such as inflammatory bowel disease (IBD) or intestinal fibrosis.Overall, oxidative stress plays a central role in the pathogenesis and progression of intestinal injury by exacerbating inflammation, inducing cellular damage, impairing antioxidant defenses, and promoting tissue dysfunction.",""
"Intestinal Volvulus","Intestinal VolvulusWhat intestinal volvulus?Intestinal volvulus is a medical condition characterized by the twisting or rotation of a portion of the intestines around its mesentery, which is the supportive tissue that attaches the intestines to the abdominal wall. This twisting obstructs the normal flow of blood and contents through the intestine, leading to bowel obstruction, ischemia (lack of blood supply), and potentially necrosis (tissue death) if left untreated. Intestinal volvulus can occur anywhere along the gastrointestinal tract but most commonly affects the sigmoid colon (sigmoid volvulus) or the small intestine (small bowel volvulus).What is the relationship between intestinal volvulus and oxidative stress?The relationship between intestinal volvulus and oxidative stress is not well-studied, and there is limited direct evidence linking the two conditions. However, it is plausible that intestinal volvulus, particularly when complicated by bowel ischemia, could lead to oxidative stress through several mechanisms:Ischemia-Reperfusion Injury: Intestinal volvulus causes twisting of the intestines, which can lead to impaired blood flow (ischemia) to the affected portion of the bowel. When the volvulus is relieved, either spontaneously or through surgical intervention, blood flow may be restored (reperfusion). This process of ischemia followed by reperfusion can lead to ischemia-reperfusion injury, characterized by the generation of reactive oxygen species (ROS) during reperfusion. ROS production during reperfusion can overwhelm antioxidant defenses, leading to oxidative stress and tissue damage in the affected intestine.Inflammatory Response: Bowel ischemia resulting from intestinal volvulus triggers an inflammatory response, characterized by the release of pro-inflammatory cytokines, activation of immune cells, and recruitment of inflammatory mediators to the site of injury. Inflammatory processes generate ROS as byproducts of immune cell activation and respiratory burst reactions. Excessive ROS production during inflammation overwhelms antioxidant defenses and leads to oxidative stress, exacerbating tissue injury and inflammation in the affected intestine.Mitochondrial Dysfunction: Ischemia-reperfusion injury in the intestine can impair mitochondrial function, leading to increased production of ROS within the affected cells. Mitochondria are the primary site of ROS production in cells, and mitochondrial dysfunction can lead to oxidative stress and cellular damage. Ischemia-induced mitochondrial dysfunction may contribute to oxidative stress and exacerbate tissue injury in the setting of intestinal volvulus.Activation of Redox Signaling Pathways: Ischemia-reperfusion injury and inflammatory processes associated with intestinal volvulus can activate redox-sensitive signaling pathways, such as nuclear factor-kappa B (NF-κB) and mitogen-activated protein kinase (MAPK) pathways. These signaling pathways regulate gene expression, inflammatory responses, and cell survival pathways in response to oxidative stress. Dysregulation of redox signaling pathways can further exacerbate oxidative stress and contribute to tissue damage in the affected intestine.While these mechanisms suggest a potential role for oxidative stress in the pathophysiology of intestinal volvulus, further research is needed to elucidate the specific contributions of oxidative stress to the development and progression of this condition.",""
"Intracranial Hemorrhage","Intracranial HemorrhageWhat Intracranial Hemorrhage (ICH)?Intracranial hemorrhage (ICH) refers to bleeding that occurs within the skull, specifically within the brain or the spaces surrounding the brain (subarachnoid space or ventricles). It is a serious medical emergency that can result in significant neurological impairment or death if not promptly diagnosed and treated.There are several types of intracranial hemorrhage, each with distinct characteristics and underlying causes:Intracerebral Hemorrhage (ICH): This type of hemorrhage occurs when blood vessels within the brain parenchyma (brain tissue) rupture and bleed into the surrounding tissue. Common causes of intracerebral hemorrhage include hypertension (high blood pressure), cerebral amyloid angiopathy (deposition of amyloid protein in blood vessel walls), arteriovenous malformations (abnormal connections between arteries and veins in the brain), trauma, hemorrhagic stroke, or use of anticoagulant medications.Subarachnoid Hemorrhage (SAH): SAH occurs when there is bleeding into the space between the arachnoid membrane and the pia mater (the layers that surround the brain). The most common cause of subarachnoid hemorrhage is the rupture of a cerebral aneurysm, which is a weakened, bulging area in the wall of a blood vessel. Other causes include arteriovenous malformations, trauma, bleeding disorders, or drug abuse.Subdural Hematoma (SDH): SDH is characterized by bleeding between the dura mater (the tough outer membrane covering the brain) and the arachnoid mater. It typically occurs as a result of trauma, such as a head injury or whiplash injury, which causes tearing of the bridging veins that connect the brain to the dura mater. Chronic subdural hematomas may develop gradually over weeks to months and are more common in older adults or individuals with coagulopathy (bleeding disorders).Epidural Hematoma (EDH): EDH is characterized by bleeding between the dura mater and the skull. It typically occurs as a result of traumatic head injury, such as a skull fracture that disrupts an artery, leading to rapid accumulation of blood between the dura mater and the skull. Epidural hematomas are considered neurosurgical emergencies and require prompt surgical intervention to evacuate the hematoma and relieve pressure on the brain.What is the relationship between ICH and oxidative stress?The relationship between intracranial hemorrhage (ICH) and oxidative stress is complex and multifactorial. While direct evidence linking oxidative stress to ICH is limited, several mechanisms suggest a potential role for oxidative stress in the pathophysiology and progression of ICH:Ischemia-Reperfusion Injury: Following an ICH, there is an initial phase of hemorrhagic stroke characterized by bleeding and subsequent compression of surrounding brain tissue. This compression leads to ischemia (lack of blood flow) in the affected brain regions. When blood flow is restored (reperfusion), particularly during surgical intervention or resolution of the bleeding, it can lead to ischemia-reperfusion injury. During reperfusion, there is an influx of oxygen and inflammatory cells into the previously ischemic tissue, which can generate reactive oxygen species (ROS) and cause oxidative stress.Inflammatory Response: ICH triggers a robust inflammatory response in the brain, involving the activation of microglia, astrocytes, and infiltrating immune cells. Inflammatory processes generate ROS as byproducts of immune cell activation and respiratory burst reactions. Excessive ROS production during inflammation overwhelms antioxidant defenses and leads to oxidative stress, exacerbating tissue damage and neuroinflammation in the surrounding brain tissue.Blood-Derived Iron: Hemoglobin breakdown products, including iron released from lysed red blood cells, accumulate in the brain parenchyma following ICH. Iron is a potent catalyst for ROS production through the Fenton reaction, where iron reacts with hydrogen peroxide to produce highly reactive hydroxyl radicals. This iron-mediated ROS generation contributes to oxidative stress and neuronal injury in the perihematomal region surrounding the hemorrhage.Mitochondrial Dysfunction: ICH disrupts mitochondrial function in the affected brain tissue, leading to impaired oxidative metabolism and increased production of ROS within the mitochondria. Mitochondria are the primary site of ROS production in cells, and mitochondrial dysfunction can lead to oxidative stress and cellular damage. Dysfunction of the mitochondrial electron transport chain during ICH may further exacerbate oxidative stress and contribute to secondary brain injury.Blood-Brain Barrier Disruption: ICH can cause disruption of the blood-brain barrier, leading to extravasation of blood components, inflammatory cells, and cytokines into the brain parenchyma. Blood-brain barrier disruption allows for increased infiltration of ROS-producing cells and molecules into the brain, further contributing to oxidative stress and neuroinflammation in the perihematomal region.Overall, oxidative stress likely plays a significant role in the pathophysiology of ICH, contributing to secondary brain injury and neurological deficits following hemorrhagic stroke.",""
"Intraocular Pressure","Intraocular PressureWhat is intraocular pressure (IOP)?Intraocular pressure (IOP) refers to the pressure exerted by the fluid (aqueous humor) inside the eye against the outer coat of the eye (sclera). It is an important parameter in ophthalmology because elevated intraocular pressure can lead to optic nerve damage and vision loss, particularly in conditions such as glaucoma.The aqueous humor is continuously produced by the ciliary body, a structure behind the iris (the colored part of the eye). It circulates through the anterior chamber of the eye (the space between the cornea and the iris) and drains out through tiny drainage channels called the trabecular meshwork and the uveoscleral pathway.In a healthy eye, the production and drainage of aqueous humor are balanced, resulting in a stable intraocular pressure. However, if the drainage of aqueous humor is impaired or if there is excessive production of aqueous humor, intraocular pressure may increase.Elevated intraocular pressure can compress and damage the optic nerve, which is responsible for transmitting visual information from the eye to the brain. Over time, this can lead to optic nerve damage, visual field loss, and ultimately vision impairment or blindness, particularly if left untreated.Glaucoma is a group of eye conditions characterized by elevated intraocular pressure and optic nerve damage. It is one of the leading causes of irreversible blindness worldwide. However, elevated intraocular pressure is not always indicative of glaucoma, as some individuals may have normal-tension glaucoma, where optic nerve damage occurs despite normal intraocular pressure.What is the relationship between IOP and oxidative stress?The relationship between intraocular pressure (IOP) and oxidative stress is complex and multifaceted, particularly in the context of eye diseases such as glaucoma. Here’s how oxidative stress relates to intraocular pressure:Oxidative Stress in Glaucoma: Glaucoma is a group of eye diseases characterized by elevated intraocular pressure and optic nerve damage, leading to vision loss. Oxidative stress is implicated in the pathogenesis of glaucoma, with",""
"Iron Overload","Iron OverloadWhat iron overload?Iron overload, also known as hemochromatosis or iron overload disorder, is a condition characterized by excessive accumulation of iron in the body. Iron overload can occur due to various reasons, including increased dietary intake of iron, genetic disorders affecting iron metabolism, or chronic transfusion therapy.There are two main types of iron overload:Primary Hemochromatosis: This type of iron overload is primarily caused by genetic mutations that affect iron metabolism. The most common form of primary hemochromatosis is hereditary hemochromatosis (HH), which is typically inherited in an autosomal recessive pattern. Mutations in genes such as HFE, HJV, HAMP, and TFR2 can lead to impaired regulation of iron absorption and excessive iron accumulation in tissues, particularly in the liver, pancreas, heart, and other organs. Without proper treatment, primary hemochromatosis can lead to organ damage, cirrhosis, diabetes, heart failure, and other complications.Secondary Iron Overload: This type of iron overload occurs secondary to other medical conditions or treatments that increase iron absorption or deposition in the body. Secondary iron overload can result from chronic liver disease (such as alcoholic liver disease or nonalcoholic fatty liver disease), chronic transfusion therapy for conditions such as thalassemia or sickle cell disease, or excessive dietary intake of iron supplements. In these cases, iron overload develops as a consequence of underlying medical conditions or treatments rather than genetic predisposition.What is the relationship between iron overload and oxidative stress?The relationship between iron overload and oxidative stress is tightly linked, as excessive accumulation of iron in the body can lead to increased production of reactive oxygen species (ROS) and oxidative damage. Several mechanisms contribute to the generation of oxidative stress in the context of iron overload:Fenton Reaction: Iron overload provides a surplus of iron ions in the body, which can catalyze the Fenton reaction. In the Fenton reaction, iron reacts with hydrogen peroxide (H2O2) to produce highly reactive hydroxyl radicals (•OH). Hydroxyl radicals are potent oxidizing agents that can damage cellular components, including lipids, proteins, and DNA, leading to oxidative stress and tissue injury.Haber-Weiss Reaction: In addition to the Fenton reaction, iron can also participate in the Haber-Weiss reaction, which involves the conversion of superoxide anions (O2•−) to hydrogen peroxide in the presence of iron ions. Hydrogen peroxide generated through the Haber-Weiss reaction can further contribute to oxidative stress by promoting the formation of hydroxyl radicals via the Fenton reaction.Mitochondrial Dysfunction: Excess iron accumulation in mitochondria can impair mitochondrial function and disrupt oxidative metabolism, leading to increased production of ROS within the mitochondria. Mitochondria are a major source of ROS production in cells, and mitochondrial dysfunction can exacerbate oxidative stress and cellular damage in the context of iron overload.Inflammatory Response: Iron overload can trigger an inflammatory response, characterized by the activation of immune cells and the release of pro-inflammatory cytokines. Inflammatory processes generate ROS as byproducts of immune cell activation and respiratory burst reactions. Excessive ROS production during inflammation overwhelms antioxidant defenses and leads to oxidative stress, further propagating inflammation and tissue injury.Lipid Peroxidation: ROS generated in the presence of excess iron can react with polyunsaturated fatty acids in cell membranes, leading to lipid peroxidation. Lipid peroxidation results in the formation of reactive lipid peroxides and other cytotoxic products, which can disrupt membrane integrity and function, exacerbating oxidative stress and cellular damage.Overall, iron overload promotes oxidative stress through multiple mechanisms, including the Fenton and Haber-Weiss reactions, mitochondrial dysfunction, inflammation, and lipid peroxidation.",""
"Irritable Bowel Syndrome","Irritable Bowel SyndromeWhat is Irritable Bowel Syndrome (IBS)?Irritable Bowel Syndrome (IBS) is a common gastrointestinal disorder characterized by a group of symptoms that occur together, including abdominal pain or discomfort, bloating, and changes in bowel habits such as diarrhea, constipation, or both. IBS is a chronic condition that can significantly affect a person’s quality of life, although it does not cause permanent damage to the digestive tract or increase the risk of serious diseases such as colon cancer.The exact cause of IBS is not fully understood, but it is believed to involve a combination of factors, including:Abnormal Gastrointestinal Motility: Individuals with IBS may experience abnormal contractions of the muscles in the intestines, leading to symptoms such as diarrhea, constipation, or alternating bouts of both.Visceral Hypersensitivity: Some people with IBS may have increased sensitivity to pain and discomfort in the intestines, leading to the perception of symptoms such as abdominal pain, bloating, and discomfort.Dysregulated Brain-Gut Axis: The communication between the brain and the gut, known as the brain-gut axis, may be altered in individuals with IBS. Stress, anxiety, and other psychological factors can influence gut motility and sensitivity, contributing to IBS symptoms.Dietary Triggers: Certain foods and beverages, such as spicy foods, fatty foods, caffeine, alcohol, and artificial sweeteners, may exacerbate IBS symptoms in some individuals. Dietary triggers can vary from person to person.Microbial Imbalance: Changes in the composition of the gut microbiota (the community of microorganisms living in the intestines) may play a role in the development of IBS. Imbalances in gut bacteria may contribute to symptoms such as bloating, gas, and altered bowel habits.Psychological Factors: Stress, anxiety, depression, and other psychological factors can influence gut function and may exacerbate symptoms in individuals with IBS. Conversely, living with the chronic symptoms of IBS can also cause psychological distress and impact mental well-being.What is the relationship between IBS and oxidative stress?The relationship between Irritable Bowel Syndrome (IBS) and oxidative stress is an area of ongoing research, and while the exact mechanisms are not fully understood, there is evidence to suggest that oxidative stress may play a role in the pathophysiology of IBS. Here’s how oxidative stress relates to IBS:Inflammation and Oxidative Stress: Oxidative stress is closely linked to inflammation, and both processes have been implicated in the development and progression of IBS.",""
"Ischemia-Reperfusion Injury","Ischemia-Reperfusion InjuryWhat Ischemia-Reperfusion (I/R) Injury?Ischemia-reperfusion (I/R) injury refers to tissue damage that occurs when blood supply to an organ or tissue is temporarily interrupted (ischemia) and subsequently restored (reperfusion). This phenomenon is commonly observed in various medical conditions, including myocardial infarction, stroke, organ transplantation, and vascular surgeries. Ischemia-reperfusion injury can exacerbate tissue damage and contribute to organ dysfunction through several mechanisms.During the ischemic phase, reduced blood flow deprives tissues of oxygen and essential nutrients, leading to cellular hypoxia and metabolic stress. Without oxygen, cells switch to anaerobic metabolism, resulting in the accumulation of metabolic byproducts such as lactate and acidosis. Additionally, the lack of oxygen disrupts ATP production, impairing cellular energy metabolism and leading to cellular dysfunction.When blood flow is restored (reperfusion), it triggers a series of complex pathophysiological events that exacerbate tissue damage and contribute to oxidative stress, inflammation, and cell death. The reperfusion phase is characterized by the following key mechanisms:Reactive Oxygen Species (ROS) Production: Restoration of blood flow leads to the rapid influx of oxygen into previously ischemic tissues. The sudden availability of oxygen promotes the production of reactive oxygen species (ROS) through various enzymatic and non-enzymatic pathways, including the mitochondrial electron transport chain, xanthine oxidase, and NADPH oxidase. Excessive ROS production overwhelms antioxidant defenses and causes oxidative damage to cellular components such as lipids, proteins, and DNA, leading to further tissue injury.Calcium Overload: Ischemia-reperfusion disrupts cellular calcium homeostasis, leading to an influx of calcium ions into cells during reperfusion. Elevated intracellular calcium levels activate calcium-dependent enzymes such as phospholipases, proteases, and endonucleases, which contribute to cellular injury and apoptosis. Calcium overload also promotes mitochondrial dysfunction, exacerbating ROS production and cellular damage.Inflammatory Response: Ischemia-reperfusion triggers an inflammatory response characterized by the release of pro-inflammatory cytokines, chemokines, and adhesion molecules. Inflammatory cells such as neutrophils and macrophages infiltrate the ischemic tissue, further amplifying tissue injury through the release of ROS, proteases, and inflammatory mediators. The inflammatory response exacerbates tissue damage, impairs microvascular function, and contributes to endothelial dysfunction.Endothelial Dysfunction: Ischemia-reperfusion disrupts endothelial cell function and integrity, leading to impaired vascular reactivity, increased vascular permeability, and microvascular thrombosis. Endothelial dysfunction contributes to tissue edema, impaired tissue perfusion, and compromised microcirculation, exacerbating tissue injury and organ dysfunction.What is the relationship between I/R injury and oxidative stress?The relationship between ischemia-reperfusion (I/R) injury and oxidative stress is fundamental and tightly intertwined. Oxidative stress plays a central role in the pathophysiology of I/R injury, contributing significantly to tissue damage and organ dysfunction. Several mechanisms link oxidative stress to I/R injury:Reactive Oxygen Species (ROS) Generation: The restoration of blood flow during reperfusion leads to the rapid influx of oxygen into previously ischemic tissues. This sudden increase in oxygen availability promotes the production of reactive oxygen species (ROS) through various enzymatic and non-enzymatic pathways, including the mitochondrial electron transport chain, xanthine oxidase, and NADPH oxidase. ROS, including superoxide radicals (O<a href=""https://hydrogen",""
"Kawasaki Disease","Kawasaki DiseaseWhat is Kawasaki Disease (KD)?Kawasaki disease (KD), also known as Kawasaki syndrome, is a rare but serious illness that primarily affects children, typically those under the age of 5. It is characterized by inflammation of the blood vessels (vasculitis) throughout the body, leading to a range of symptoms, including fever, rash, swelling of the hands and feet, and irritation and redness of the eyes.The exact cause of Kawasaki disease is unknown, but it is believed to involve a combination of genetic predisposition and environmental triggers. It is thought to be an autoimmune disorder, where the body’s immune system mistakenly attacks its own tissues, particularly the blood vessels. However, no specific genetic or environmental factors have been definitively identified as the cause.What is the relationship between KD and oxidative stress?The relationship between Kawasaki disease (KD) and oxidative stress is an area of ongoing research, and while the exact mechanisms are not fully understood, there is evidence to suggest that oxidative stress may play a role in the pathophysiology of the disease. Here are some potential connections:Endothelial Dysfunction: KD is characterized by inflammation of the blood vessels (vasculitis), particularly affecting medium-sized arteries. Endothelial dysfunction, which involves impairment of the endothelial cells lining the blood vessels, is a key feature of vasculitis. Oxidative stress can contribute to endothelial dysfunction by promoting the production of reactive oxygen species (ROS) and impairing nitric oxide (NO) bioavailability, a molecule involved in regulating vascular tone and function.Inflammatory Response: Oxidative stress is closely linked to inflammation, and KD is considered to be an inflammatory disorder. During the acute phase of KD, there is an excessive activation of the immune system, leading to the release of pro-inflammatory cytokines and recruitment of inflammatory cells to the affected blood vessels. Inflammatory cells, such as neutrophils and macrophages, produce ROS as part of their antimicrobial defense mechanisms. Excessive ROS production during inflammation can contribute to tissue damage and exacerbate the inflammatory response.Antioxidant Defenses: Antioxidant defenses, including enzymes such as superoxide dismutase (SOD), catalase, and glutathione peroxidase, play a crucial role in protecting cells from oxidative damage.",""
"Keratin Plugs","Keratin PlugsWhat are keratin plugs?Keratin plugs, also known as comedones or keratotic plugs, are small, raised bumps that form on the skin when excess keratin, a protein found in the outer layer of the skin (epidermis), becomes trapped within hair follicles or pores. Keratin is a natural component of the skin, hair, and nails, but when it accumulates and mixes with sebum (the skin’s natural oil), dead skin cells, and other debris, it can form plugs that block the opening of hair follicles or pores.Keratin plugs can occur anywhere on the body but are most commonly found on the face, particularly in areas with a high concentration of sebaceous glands, such as the forehead, nose, and chin (T-zone). They may appear as small, flesh-colored or slightly raised bumps, and in some cases, they may be darkened due to oxidation of the trapped keratin and sebum (resulting in blackheads or open comedones) or covered by a thin layer of skin (resulting in whiteheads or closed comedones).Keratin plugs are a characteristic feature of acne, a common skin condition characterized by the formation of comedones, inflammatory papules, pustules, and nodules. They are considered a precursor lesion in the development of acne lesions, and their formation is influenced by factors such as hormonal changes, excess sebum production, abnormal keratinization of the hair follicles, and colonization of the follicles by acne-causing bacteria (Propionibacterium acnes).What is the relationship between keratin plugs and oxidative stress?The relationship between keratin plugs and oxidative stress is not well-documented in scientific literature. Keratin plugs, also known as comedones, are primarily associated with factors such as excess sebum production, abnormal keratinization of hair follicles, and inflammation rather than oxidative stress.However, oxidative stress is known to play a role in various skin conditions, including acne, which is closely related to the formation of keratin plugs. Oxidative stress refers to an imbalance between the production of reactive oxygen species (ROS) and the body’s antioxidant defenses, leading to oxidative damage to cellular components such as lipids, proteins, and DNA.In the context of acne and keratin plug formation, oxidative stress may contribute to inflammation and tissue damage in several ways:Inflammatory Response: Oxidative stress can activate pro-inflammatory signaling pathways and promote the release of cytokines and chemokines, leading to inflammation in the skin. Inflammatory mediators can stimulate sebaceous glands to produce more sebum, exacerbating the formation of keratin plugs.Lipid Peroxidation: ROS can react with lipids in sebum and cellular membranes, leading to lipid peroxidation and the formation of lipid-derived reactive intermediates. Lipid peroxidation products can further amplify inflammatory responses and contribute to tissue damage in the skin.Antioxidant Defenses: Oxidative stress can deplete antioxidant defenses in the skin, including enzymatic antioxidants such as superoxide dismutase (SOD), catalase, and glutathione peroxidase, as well as non-enzymatic antioxidants such as vitamin C, vitamin E, and glutathione. Reduced antioxidant capacity may impair the skin’s ability to neutralize ROS and protect against oxidative damage.While there is limited direct evidence linking oxidative stress specifically to the formation of keratin plugs, oxidative stress is believed to contribute to the pathogenesis of acne by promoting inflammation, sebum production, and alterations in keratinization.",""
"Kidney Failure","Kidney FailureHydrogen Water and Kidney FailureKidney failure—also called end-stage renal disease (ESRD)—is the final, irreversible stage of chronic kidney disease. At this point, the kidneys can no longer filter waste, balance fluids, or regulate blood pressure. It’s a systemic, high-inflammation state marked by severe oxidative stress, uremic toxin buildup, and mitochondrial collapse.Acute Kidney Failure: Acute kidney failure is a rapid loss of kidney function that can occur over hours to days. It is often caused by conditions that disrupt blood flow to the kidneys, damage the kidney tissue, or obstruct the urinary tract. Common causes of acute kidney failure include severe dehydration, sudden drop in blood pressure (shock), infections, kidney infections, certain medications, toxins, and trauma. Symptoms of acute kidney failure may include decreased urine output, fluid retention (swelling), nausea, vomiting, fatigue, and confusion. Acute kidney failure can be reversible if the underlying cause is identified and treated promptly.Chronic Kidney Failure: Chronic kidney failure, also known as chronic kidney disease (CKD), is a progressive loss of kidney function over a period of months to years. It is often caused by underlying health conditions such as diabetes, high blood pressure (hypertension), glomerulonephritis, polycystic kidney disease, or autoimmune diseases. Chronic kidney failure is characterized by a gradual decline in kidney function, leading to irreversible damage and scarring of the kidney tissue. Symptoms of chronic kidney failure may not be apparent in the early stages but can include fatigue, weakness, swelling in the legs or ankles, changes in urine output, nausea, vomiting, and itching. As chronic kidney failure progresses, complications such as anemia, bone disease, cardiovascular disease, and fluid and electrolyte imbalances may develop.This is wherehydrogen-rich water (HRW)offers a powerful and promising adjunctive approach.In kidney failure models, HRW has been shown to:Reduce oxidative damageto renal and cardiovascular tissue by neutralizing hydroxyl radicals and peroxynitrite—two of the most cytotoxic species involved in uremia-induced damage​​Lower systemic inflammation, decreasing circulating TNF-α, IL-6, and C-reactive proteinImprove vascular function, which is critical in ESRD patients who often suffer from endothelial dysfunction and high cardiovascular riskSupport mitochondrial health, helping prevent apoptosis and preserving energy metabolism in surviving nephrons​A particularly important mechanism in kidney failure is hydrogen’sability to modulate redox homeostasis—restoring the balance between oxidation and antioxidation in tissues overwhelmed by free radicals. HRW also activates Nrf2 and HO-1 pathways, enhancing the body’s internal defense systems, and may help regulate autophagy and apoptosis, both of which are dysregulated in ESRD​.Clinical relevance:Early human",""
"Kidney Stones","Kidney StonesHydrogen Water and Kidney StonesWhat are kidney stones?Kidney stones are hard mineral clumps that form in your kidneys. They cause sharp pain, nausea, and trouble peeing. These stones often build up when there’s too much calcium, oxalate, or uric acid in the urine—and not enough fluid to wash it out.Hydrogen-rich water (HRW) may help protect against kidney stones by fightingoxidative stressandinflammation—two things that make stone formation and kidney damage worse.The formation of kidney stones occurs when certain substances in the urine, such as calcium, oxalate, uric acid, and cystine, become highly concentrated and form crystals. These crystals can aggregate and grow over time, eventually forming larger stones. Several factors can contribute to the development of kidney stones, including:Dehydration: Insufficient fluid intake can lead to concentrated urine, increasing the risk of crystal formation and stone formation.Dietary Factors: Consuming foods high in oxalate, calcium, or purines (found in meat and seafood) can increase the risk of kidney stone formation. Additionally, diets high in sodium or sugar may contribute to stone formation.Genetic Factors: Some people may have a genetic predisposition to forming kidney stones, particularly if they have a family history of the condition.Medical Conditions: Certain medical conditions, such as hyperparathyroidism, gout, urinary tract infections, and certain metabolic disorders, can increase the risk of kidney stone formation.Medications: Some medications, including diuretics, calcium-based antacids, and certain antibiotics, may increase the risk of kidney stone formation.Hydrogen Water For Kidney StonesHere’s how hydrogen water helps:Reduces oxidative stress: When your kidneys are under stress, they make harmful molecules called free radicals. HRW neutralizes the worst of these—like hydroxyl radicals—before they can damage kidney tissue or make stone formation more likely​.Lowers inflammation: Inflammation in the kidneys can trigger more crystal buildup. HRW has been shown to reduce levels of inflammation markers like TNF-α and IL-6, which may help prevent stones from forming or getting worse​.Protects kidney cells: HRW helps keep kidney cells healthy by protecting their mitochondria—the energy centers of each cell. This improves how well the kidneys can filter waste and stay balanced​.May reduce calcium oxalate damage: In lab",""
"Liver Disease","Liver DiseaseWhat is liver disease?Liver disease refers to any condition that affects the structure or function of the liver, which is an essential organ responsible for numerous vital functions in the body. These functions include detoxification of harmful substances, metabolism of nutrients, production of bile for digestion, regulation of blood sugar levels, and storage of vitamins and minerals.Liver disease can range from mild, reversible conditions to severe, life-threatening disorders. Some common types of liver disease include:Hepatitis: Inflammation of the liver, often caused by viral infections (hepatitis A, B, C, etc.), alcohol abuse, autoimmune reactions, or exposure to toxic substances.Cirrhosis: Scarring of the liver tissue due to chronic inflammation and liver damage. Cirrhosis can result from various causes, including chronic alcohol abuse, viral hepatitis, non-alcoholic fatty liver disease (NAFLD), and autoimmune liver diseases.Non-alcoholic Fatty Liver Disease (NAFLD) and Non-alcoholic Steatohepatitis (NASH): Accumulation of fat in the liver, which can progress to inflammation (NASH) and fibrosis if left untreated. NAFLD and NASH are commonly associated with obesity, diabetes, and metabolic syndrome.Alcoholic Liver Disease: Liver damage caused by excessive alcohol consumption over time, leading to fatty liver, alcoholic hepatitis, and cirrhosis.Liver Cancer: The development of cancerous tumors in the liver, which can be primary (arising within the liver) or secondary (metastasized from other organs).Autoimmune Liver Diseases: Conditions in which the body’s immune system mistakenly attacks the liver, leading to inflammation and damage. Examples include autoimmune hepatitis, primary biliary cholangitis, and primary sclerosing cholangitis.What is the relationship between liver disease and oxidative stress?Liver disease and oxidative stress are closely interconnected, as oxidative stress plays a significant role in the development and progression of various liver conditions. Oxidative stress occurs when there is an imbalance between the production of reactive oxygen species (ROS) and the body’s ability to detoxify them or repair the resulting damage. In the liver, oxidative stress can arise from multiple sources, including:Alcohol Consumption: Chronic alcohol consumption can lead to increased production of ROS in the liver, contributing to oxidative stress. This oxidative damage plays a central role in the development of alcoholic liver disease, including alcoholic fatty liver, alcoholic hepatitis, and cirrhosis.Viral Hepatitis: Hepatitis B and C viruses can induce oxidative stress in liver cells through various mechanisms, including the activation of inflammatory pathways and the generation of ROS by infected cells. Oxidative stress contributes to liver inflammation, fibrosis, and progression to chronic liver disease.Non-alcoholic Fatty Liver Disease (NAFLD) and Non-alcoholic Steatohepatitis (NASH): Oxidative stress is a key driver of liver injury in NAFLD and NASH. Accumulation of fat in the liver leads to mitochondrial dysfunction and increased ROS production, which exacerbates inflammation, hepatocyte injury, and fibrosis progression.Ischemia-Reperfusion Injury: Liver ischemia-reperfusion injury, which occurs during liver transplantation or surgical procedures, is characterized by oxidative stress due to the rapid generation of ROS upon reperfusion of oxygenated blood into the previously ischemic tissue. This oxidative damage can compromise liver function and contribute to postoperative complications.Drug-induced Liver Injury: Some medications and toxins can induce oxidative stress in the liver, leading to hepatocyte damage and liver dysfunction. Drugs such as acetaminophen (paracetamol), certain antibiotics, and chemotherapeutic agents may generate ROS as metabolic byproducts or directly interfere with cellular antioxidant defenses.Inflammation and Immune Activation: Inflammatory processes and immune activation in the liver, such as those occurring in autoimmune liver diseases or chronic viral hepatitis, can promote oxidative stress by activating immune cells and releasing inflammatory cytokines that stimulate ROS production.The consequences of oxidative stress in the liver include lipid peroxidation, protein oxidation, DNA damage, and mitochondrial dysfunction, all of which contribute to liver cell injury, inflammation, fibrosis, and ultimately, progression to advanced liver disease stages such as cirrhosis and hepatocellular carcinoma (liver cancer).",""
"Liver Failure","Liver FailureWhat is liver failure?Liver failure, also known as hepatic failure, is a life-threatening condition characterized by severe impairment or loss of liver function. It occurs when the liver is unable to perform its essential metabolic, detoxification, and regulatory functions, leading to systemic complications and potentially fatal consequences. Liver failure can be acute (acute liver failure) or chronic (chronic liver failure or end-stage liver disease).Acute Liver Failure (ALF): Acute liver failure is a rapid-onset condition in which liver function deteriorates rapidly over a period of days to weeks. It is often characterized by the sudden onset of symptoms and severe liver dysfunction, leading to hepatic encephalopathy (confusion, altered consciousness) and multi-organ failure. Acute liver failure can result from various causes, including viral hepatitis (such as hepatitis A, B, or E), drug-induced liver injury, autoimmune hepatitis, acute fatty liver of pregnancy, and toxic liver injury (due to ingestion of toxic substances such as acetaminophen).Chronic Liver Failure: Chronic liver failure, also known as end-stage liver disease or end-stage liver failure, is a progressive condition characterized by irreversible damage to liver tissue and a gradual decline in liver function over time. Chronic liver failure typically develops over months to years and may result from chronic liver diseases such as cirrhosis, chronic hepatitis B or C infection, alcoholic liver disease, non-alcoholic fatty liver disease (NAFLD), autoimmune hepatitis, and genetic liver disorders. As liver function deteriorates, individuals with chronic liver failure may experience symptoms such as jaundice (yellowing of the skin and eyes), ascites (fluid accumulation in the abdomen), hepatic encephalopathy (confusion, cognitive impairment), coagulopathy (bleeding disorders), and portal hypertension (increased pressure in the portal vein system).What is the relationship between liver failure and oxidative stress?The relationship between liver failure and oxidative stress is complex and multifaceted. Liver failure, whether acute or chronic, is often associated with increased oxidative stress, and oxidative stress, in turn, can contribute to the progression and severity of liver failure. Here’s how they are related:Oxidative Stress in Liver Disease: Liver failure is often preceded or accompanied by various liver diseases, such as viral hepatitis, alcoholic liver disease, non-alcoholic fatty liver disease (NAFLD), cirrhosis, and autoimmune liver diseases. These liver diseases are characterized by chronic inflammation, hepatocellular injury, and hepatocyte death, which can lead to increased production of reactive oxygen species (ROS) and oxidative stress within the liver.Mitochondrial Dysfunction: Liver failure is frequently associated with mitochondrial dysfunction, which can contribute to increased ROS production and oxidative stress. Mitochondria are the primary sites of ROS generation within cells, and impaired mitochondrial function can disrupt electron transport chain activity, leading to the leakage of electrons and the generation of ROS. Mitochondrial dysfunction is commonly observed in liver diseases such as alcoholic liver disease, NAFLD, and cirrhosis, and it can further exacerbate oxidative stress and cellular damage in the liver.Inflammatory Responses: Liver failure is often characterized by chronic inflammation, which plays a critical role in the pathogenesis of liver disease. Inflammatory processes can stimulate the production of ROS by activating immune cells, such as macrophages and neutrophils, and inducing the expression of pro-inflammatory cytokines and chemokines. ROS, in turn, can amplify inflammatory responses by promoting the activation of inflammatory signaling pathways, such as nuclear factor kappa B (NF-κB) and activator protein-1 (AP-1), and exacerbating tissue injury and inflammation.Hepatocyte Injury and Apoptosis: Liver failure is associated with hepatocyte injury and apoptosis (programmed cell death), which can result from various insults, including viral infections, alcohol toxicity, metabolic dysfunction, and immune-mediated damage. Hepatocyte injury and apoptosis can trigger oxidative stress by releasing intracellular contents, such as cytochrome c and reactive oxygen species, into the extracellular environment, leading to the activation of oxidative stress pathways and the generation of ROS.Impaired Antioxidant Defenses: Liver failure is often accompanied by impaired antioxidant defenses, which can further exacerbate oxidative stress and cellular damage. Antioxidant enzymes, such as superoxide dismutase (SOD), catalase, and glutathione peroxidase, play crucial roles in neutralizing ROS and protecting cells from oxidative damage. However, in liver failure, the activity of antioxidant enzymes may be compromised due to depletion of antioxidant reserves, impaired gene expression, or oxidative modification of antioxidant proteins, leading to an imbalance between ROS production and antioxidant defenses.Overall, oxidative stress plays a significant role in the pathogenesis and progression of liver failure by contributing to hepatocyte injury, inflammation, mitochondrial dysfunction, and impaired antioxidant defenses.",""
"Liver Injury","Liver InjuryWhat is liver injury?Liver injury refers to damage or impairment of liver function due to various causes, resulting in structural and functional abnormalities within the liver tissue. Liver injury can range from mild, reversible damage to severe, life-threatening conditions, depending on the extent and duration of the insult.Causes of liver injury include:Viral Hepatitis: Infections with hepatitis viruses, such as hepatitis A, hepatitis B, hepatitis C, hepatitis D, and hepatitis E, can cause acute or chronic inflammation of the liver, leading to liver injury and hepatocellular damage.Alcohol: Chronic alcohol consumption can result in alcoholic liver disease, characterized by fatty liver (steatosis), alcoholic hepatitis (inflammation of the liver), fibrosis (accumulation of scar tissue), and cirrhosis (irreversible scarring of the liver tissue).Non-alcoholic Fatty Liver Disease (NAFLD): Accumulation of fat in the liver, often associated with obesity, insulin resistance, metabolic syndrome, and dyslipidemia, can lead to non-alcoholic fatty liver disease (NAFLD), which encompasses a spectrum of conditions ranging from simple fatty liver to non-alcoholic steatohepatitis (NASH) and cirrhosis.Medications and Drugs: Certain medications, drugs, and toxins can cause liver injury, either through direct hepatotoxic effects or idiosyncratic reactions. Common hepatotoxic agents include acetaminophen (paracetamol), nonsteroidal anti-inflammatory drugs (NSAIDs), certain antibiotics, antiepileptic drugs, and herbal supplements.Autoimmune Disorders: Autoimmune hepatitis, primary biliary cholangitis, and primary sclerosing cholangitis are autoimmune disorders characterized by immune-mediated inflammation and damage to liver tissue, resulting in liver injury and dysfunction.Metabolic Disorders: Metabolic disorders, such as hemochromatosis (excessive iron accumulation), Wilson’s disease (copper accumulation), alpha-1 antitrypsin deficiency, and glycogen storage diseases, can lead to liver injury and hepatocellular damage.Vascular Disorders: Vascular disorders affecting the liver, such as Budd-Chiari syndrome (obstruction of hepatic veins) and portal vein thrombosis, can cause liver injury and impair blood flow to the liver tissue.What is the relationship between liver injury and oxidative stress?The relationship between liver injury and oxidative stress is significant and intricate. Liver injury, regardless of its cause, often involves the generation of reactive oxygen species (ROS) and the imbalance between pro-oxidants and antioxidants, leading to oxidative stress. Here’s how liver injury and oxidative stress are interconnected:ROS Production: Liver injury triggers the production of reactive oxygen species (ROS) within hepatocytes (liver cells) and other liver resident cells. ROS, including superoxide anion (O2−), hydrogen peroxide (H2O2), and hydroxyl radical (OH·), are highly reactive molecules that can cause oxidative damage to lipids, proteins, and DNA within liver cells.Mitochondrial Dysfunction: Liver injury, such as that caused by alcohol consumption, viral hepatitis, or drug toxicity, can lead to mitochondrial dysfunction. Mitochondria are the primary sites of ROS generation within cells, and impaired mitochondrial function can result in electron leakage from the respiratory chain, leading to increased ROS production and oxidative stress.Inflammation: Liver injury is often associated with inflammation, characterized by the infiltration of immune cells and the release of pro-inflammatory cytokines and chemokines. Inflammatory processes can stimulate the production of ROS by activating immune cells, such as macrophages and neutrophils, and inducing the expression of NADPH oxidases (NOX) and inducible nitric oxide synthase (iNOS), which generate ROS as byproducts.Activation of Hepatic Stellate Cells: Liver injury can activate hepatic stellate cells (HSCs), which play a central role in the pathogenesis of liver fibrosis and cirrhosis. Activated HSCs produce ROS as part of their fibrogenic response, leading to oxidative stress and contributing to the progression of liver injury and fibrosis.Hepatocellular Damage: Liver injury results in hepatocellular damage and necrosis, releasing intracellular components, such as cytochrome c and ROS, into the extracellular environment. ROS released from damaged hepatocytes can further exacerbate oxidative stress and induce oxidative damage to neighboring cells and tissues.Impaired Antioxidant Defenses: Liver injury can impair the antioxidant defense mechanisms that protect cells from oxidative damage. Antioxidant enzymes, such as superoxide dismutase (SOD), catalase, and glutathione peroxidase, may be depleted or dysfunctional in the setting of liver injury, reducing the capacity of the liver to neutralize ROS and mitigate oxidative stress.DNA Damage and Cell Death: Oxidative stress resulting from liver injury can cause DNA damage and promote apoptotic or necrotic cell death pathways. ROS-induced DNA damage can lead to mutations and genomic instability, contributing to the development of liver cancer and other complications of liver injury.Overall, oxidative stress is a common feature of liver injury and contributes to the progression of liver disease by promoting inflammation, fibrosis, cell death, and DNA damage.",""
"Lung Contusion","Lung ContusionWhat is lung contusion?A lung contusion is a type of lung injury that occurs when the lung tissue is bruised or damaged due to trauma or blunt force impact to the chest. It is a common injury seen in situations such as car accidents, falls from height, or direct blows to the chest.When a lung contusion occurs, the small blood vessels within the lung tissue rupture, leading to bleeding and inflammation in the affected area. This results in the accumulation of blood and fluid within the lung tissue, causing it to become swollen and stiff. As a result, the lung’s ability to exchange oxygen and carbon dioxide may be impaired, leading to respiratory dysfunction.What is the relationship between lung contusion and oxidative stress?The relationship between lung contusion and oxidative stress involves complex interactions between inflammatory processes, tissue damage, and antioxidant defenses. While there isn’t direct evidence linking lung contusion specifically to oxidative stress, the inflammatory response and tissue injury associated with lung contusion can lead to oxidative stress in the affected lung tissue. Here’s how:Inflammatory Response: Lung contusion triggers a robust inflammatory response characterized by the release of pro-inflammatory cytokines, chemokines, and reactive oxygen species (ROS)-generating enzymes. Inflammatory cells, such as neutrophils and macrophages, are recruited to the site of injury, where they produce ROS as part of their antimicrobial defense mechanisms. This oxidative burst contributes to tissue damage and exacerbates the inflammatory response.ROS Production: The disruption of lung tissue integrity and the accumulation of blood and fluid within the lung parenchyma result in increased production of ROS by activated immune cells and damaged cells. ROS, including superoxide radicals (O2•−), hydrogen peroxide (H2O2), and hydroxyl radicals (•OH), can directly damage cellular components such as lipids, proteins, and DNA, leading to oxidative stress and amplifying tissue injury.Lipid Peroxidation: ROS generated during lung contusion can react with lipids in cell membranes, leading to lipid peroxidation and the formation of reactive lipid peroxides. Lipid peroxidation products can further exacerbate tissue damage and inflammation, contributing to oxidative stress in the injured lung tissue.Antioxidant Defenses: Antioxidant defenses in the lung, including enzymatic antioxidants such as superoxide dismutase (SOD), catalase, and glutathione peroxidase, as well as non-enzymatic antioxidants such as vitamin C, vitamin E, and glutathione, play a crucial role in neutralizing ROS and protecting against oxidative damage. However, the overwhelming production of ROS during lung contusion may exceed the capacity of antioxidant defenses, leading to oxidative stress and tissue injury.Overall, while oxidative stress is not a direct consequence of lung contusion, the inflammatory response and tissue damage associated with lung contusion can lead to increased production of reactive oxygen species (ROS) and oxidative stress in the affected lung tissue.",""
"Lung Injury","Lung InjuryWhat is lung injury?Lung injury refers to damage or impairment of the lungs’ structure and function, resulting in compromised respiratory function and potential respiratory distress. Lung injury can occur due to various factors, including infections, environmental exposures, trauma, medical conditions, and systemic diseases. It can range from mild, reversible damage to severe, life-threatening conditions.Causes of lung injury include:Infections: Viral, bacterial, fungal, or parasitic infections can lead to lung injury, inflammation, and damage to lung tissue. Common respiratory infections that can cause lung injury include pneumonia, influenza, tuberculosis, and respiratory syncytial virus (RSV) infection.Environmental Exposures: Exposure to pollutants, toxins, chemicals, and irritants in the environment can damage lung tissue and lead to lung injury. Examples include exposure to cigarette smoke, air pollution, industrial chemicals, asbestos fibers, and silica dust.Acute Respiratory Distress Syndrome (ARDS): ARDS is a severe form of lung injury characterized by widespread inflammation and damage to lung tissue, leading to impaired gas exchange and severe respiratory failure. ARDS can be triggered by various factors, including pneumonia, sepsis, trauma, aspiration of gastric contents, and inhalation injuries.Smoke Inhalation: Inhalation of smoke from fires or toxic gases can cause lung injury and damage to the respiratory epithelium, leading to airway inflammation, edema, and impaired lung function.Trauma: Traumatic injuries to the chest or lungs, such as blunt or penetrating trauma, rib fractures, or pulmonary contusions, can result in lung injury, pulmonary hemorrhage, and respiratory compromise.Pulmonary Embolism: Pulmonary embolism occurs when blood clots travel to the lungs and obstruct the pulmonary arteries, leading to reduced blood flow to lung tissue and potential lung injury.Systemic Diseases: Certain systemic diseases and medical conditions, such as systemic lupus erythematosus (SLE), rheumatoid arthritis, vasculitis, and certain types of cancer, can cause inflammation and damage to lung tissue, resulting in lung injury.What is the relationship between lung injury and oxidative stress?The relationship between lung injury and oxidative stress is intricate and plays a significant role in the pathogenesis and progression of various lung diseases. Here’s how lung injury and oxidative stress are interconnected:Inflammatory Response: Lung injury often triggers an inflammatory response characterized by the activation of immune cells and the release of pro-inflammatory cytokines and chemokines. Inflammation can stimulate the production of reactive oxygen species (ROS) by activating NADPH oxidases (NOX), xanthine oxidase, and other enzymatic sources of ROS, leading to oxidative stress within the lungs.Environmental Exposures: Exposure to environmental pollutants, toxins, chemicals, and irritants can cause lung injury and inflammation, leading to oxidative stress. Airborne pollutants such as cigarette smoke, air pollution, industrial chemicals, and particulate matter can generate ROS and reactive nitrogen species (RNS) in the lungs, contributing to oxidative damage to lung tissue.Ischemia-Reperfusion Injury: In conditions such as acute respiratory distress syndrome (ARDS) or lung transplantation, ischemia-reperfusion injury occurs when blood flow is temporarily interrupted to lung tissue and then restored, leading to oxidative stress and tissue damage. Reperfusion of ischemic tissues can result in the generation of ROS and inflammatory mediators, exacerbating oxidative stress and exacerbating lung injury.Cellular Damage: Lung injury can cause damage to lung epithelial cells, endothelial cells, and alveolar macrophages, leading to the release of intracellular components and activation of inflammatory pathways. ROS released from damaged cells can further exacerbate oxidative stress and induce oxidative damage to neighboring cells and tissues, perpetuating the cycle of inflammation and injury.Antioxidant Defenses: Lung injury may impair antioxidant defenses, reducing the lung’s capacity to neutralize ROS and mitigate oxidative stress. Antioxidant enzymes, such as superoxide dismutase (SOD), catalase, glutathione peroxidase, and heme oxygenase-1 (HO-1), play crucial roles in protecting lung tissue from oxidative damage. However, in conditions of lung injury, antioxidant enzyme activity may be compromised, leading to increased susceptibility to oxidative stress.Cell Signaling: ROS generated during lung injury can serve as signaling molecules, activating redox-sensitive signaling pathways such as nuclear factor kappa B (NF-κB), activator protein-1 (AP-1), and mitogen-activated protein kinases (MAPKs). Activation of these signaling pathways can further promote inflammation, cytokine production, and tissue remodeling, contributing to the progression of lung injury and oxidative stress.Overall, oxidative stress is a common feature of lung injury and contributes to the pathogenesis and progression of various lung diseases, including acute lung injury, ARDS, chronic obstructive pulmonary disease (COPD), asthma, pulmonary fibrosis, and lung cancer.",""
"Macular Degeneration","Macular DegenerationWhat is macular degeneration?Macular degeneration, also known as age-related macular degeneration (AMD), is a progressive eye condition that affects the macula, the central part of the retina responsible for sharp, central vision. The macula is essential for tasks such as reading, driving, and recognizing faces.There are two main types of macular degeneration:Dry AMD (Non-neovascular AMD): Dry AMD is the more common form of macular degeneration, accounting for about 85-90% of cases. It occurs when the cells in the macula gradually break down and the tissue of the macula thins and deteriorates over time. Drusen, which are small yellow deposits that form under the retina, are often observed in dry AMD. Dry AMD typically progresses slowly and may cause gradual central vision loss.Wet AMD (Neovascular AMD): Wet AMD is less common but more severe than dry AMD. It occurs when abnormal blood vessels grow beneath the retina and leak fluid or blood into the macula. This leakage can lead to rapid and severe central vision loss. Wet AMD can develop suddenly and progress rapidly, causing significant vision impairment if left untreated.What is the relationship between macular degeneration and oxidative stress?The relationship between macular degeneration (MD) and oxidative stress is a significant area of research, and evidence suggests that oxidative stress plays a crucial role in the development and progression of this condition. Oxidative stress refers to an imbalance between the production of reactive oxygen species (ROS) and the body’s antioxidant defenses, leading to damage to cellular components such as lipids, proteins, and DNA. Here’s how oxidative stress is thought to contribute to macular degeneration:Retinal Damage: The retina, and specifically the macula, is highly susceptible to oxidative damage due to its exposure to light and high metabolic activity. The retina contains a high concentration of polyunsaturated fatty acids, which are vulnerable to oxidation by ROS. Oxidative damage to retinal cells, including photoreceptors and retinal pigment epithelial (RPE) cells, can disrupt normal cellular function and contribute to the development of macular degeneration.Drusen Formation: Drusen are small yellow deposits that accumulate under the retina in individuals with macular degeneration, particularly in the dry form of the disease. Drusen contain lipids, proteins, and cellular debris, and their formation is thought to be driven by oxidative stress and inflammation. ROS-induced damage to RPE cells and impaired clearance of cellular debris may contribute to the formation of drusen, which can further exacerbate oxidative stress and inflammation in the retina.Inflammatory Response: Oxidative stress can trigger an inflammatory response in the retina, characterized by the release of pro-inflammatory cytokines, chemokines, and adhesion molecules. Chronic inflammation in the retina can further promote oxidative damage and contribute to the progression of macular degeneration. Inflammatory cells, such as macrophages and microglia, can produce ROS as part of their antimicrobial defense mechanisms, leading to tissue damage and exacerbating oxidative stress.Choroidal Neovascularization: In wet macular degeneration, abnormal blood vessels grow beneath the retina and leak fluid or blood into the macula, leading to rapid and severe vision loss. Oxidative stress has been implicated in the pathogenesis of choroidal neovascularization, with ROS playing a role in promoting angiogenesis (blood vessel growth) and vascular permeability. ROS-induced endothelial dysfunction and activation of angiogenic signaling pathways may contribute to the development of abnormal blood vessels in the retina.Antioxidant Defenses: Antioxidant defenses in the retina, including enzymatic antioxidants such as superoxide dismutase (SOD), catalase, and glutathione peroxidase, as well as non-enzymatic antioxidants such as vitamin C, vitamin E, and carotenoids, play a crucial role in protecting against oxidative damage. However, with aging and disease, antioxidant defenses may become overwhelmed by ROS production, leading to oxidative stress and cellular damage in the retina.Overall, oxidative stress is believed to be a key factor in the pathogenesis of macular degeneration, contributing to retinal damage, drusen formation, inflammation, and choroidal neovascularization.",""
"Mastitis","MastitisWhat is mastitis?Mastitis is a medical term that refers to inflammation of the breast tissue, most commonly occurring in women who are breastfeeding. It can also affect men and non-breastfeeding women, although it is less common in these populations. Mastitis typically presents with symptoms such as breast pain, swelling, warmth, redness, and sometimes fever and flu-like symptoms.There are two main types of mastitis:Lactational Mastitis: This type of mastitis occurs in breastfeeding women, usually within the first few months after giving birth. Lactational mastitis is often caused by milk stasis, which can result from factors such as inadequate milk removal during breastfeeding, poor latch or positioning of the baby during breastfeeding, engorgement of the breasts, or blocked milk ducts. Bacteria can then enter the breast tissue through small cracks or openings in the skin around the nipple, leading to infection and inflammation.Non-Lactational Mastitis: Non-lactational mastitis can occur in men or women who are not breastfeeding. It is less common than lactational mastitis and can be caused by various factors, including bacterial infection, trauma or injury to the breast tissue, autoimmune diseases, or certain medications. Non-lactational mastitis may also be associated with conditions such as duct ectasia (widening and inflammation of the milk ducts), mammary ductal ectasia (inflammation and blockage of the milk ducts), or breast abscesses.What is the relationship between mastitis and oxidative stress?The relationship between mastitis and oxidative stress is complex and multifaceted. While oxidative stress is not typically considered a primary cause of mastitis, it can play a significant role in the progression and severity of the condition. Here’s how mastitis and oxidative stress are related:Inflammatory Response: Mastitis is characterized by inflammation of the breast tissue, which involves the activation of immune cells and the release of pro-inflammatory cytokines and chemokines. Inflammatory processes can stimulate the production of reactive oxygen species (ROS) by immune cells such as neutrophils and macrophages, leading to oxidative stress within the breast tissue.Tissue Damage: Mastitis can result in damage to breast tissue due to inflammation, infection, and immune response. Tissue damage releases intracellular contents and activates oxidative stress pathways, leading to the generation of ROS and oxidative damage to lipids, proteins, and DNA within the breast tissue.Bacterial Infection: In cases of bacterial mastitis, bacterial pathogens can induce oxidative stress directly or indirectly. Bacteria can produce toxins and virulence factors that stimulate ROS production by immune cells and disrupt antioxidant defenses in the breast tissue. Additionally, immune cells may generate ROS as part of the antimicrobial response to bacterial infection, contributing to oxidative stress.Antioxidant Defenses: Oxidative stress in mastitis can result from an imbalance between ROS production and antioxidant defenses in the breast tissue. Antioxidant enzymes, such as superoxide dismutase (SOD), catalase, and glutathione peroxidase, play crucial roles in neutralizing ROS and protecting cells from oxidative damage. However, during mastitis, antioxidant defenses may be overwhelmed or impaired, leading to increased oxidative stress and tissue damage.Impact on Breastfeeding: Mastitis can affect breastfeeding by causing pain, discomfort, and inflammation of the breast tissue, which may lead to difficulties with breastfeeding and milk supply. Oxidative stress associated with mastitis may further exacerbate breastfeeding problems by impairing breast tissue function and milk production.Overall, oxidative stress is implicated in the pathogenesis of mastitis and can contribute to tissue damage, inflammation, and complications associated with the condition.",""
"Maternal Immune Activation","Maternal Immune ActivationWhat is Maternal Immune Activation (MIA)?Maternal immune activation (MIA) refers to the activation of the maternal immune system during pregnancy in response to various environmental or infectious stimuli. It is a phenomenon where the mother’s immune system is triggered to produce an inflammatory response, often resulting in elevated levels of pro-inflammatory cytokines and immune activation markers.MIA can occur in response to a variety of factors, including viral or bacterial infections, exposure to toxins, stress, or other environmental factors. These stimuli can lead to the activation of maternal immune cells, such as macrophages and T cells, and the release of inflammatory mediators that can cross the placenta and affect the developing fetus.Research suggests that maternal immune activation during pregnancy may have profound effects on fetal development and increase the risk of neurodevelopmental disorders, such as autism spectrum disorder (ASD) and schizophrenia, in offspring. Animal",""
"Metabolic Acidosis","Metabolic AcidosisWhat is metabolic acidosis?Metabolic acidosis is a medical condition characterized by an imbalance in the body’s acid-base balance, resulting in an accumulation of acid or a loss of bicarbonate (a base) in the body. This disturbance in the acid-base balance leads to a decrease in the pH of the blood, making it more acidic.There are several possible causes of metabolic acidosis, including:Increased Production of Acid: This can occur due to conditions such as diabetic ketoacidosis (DKA), where the body produces excess ketones (acidic byproducts of fat metabolism) in response to insulin deficiency. Other conditions that can lead to increased acid production include lactic acidosis (due to inadequate oxygen delivery to tissues), ingestion of certain toxins or drugs, and disorders of amino acid metabolism.Decreased Excretion of Acid: The kidneys play a crucial role in excreting excess acid from the body through the urine. Conditions that impair kidney function, such as renal failure or certain types of kidney disease, can lead to a buildup of acid in the body.Loss of Bicarbonate: Bicarbonate is a buffer that helps regulate the body’s acid-base balance. Conditions that result in the loss of bicarbonate from the body, such as diarrhea or intestinal fistulas, can lead to metabolic acidosis.What is the relationship between metabolic acidosis and oxidative stress?The relationship between metabolic acidosis and oxidative stress is multifaceted and involves complex interactions between cellular metabolism, acid-base balance, and redox homeostasis. While direct evidence linking metabolic acidosis to oxidative stress is limited, several mechanisms suggest potential connections between these processes:Mitochondrial Dysfunction: Metabolic acidosis can disrupt mitochondrial function, leading to impaired oxidative phosphorylation and ATP production. Mitochondria are major sources of reactive oxygen species (ROS) production in cells, and disruption of mitochondrial function can lead to increased ROS generation. Excess ROS production in mitochondria can overwhelm antioxidant defenses and lead to oxidative stress.Inflammation and Immune Response: Metabolic acidosis can activate inflammatory pathways and trigger immune responses in cells and tissues. Inflammatory cells, such as macrophages and neutrophils, produce ROS as part of their antimicrobial defense mechanisms. Chronic inflammation associated with metabolic acidosis can lead to sustained ROS production and oxidative stress.Acidosis-induced Tissue Damage: Acidosis can directly damage cells and tissues, leading to cellular injury and oxidative stress. Acidosis disrupts cell membrane integrity, alters intracellular pH, and impairs enzymatic function, all of which can contribute to oxidative damage. Oxidative stress resulting from tissue injury and damage can further exacerbate cellular dysfunction and contribute to the progression of metabolic acidosis.Antioxidant Defenses: Metabolic acidosis may affect antioxidant defenses and redox signaling pathways in cells. Acidosis can alter the expression and activity of antioxidant enzymes, such as superoxide dismutase (SOD), catalase, and glutathione peroxidase, leading to impaired antioxidant capacity. Dysregulation of antioxidant defenses can exacerbate oxidative stress and contribute to cellular damage in the context of metabolic acidosis.Secondary Effects on Organ Function: Metabolic acidosis can have systemic effects on organ function, leading to tissue hypoxia, ischemia-reperfusion injury, and organ dysfunction. These secondary effects can further contribute to oxidative stress and tissue damage in affected organs, exacerbating the overall oxidative burden in the body.Overall, while the precise mechanisms linking metabolic acidosis to oxidative stress are still being elucidated, evidence suggests that metabolic acidosis can disrupt cellular metabolism, activate inflammatory pathways, and impair antioxidant defenses, leading to increased ROS production and oxidative stress.",""
"Metabolic Syndrome","Metabolic SyndromeWhat is metabolic syndrome?Metabolic syndrome is a cluster of conditions that occur together, increasing the risk of heart disease, stroke, and type <a href=""https://hydrogen",""
"Motor Deficit","Motor DeficitWhat is motor deficit?A motor deficit, also known as motor impairment or motor dysfunction, refers to a condition in which an individual experiences difficulty or impairment in their ability to control voluntary movements. Motor deficits can affect various aspects of movement, including strength, coordination, balance, speed, and accuracy.Motor deficits can result from a wide range of underlying causes, including neurological conditions, musculoskeletal disorders, developmental disorders, injuries, or systemic diseases.What is the relationship between motor deficit and oxidative stress?The relationship between motor deficits and oxidative stress involves complex interactions between cellular metabolism, inflammation, and tissue damage. While motor deficits can arise from a variety of underlying causes, including neurological conditions, musculoskeletal disorders, and systemic diseases, oxidative stress may contribute to the pathogenesis and progression of motor deficits through several mechanisms:Neurodegeneration: Oxidative stress is implicated in the neurodegenerative processes associated with conditions such as Parkinson’s disease, Alzheimer’s disease, amyotrophic lateral sclerosis (ALS), and multiple sclerosis (MS). In these conditions, increased production of reactive oxygen species (ROS) and impaired antioxidant defenses can lead to oxidative damage to neurons and glial cells, contributing to neuronal dysfunction, cell death, and progressive motor deficits.Inflammation and Immune Response: Oxidative stress can activate inflammatory pathways and trigger immune responses in the central nervous system (CNS) and peripheral tissues. Chronic inflammation and immune activation are common features of neurodegenerative diseases and other conditions associated with motor deficits. Inflammatory cells, such as microglia and astrocytes, produce ROS as part of their immune response, leading to tissue damage and neuronal dysfunction.Mitochondrial Dysfunction: Mitochondria are the primary cellular organelles responsible for energy production and play a crucial role in maintaining neuronal function and viability. Oxidative stress can impair mitochondrial function and lead to mitochondrial dysfunction, resulting in decreased ATP production, increased ROS generation, and disruption of cellular metabolism. Mitochondrial dysfunction is implicated in the pathogenesis of various neurodegenerative diseases and may contribute to motor deficits by impairing neuronal signaling and synaptic transmission.Excitotoxicity: Oxidative stress can exacerbate excitotoxicity, a process in which excessive activation of excitatory neurotransmitter receptors leads to neuronal damage and cell death. Glutamate-mediated excitotoxicity is implicated in several neurodegenerative diseases and acute neurological injuries, such as stroke and traumatic brain injury, and may contribute to motor deficits by disrupting neuronal networks and synaptic connectivity.Muscle Dysfunction: Oxidative stress can also affect skeletal muscle function and contribute to muscle weakness, fatigue, and impaired motor performance. ROS production during exercise or muscle contraction can lead to oxidative damage to muscle fibers and impair contractile function. Chronic oxidative stress may contribute to muscle wasting, weakness, and motor deficits observed in neuromuscular disorders and age-related sarcopenia.Overall, oxidative stress is believed to play a significant role in the pathogenesis and progression of motor deficits associated with neurodegenerative diseases, inflammatory conditions, and musculoskeletal disorders.",""
"Multiple Organ Dysfunction Syndrome","Multiple Organ Dysfunction SyndromeWhat is Multiple Organ Dysfunction Syndrome (MODS)?Multiple Organ Dysfunction Syndrome (MODS), also known as multiple organ failure (MOF), is a life-threatening condition characterized by progressive dysfunction of two or more organ systems in response to a severe insult or injury. MODS typically occurs in critically ill patients who have experienced significant physiological stress, such as severe trauma, sepsis, major surgery, or severe infection.The development of MODS involves a complex interplay of systemic inflammation, immune dysregulation, tissue injury, and organ dysfunction. The initial insult triggers a cascade of inflammatory and immune responses, leading to widespread endothelial dysfunction, microvascular injury, and impaired tissue perfusion. As the condition progresses, dysfunction of multiple organs and systems may occur simultaneously or sequentially, leading to a cascade of organ failure.The organs most commonly affected in MODS include the lungs, kidneys, liver, heart, and central nervous system, although virtually any organ system can be involved. The severity and pattern of organ dysfunction may vary depending on the underlying cause, patient factors, and the progression of the disease process.What is the relationship between MODS and oxidative stress?The relationship between Multiple Organ Dysfunction Syndrome (MODS) and oxidative stress involves complex interactions between systemic inflammation, tissue injury, and cellular damage. While the precise mechanisms linking MODS to oxidative stress are not fully understood, several factors suggest potential connections between these processes:Systemic Inflammation: MODS is often preceded by a systemic inflammatory response syndrome (SIRS), triggered by severe insults such as trauma, sepsis, or major surgery. SIRS is characterized by the release of pro-inflammatory cytokines, chemokines, and reactive oxygen species (ROS) from activated immune cells. The inflammatory cascade can lead to widespread endothelial dysfunction, microvascular injury, and tissue inflammation, contributing to oxidative stress.Endothelial Dysfunction: The endothelium plays a crucial role in maintaining vascular homeostasis and regulating immune responses. In MODS, endothelial dysfunction is a common feature, characterized by impaired endothelial barrier function, increased vascular permeability, and dysregulated vasomotor tone. Endothelial dysfunction can lead to microvascular injury, tissue hypoperfusion, and ischemia-reperfusion injury, which can promote ROS production and oxidative stress.Ischemia-Reperfusion Injury: Organ ischemia-reperfusion injury, resulting from inadequate blood flow followed by restoration of perfusion, is a common mechanism underlying organ dysfunction in MODS. Ischemia-reperfusion injury leads to the generation of ROS and reactive nitrogen species (RNS) within tissues, causing oxidative damage to cellular components such as lipids, proteins, and DNA. The release of ROS during reperfusion can exacerbate tissue injury and inflammation, further contributing to organ dysfunction.Mitochondrial Dysfunction: Mitochondria are major sources of ROS production within cells and play a critical role in cellular metabolism and energy production. In MODS, mitochondrial dysfunction can occur as a consequence of tissue hypoxia, inflammation, and oxidative stress. Impaired mitochondrial function leads to increased ROS production, reduced ATP synthesis, and cellular damage, exacerbating organ dysfunction and contributing to the progression of MODS.Antioxidant Defenses: Oxidative stress in MODS may result from an imbalance between ROS production and antioxidant defenses. While the body has endogenous antioxidant systems, including enzymes such as superoxide dismutase (SOD), catalase, and glutathione peroxidase, these defenses may become overwhelmed in the setting of severe inflammation and tissue injury. Deficiencies in antioxidant defenses or depletion of antioxidant reserves can exacerbate oxidative stress and contribute to organ dysfunction in MODS.Overall, oxidative stress is believed to play a significant role in the pathogenesis and progression of Multiple Organ Dysfunction Syndrome, contributing to tissue injury, inflammation, and organ dysfunction.",""
"Multiple Sclerosis","Multiple SclerosisMultiple Sclerosis (MS)and Hydrogen Water – Hydrogen Treatments and Therapy ResearchMultiple sclerosis (MS) is a chronic autoimmune disease that affects the central nervous system (CNS), which includes the brain and spinal cord. In MS, the body’s immune system mistakenly attacks the protective covering of nerve fibers called myelin. This attack leads to inflammation, damage to the myelin sheath, and sometimes to the underlying nerve fibers. As a result of this damage, communication between the brain, spinal cord, and the rest of the body is disrupted.What is the relationship between MS and oxidative stress?The relationship between multiple sclerosis (MS) and oxidative stress is a topic of ongoing research, and while the precise mechanisms are not fully understood, oxidative stress is believed to play a significant role in the pathogenesis and progression of MS. Here’s how MS and oxidative stress are interconnected:Inflammatory Response: MS is characterized by inflammation in the central nervous system (CNS), which leads to damage of the myelin sheath surrounding nerve fibers and subsequent neurodegeneration. Inflammatory processes in MS involve the activation of immune cells, such as T cells and microglia, which produce pro-inflammatory cytokines and reactive oxygen species (ROS). These ROS can cause oxidative damage to lipids, proteins, and DNA within the CNS, exacerbating tissue injury and inflammation.Mitochondrial Dysfunction: Mitochondria are the primary source of cellular energy production and play a crucial role in maintaining cellular function and integrity. Dysfunction of mitochondria has been implicated in MS, leading to impaired energy metabolism, increased production of ROS, and oxidative stress. Mitochondrial dysfunction may result from direct damage by inflammatory mediators or from genetic and environmental factors associated with MS.Myelin Degradation: Myelin, the fatty substance that insulates nerve fibers in the CNS, is a primary target of the immune attack in MS. Degradation of myelin by immune cells and inflammatory mediators releases lipid breakdown products and exposes axons to oxidative damage. Oxidative stress can further exacerbate myelin degradation and disrupt the repair processes that are essential for remyelination in MS lesions.Blood-Brain Barrier Dysfunction: The blood-brain barrier (BBB) is a selective barrier that regulates the passage of molecules and immune cells between the bloodstream and the CNS. Dysfunction of the BBB in MS allows infiltration of inflammatory cells and molecules into the CNS, contributing to neuroinflammation and oxidative stress. Disruption of the BBB integrity may also facilitate the entry of blood-derived ROS and inflammatory mediators into the CNS, exacerbating oxidative damage.Axonal Injury and Neurodegeneration: In addition to demyelination, MS is associated with axonal injury and neurodegeneration, which contribute to disability progression in the disease. Oxidative stress has been implicated in axonal injury and neuronal death in MS, as ROS can directly damage axonal structures and impair axonal transport and function. Oxidative stress-mediated neurodegeneration may occur independently of demyelination and contribute to irreversible neurological deficits in MS.Overall, oxidative stress is a common feature of MS pathology and contributes to various aspects of the disease, including inflammation, demyelination, neurodegeneration, and disability progression.",""
"Muscular Dystrophy","Muscular DystrophyWhat is Muscular Dystrophy (MD)?Muscular dystrophy (MD) is a group of genetic disorders characterized by progressive weakness and degeneration of skeletal muscles, which are the muscles that control movement. There are many different types of muscular dystrophy, each caused by mutations in specific genes responsible for the structure and function of muscle cells.The most common and well-known type of muscular dystrophy is Duchenne muscular dystrophy (DMD), which primarily affects boys and typically becomes apparent in early childhood. Other types include Becker muscular dystrophy, facioscapulohumeral muscular dystrophy, myotonic dystrophy, and limb-girdle muscular dystrophy, among others.What is the relationship between MD and oxidative stress?The relationship between muscular dystrophy (MD) and oxidative stress is complex and multifaceted. While oxidative stress is not considered the primary cause of muscular dystrophy, it plays a significant role in the pathogenesis and progression of the disease. Here’s how MD and oxidative stress are interconnected:Inflammation and Immune Response: In many forms of muscular dystrophy, including Duchenne muscular dystrophy (DMD), the primary cause of muscle degeneration is genetic mutations that result in the absence or dysfunction of specific proteins essential for muscle structure and function. This genetic defect triggers an inflammatory response and immune cell infiltration into the muscle tissue. Immune cells release pro-inflammatory cytokines and reactive oxygen species (ROS), leading to oxidative stress and further damage to muscle fibers.Muscle Degeneration and Regeneration: In MD, the absence or dysfunction of key proteins compromises the integrity and stability of muscle fibers, making them more susceptible to damage and degeneration. Muscle degeneration results in the release of cellular contents, including myoglobin, creatine kinase, and other molecules, which can induce oxidative stress and inflammation in neighboring cells. Additionally, impaired muscle regeneration and repair mechanisms in MD contribute to the accumulation of oxidative damage over time.Mitochondrial Dysfunction: Mitochondria are the primary producers of cellular energy (ATP) and play a crucial role in muscle function. In MD, mitochondrial dysfunction is commonly observed, leading to impaired energy production, increased production of ROS, and oxidative stress. Mitochondrial abnormalities may arise from genetic defects, inflammatory cytokines, or oxidative damage to mitochondrial DNA, proteins, and lipids.Antioxidant Defenses: To counteract the harmful effects of oxidative stress, cells have antioxidant defense mechanisms that scavenge ROS and protect against oxidative damage. However, in MD, the balance between ROS production and antioxidant defenses is disrupted, leading to oxidative stress overload. Reduced levels of antioxidant enzymes, such as superoxide dismutase (SOD), catalase, and glutathione peroxidase, have been observed in muscles of individuals with MD, further exacerbating oxidative damage.Secondary Pathways of Damage: Oxidative stress not only directly damages muscle fibers but also activates secondary pathways of damage, including lipid peroxidation, protein oxidation, and DNA damage. These secondary products of oxidative stress can further impair cellular function, exacerbate inflammation, and contribute to disease progression in MD.Overall, oxidative stress is intimately involved in the pathogenesis and progression of muscular dystrophy, contributing to muscle degeneration, inflammation, impaired regeneration, and functional decline.",""
"Mycotoxicosis","MycotoxicosisWhat is mycotoxicosis?Mycotoxicosis refers to poisoning or toxic effects resulting from exposure to mycotoxins, which are toxic secondary metabolites produced by certain fungi. These fungi can grow on various food commodities, including grains, nuts, fruits, and vegetables, as well as in indoor environments such as buildings with water damage or high humidity levels. Mycotoxins are produced by molds belonging to genera such as Aspergillus, Penicillium, Fusarium, and others.Exposure to mycotoxins can occur through ingestion of contaminated food or beverages, inhalation of airborne spores or toxins, or direct contact with contaminated surfaces. The health effects of mycotoxicosis can vary depending on the type and amount of mycotoxin ingested, the duration of exposure, and individual susceptibility factors.Some common mycotoxins and their associated health effects include:Aflatoxins: Produced primarily by Aspergillus species, aflatoxins are potent carcinogens and hepatotoxins. Chronic exposure to aflatoxins through contaminated food, particularly grains, nuts, and legumes, has been linked to liver cancer, liver damage, immune suppression, and growth impairment.Ochratoxin: Produced by several species of Aspergillus and Penicillium fungi, ochratoxin is associated with nephrotoxicity (kidney damage), carcinogenicity, and immunosuppression. Chronic exposure to ochratoxin through contaminated cereals, coffee, wine, and spices has been implicated in kidney disease and urinary tract cancer.Fumonisins: Produced primarily by Fusarium species, fumonisins are associated with esophageal cancer, neural tube defects, and other developmental abnormalities. Fumonisins can contaminate maize (corn) and maize-based products, posing a risk to populations reliant on maize as a dietary staple.Trichothecenes: Produced by various Fusarium species, trichothecenes are potent mycotoxins with immunosuppressive, cytotoxic, and genotoxic effects. Trichothecenes can cause vomiting, diarrhea, neurotoxicity, and immunosuppression in humans and animals. Exposure to trichothecenes may occur through ingestion of contaminated cereals, grains, and animal feed.Patulin: Produced by Penicillium and Aspergillus fungi, patulin is associated with gastrointestinal irritation, immunosuppression, and genotoxicity. Patulin can contaminate fruits, particularly apples, and apple-based products such as juices and ciders.What is the relationship between mycotoxicosis and oxidative stress?The relationship between mycotoxicosis and oxidative stress involves complex interactions between mycotoxins, cellular metabolism, inflammation, and antioxidant defenses. While the precise mechanisms linking mycotoxicosis to oxidative stress are not fully understood, several factors suggest potential connections between these processes:Direct Generation of Reactive Oxygen Species (ROS): Some mycotoxins have been shown to directly generate reactive oxygen species (ROS) within cells. For example, aflatoxins, ochratoxin A, and patulin have been reported to induce oxidative stress by promoting ROS production through various mechanisms, including disruption of mitochondrial function, activation of NADPH oxidases, and inhibition of antioxidant enzymes.Induction of Inflammatory Responses: Mycotoxins can trigger inflammatory responses in tissues and organs, leading to the activation of immune cells and the release of pro-inflammatory cytokines and chemokines. Chronic inflammation is associated with increased oxidative stress, as inflammatory cells such as macrophages and neutrophils produce ROS as part of their antimicrobial defense mechanisms. Mycotoxin-induced inflammation may contribute to oxidative damage and tissue injury in affected individuals.Disruption of Antioxidant Defenses: Mycotoxins can disrupt antioxidant defenses within cells, leading to impaired scavenging of ROS and increased susceptibility to oxidative stress. For example, mycotoxins such as aflatoxins and ochratoxin A have been shown to inhibit antioxidant enzymes such as superoxide dismutase (SOD), catalase, and glutathione peroxidase, which play critical roles in neutralizing ROS and protecting cells from oxidative damage.Induction of Apoptosis and Cell Death: Mycotoxins can induce apoptosis (programmed cell death) and necrosis in cells and tissues, leading to the release of ROS and oxidative stress. Apoptosis and necrosis pathways are closely linked to oxidative stress, as ROS can activate signaling pathways that regulate cell survival and death. Mycotoxin-induced cell death may further exacerbate tissue injury and inflammation, contributing to the pathogenesis of mycotoxicosis.DNA Damage and Genotoxicity: Some mycotoxins are genotoxic and can induce DNA damage, chromosomal abnormalities, and mutations in cells. DNA damage resulting from mycotoxin exposure can trigger oxidative stress by activating DNA repair mechanisms and generating ROS during repair processes. Persistent DNA damage and oxidative stress may contribute to carcinogenesis and other long-term health effects associated with mycotoxicosis.Overall, oxidative stress is believed to play a significant role in the pathogenesis and progression of mycotoxicosis, contributing to tissue injury, inflammation, and organ dysfunction.",""
"Myocardial Necrosis","Myocardial NecrosisWhat is myocardial necrosis?Myocardial necrosis refers to the death of myocardial (heart muscle) cells due to inadequate blood supply, typically resulting from ischemia (restriction of blood flow) or infarction (complete blockage of blood flow). This condition is commonly associated with coronary artery disease, which occurs when the coronary arteries that supply blood to the heart become narrowed or blocked by atherosclerotic plaques.The myocardium, or heart muscle, requires a constant supply of oxygen and nutrients provided by blood flow through the coronary arteries. When blood flow to a part of the myocardium is reduced or blocked, as in the case of a coronary artery occlusion, the affected area of the heart becomes ischemic, leading to cellular injury and death.Myocardial necrosis can result in various clinical conditions, including:Myocardial Infarction (Heart Attack): Myocardial infarction occurs when a coronary artery becomes completely blocked, usually by a blood clot, leading to prolonged ischemia and irreversible damage to the myocardium. The extent and severity of myocardial necrosis determine the severity of the heart attack and its clinical consequences.Ischemic Heart Disease: Ischemic heart disease encompasses a spectrum of conditions characterized by reduced blood flow to the heart muscle, including stable angina (chest pain or discomfort during exertion), unstable angina (chest pain at rest or with minimal exertion), and myocardial infarction.Acute Coronary Syndrome: Acute coronary syndrome refers to a group of conditions caused by sudden, reduced blood flow to the heart, including unstable angina, non-ST-segment elevation myocardial infarction (NSTEMI), and ST-segment elevation myocardial infarction (STEMI). These conditions are considered medical emergencies and require prompt evaluation and treatment.Heart Failure: Chronic myocardial necrosis, particularly if it affects a large portion of the myocardium, can lead to impaired cardiac function and heart failure. Heart failure occurs when the heart is unable to pump blood effectively to meet the body’s demands, leading to symptoms such as shortness of breath, fatigue, and fluid retention.What is the relationship between myocardial necrosis and oxidative stress?The relationship between myocardial necrosis and oxidative stress involves complex interactions between ischemia-reperfusion injury, inflammation, and cellular damage. When blood flow to the myocardium is compromised, as in the case of myocardial infarction (MI) or ischemic heart disease, it leads to ischemia (restriction of blood flow) and subsequent tissue damage. During reperfusion, when blood flow is restored to the ischemic tissue, oxidative stress can occur due to the production of reactive oxygen species (ROS) and reactive nitrogen species (RNS) within the myocardium. Several mechanisms contribute to the generation of oxidative stress during myocardial necrosis:Ischemia-Reperfusion Injury: Ischemia-reperfusion injury is a major contributor to oxidative stress in myocardial necrosis. During ischemia, there is an imbalance between oxygen supply and demand in the myocardium, leading to cellular hypoxia and metabolic dysfunction. Upon reperfusion, the sudden influx of oxygen-rich blood to the ischemic tissue can lead to the production of ROS and RNS through various pathways, including the mitochondrial electron transport chain, NADPH oxidase activation, and xanthine oxidase activity. The excessive generation of ROS and RNS during reperfusion can overwhelm endogenous antioxidant defenses and cause oxidative damage to cellular components, including lipids, proteins, and DNA.Inflammatory Responses: Myocardial necrosis triggers inflammatory responses within the myocardium, involving the recruitment and activation of immune cells such as neutrophils, macrophages, and lymphocytes. Inflammatory cells produce ROS and RNS as part of their antimicrobial defense mechanisms, contributing to oxidative stress and tissue injury. Inflammatory cytokines and chemokines released during myocardial necrosis can further amplify oxidative stress by activating NADPH oxidase and promoting ROS production by immune cells.Mitochondrial Dysfunction: Ischemia-reperfusion injury can lead to mitochondrial dysfunction and impairment of mitochondrial respiration, resulting in increased ROS production by the electron transport chain. ROS generated within mitochondria can further exacerbate oxidative stress and contribute to cellular damage and apoptosis in the myocardium. Mitochondrial ROS production is particularly prominent during reperfusion, when oxygen levels are restored to the ischemic tissue.Activation of Cell Death Pathways: Oxidative stress can activate apoptotic and necrotic cell death pathways in the myocardium, leading to further tissue damage and myocardial necrosis. ROS and RNS can induce mitochondrial permeability transition pore (MPTP) opening, cytochrome c release, and caspase activation, culminating in apoptotic cell death. Additionally, oxidative stress can trigger necrotic cell death through mechanisms such as lipid peroxidation, protein oxidation, and DNA damage.Overall, oxidative stress plays a central role in the pathogenesis of myocardial necrosis by promoting tissue injury, inflammation, and cell death in the ischemic myocardium.",""
"Necrotizing Enterocolitis","Necrotizing EnterocolitisWhat is Necrotizing Enterocolitis (NEC)?Necrotizing enterocolitis (NEC) is a serious gastrointestinal emergency primarily affecting premature infants, particularly those born before 32 weeks gestation or with very low birth weight. NEC is characterized by inflammation and necrosis (tissue death) of the intestinal mucosa, leading to bowel wall necrosis, perforation, and potentially life-threatening complications.The exact cause of NEC is not fully understood, but several factors are believed to contribute to its development:Immature Intestinal Immune System: Premature infants have an immature gastrointestinal tract, including an underdeveloped mucosal barrier and an inadequate immune response. This immaturity predisposes them to inflammation and susceptibility to intestinal injury.Enteral Feeding: The introduction of enteral feeding (feeding through the gastrointestinal tract) in premature infants, particularly with formula feeding, has been associated with an increased risk of NEC. The immaturity of the infant’s gut may lead to difficulty in digesting and absorbing nutrients, increasing susceptibility to inflammation and injury.Bacterial Colonization: Alterations in the intestinal microbiota, including bacterial overgrowth or colonization by pathogenic bacteria, may contribute to the development of NEC. The presence of bacteria in the intestinal lumen can trigger an inflammatory response, leading to mucosal damage and necrosis.Ischemia and Hypoxia: Reduced blood flow to the intestines, either due to impaired circulation or hypoxemia (low oxygen levels), can result in ischemia (lack of blood supply) and tissue injury. Premature infants are particularly vulnerable to ischemic insults due to their immature cardiovascular system and susceptibility to hypoxia.Immune System Dysregulation: Abnormalities in the infant’s immune system, including exaggerated inflammatory responses or impaired immune defenses, may contribute to the pathogenesis of NEC. Dysregulation of inflammatory cytokines and immune mediators can lead to tissue damage and necrosis in the intestines.What is the relationship between NEC and oxidative stress?The relationship between necrotizing enterocolitis (NEC) and oxidative stress involves complex interactions between intestinal inflammation, ischemia-reperfusion injury, and the generation of reactive oxygen species (ROS) within the intestinal mucosa. While the exact mechanisms linking NEC to oxidative stress are not fully understood, several factors suggest potential connections between these processes:Intestinal Inflammation: NEC is characterized by severe inflammation of the intestinal mucosa, leading to tissue injury and necrosis. Inflammatory cells such as neutrophils and macrophages are activated in response to microbial invasion and tissue damage, leading to the production of ROS as part of the immune response. ROS generated by inflammatory cells contribute to oxidative stress within the intestinal tissue, exacerbating tissue injury and necrosis.Ischemia-Reperfusion Injury: Ischemia-reperfusion injury occurs when blood flow to the intestines is temporarily disrupted (ischemia) and then restored (reperfusion), leading to tissue damage and inflammation. During ischemia, the lack of oxygen and nutrients results in cellular hypoxia and metabolic dysfunction, leading to the generation of ROS within the intestinal tissue. Upon reperfusion, the sudden influx of oxygen-rich blood to the ischemic tissue can further exacerbate oxidative stress, leading to cellular damage and necrosis.Immature Antioxidant Defenses: Premature infants, who are most commonly affected by NEC, have immature antioxidant defenses and are particularly susceptible to oxidative stress. The premature neonatal intestine may have reduced levels of antioxidant enzymes such as superoxide dismutase, catalase, and glutathione peroxidase, making it more vulnerable to oxidative damage. The imbalance between ROS production and antioxidant defenses contributes to oxidative stress and tissue injury in NEC.Enteral Feeding: The introduction of enteral feeding, particularly formula feeding, has been associated with an increased risk of NEC. Formula feeding may lead to dysbiosis (imbalance in gut microbiota) and alterations in the intestinal microbiome, contributing to intestinal inflammation and oxidative stress. The presence of nutrients and microbial antigens in the intestinal lumen can trigger immune responses and ROS production by inflammatory cells, exacerbating oxidative stress and tissue injury.Gut Microbiota: Dysbiosis and alterations in the gut microbiota composition have been implicated in the pathogenesis of NEC. Disruption of the normal microbial balance in the intestine can lead to increased production of ROS by pathogenic bacteria and reduced levels of beneficial commensal bacteria, further contributing to oxidative stress and intestinal inflammation.Overall, oxidative stress plays a significant role in the pathogenesis of necrotizing enterocolitis, contributing to intestinal inflammation, tissue injury, and necrosis.",""
"Necrotizing Pancreatitis","Necrotizing PancreatitisWhat is necrotizing pancreatitis?Necrotizing pancreatitis is a severe form of acute pancreatitis characterized by tissue necrosis (death) within the pancreas. Acute pancreatitis is a sudden inflammation of the pancreas, often associated with abdominal pain, nausea, vomiting, and elevated levels of pancreatic enzymes in the blood. Necrotizing pancreatitis occurs when inflammation progresses to tissue necrosis, leading to significant morbidity and mortality.The exact mechanisms underlying the development of necrotizing pancreatitis are not fully understood, but several factors may contribute to its pathogenesis:Gallstones: Gallstone pancreatitis is one of the most common causes of acute pancreatitis. Gallstones can obstruct the pancreatic duct, leading to inflammation and injury to pancreatic tissue. In severe cases, obstruction of blood flow to the pancreas can result in tissue necrosis.Alcohol: Chronic alcohol consumption is another major risk factor for acute pancreatitis. Alcohol can cause direct toxic effects on pancreatic cells, leading to inflammation and tissue damage. In some cases, severe alcohol-induced pancreatitis can progress to necrotizing pancreatitis.Ischemia: Reduced blood flow to the pancreas, either due to vascular injury or systemic hypoperfusion, can result in ischemia (lack of blood supply) and tissue necrosis. Ischemia can occur as a consequence of conditions such as shock, vascular disease, or embolic events.Pancreatic Enzyme Activation: Activation of pancreatic enzymes within the pancreas can lead to autodigestion of pancreatic tissue, resulting in inflammation and tissue injury. In necrotizing pancreatitis, the release of activated enzymes into the pancreatic parenchyma can cause extensive tissue necrosis and damage.Inflammatory Response: The inflammatory response plays a central role in the pathogenesis of necrotizing pancreatitis. Inflammatory mediators such as cytokines, chemokines, and leukotrienes are released in response to pancreatic injury, leading to recruitment and activation of inflammatory cells. Excessive inflammation can contribute to tissue damage and necrosis within the pancreas.What is the relationship between necrotizing pancreatitis and oxidative stress?The relationship between necrotizing pancreatitis and oxidative stress involves complex interactions between inflammatory pathways, tissue injury, and the generation of reactive oxygen species (ROS) within the pancreatic tissue. While the exact mechanisms linking necrotizing pancreatitis to oxidative stress are not fully understood, several factors suggest potential connections between these processes:Inflammatory Response: Necrotizing pancreatitis is characterized by a robust inflammatory response within the pancreatic tissue, involving the activation and recruitment of inflammatory cells such as neutrophils, macrophages, and lymphocytes. Inflammatory cells release cytokines, chemokines, and other inflammatory mediators, which can activate NADPH oxidase and lead to the production of ROS as part of the immune response. The excessive generation of ROS contributes to oxidative stress within the pancreatic tissue, exacerbating tissue injury and necrosis.Ischemia-Reperfusion Injury: Ischemia-reperfusion injury occurs when blood flow to the pancreas is temporarily disrupted (ischemia) and then restored (reperfusion), leading to tissue damage and inflammation. During ischemia, the lack of oxygen and nutrients results in cellular hypoxia and metabolic dysfunction, leading to the generation of ROS within the pancreatic tissue. Upon reperfusion, the sudden influx of oxygen-rich blood to the ischemic tissue can further exacerbate oxidative stress, leading to cellular damage and necrosis.Pancreatic Enzyme Activation: Activation of pancreatic enzymes within the pancreas can lead to autodigestion of pancreatic tissue, resulting in inflammation and tissue injury. In necrotizing pancreatitis, the release of activated enzymes into the pancreatic parenchyma can cause extensive tissue damage and necrosis. The inflammatory response triggered by enzyme activation can further stimulate ROS production by inflammatory cells, contributing to oxidative stress and tissue injury.Mitochondrial Dysfunction: Mitochondrial dysfunction is a common feature of pancreatic injury and necrosis. Dysfunctional mitochondria can lead to impaired mitochondrial respiration and increased production of ROS by the electron transport chain. ROS generated within mitochondria can further exacerbate oxidative stress and contribute to cellular damage and necrosis in the pancreas.Antioxidant Defenses: Antioxidant defenses play a critical role in protecting pancreatic tissue from oxidative stress. However, during necrotizing pancreatitis, antioxidant defenses may be overwhelmed by the excessive generation of ROS and the inflammatory response. Reduced levels of antioxidant enzymes such as superoxide dismutase, catalase, and glutathione peroxidase may further exacerbate oxidative stress and tissue injury in the pancreas.Overall, oxidative stress plays a significant role in the pathogenesis of necrotizing pancreatitis, contributing to tissue injury, inflammation, and necrosis within the pancreatic tissue.",""
"Neurodegeneration","NeurodegenerationWhat is neurodegeneration?Neurodegeneration refers to the progressive loss of structure or function of neurons, the cells that make up the nervous system, including the brain and spinal cord. This process is typically associated with the gradual decline in cognitive function, motor function, or both, depending on the areas of the nervous system affected.Neurodegeneration can occur in various neurological disorders, including Alzheimer’s disease, Parkinson’s disease, Huntington’s disease, amyotrophic lateral sclerosis (ALS), and multiple sclerosis (MS), among others. While the specific mechanisms underlying neurodegeneration may vary between different diseases, common features include:Accumulation of Abnormal Proteins: In many neurodegenerative disorders, abnormal proteins accumulate within neurons or in the surrounding tissue. Examples include amyloid-beta and tau in Alzheimer’s disease, alpha-synuclein in Parkinson’s disease, huntingtin in Huntington’s disease, and misfolded proteins in ALS. The accumulation of these proteins can disrupt normal cellular function, leading to neuronal dysfunction and death.Oxidative Stress: Oxidative stress occurs when there is an imbalance between the production of reactive oxygen species (ROS) and the ability of cells to detoxify them or repair the resulting damage. Neurons are particularly vulnerable to oxidative stress due to their high metabolic activity and relatively low levels of antioxidant defenses. Oxidative damage to proteins, lipids, and DNA can contribute to neuronal dysfunction and death in neurodegenerative diseases.Mitochondrial Dysfunction: Mitochondria are the energy-producing organelles within cells and play a crucial role in maintaining neuronal function. Dysfunction of mitochondria, including impaired energy production, oxidative stress, and release of pro-apoptotic factors, has been implicated in neurodegeneration. Mitochondrial dysfunction can lead to neuronal cell death and contribute to the progression of neurodegenerative diseases.Inflammation: Inflammation is a common feature of many neurodegenerative diseases and can contribute to neuronal injury and death. Activated microglia, the resident immune cells of the central nervous system, release pro-inflammatory cytokines, chemokines, and reactive oxygen species, which can exacerbate neuronal damage and contribute to neurodegeneration.Excitotoxicity: Excitotoxicity refers to the toxic effects of excessive glutamate signaling on neurons. Excessive glutamate release can lead to overactivation of glutamate receptors, particularly NMDA receptors, resulting in calcium influx, mitochondrial dysfunction, and ultimately, neuronal death. Excitotoxicity has been implicated in several neurodegenerative diseases, including Alzheimer’s disease, Parkinson’s disease, and Huntington’s disease.Overall, neurodegeneration involves a complex interplay of genetic, environmental, and cellular factors that contribute to the progressive loss of neuronal structure and function.What is the relationship between neurodegeneration and oxidative stress?The relationship between neurodegeneration and oxidative stress is intricate and multifaceted. Oxidative stress is recognized as a significant contributor to the pathogenesis and progression of various neurodegenerative diseases. Several factors contribute to this relationship:Accumulation of Reactive Oxygen Species (ROS) and Reactive Nitrogen Species (RNS): In neurodegenerative diseases, there is often an imbalance between the production and elimination of ROS and RNS. ROS, such as superoxide radicals, hydroxyl radicals, and hydrogen peroxide, and RNS, such as nitric oxide, are highly reactive molecules that can damage cellular structures including lipids, proteins, and DNA. The accumulation of ROS and RNS leads to oxidative stress, contributing to neuronal dysfunction and death.Mitochondrial Dysfunction: Mitochondria are major sources of ROS production within cells, and dysfunctional mitochondria are commonly observed in neurodegenerative diseases. Mitochondrial dysfunction can lead to increased ROS production, impaired energy metabolism, and release of pro-apoptotic factors, exacerbating oxidative stress and neuronal damage.Accumulation of Oxidatively Modified Biomolecules: Oxidative stress leads to the oxidation of biomolecules such as lipids, proteins, and DNA within neurons. For example, lipid peroxidation can result in the generation of toxic byproducts that damage cell membranes and disrupt cellular function. Oxidative modification of proteins can impair their function and lead to aggregation, a hallmark of many neurodegenerative diseases. DNA damage induced by oxidative stress can lead to mutations and genomic instability, contributing to disease progression.Inflammation: Neuroinflammation, characterized by the activation of microglia and release of pro-inflammatory cytokines and chemokines, is a common feature of neurodegenerative diseases. Inflammatory processes contribute to oxidative stress through the activation of NADPH oxidase and the release of ROS by activated immune cells. Chronic inflammation and oxidative stress form a vicious cycle, with each process exacerbating the other and leading to progressive neuronal damage.Impaired Antioxidant Defenses: Antioxidant defenses play a crucial role in mitigating oxidative stress and protecting neurons from damage. However, in neurodegenerative diseases, there is often a decline in antioxidant capacity due to decreased expression or activity of antioxidant enzymes such as superoxide dismutase, catalase, and glutathione peroxidase. This impaired antioxidant defense system further contributes to oxidative stress and neuronal vulnerability.Overall, oxidative stress is intimately linked to neurodegeneration, contributing to neuronal dysfunction, cell death, and disease progression in various neurodegenerative diseases.",""
"Neuropathic Pain","Neuropathic PainWhat is neuropathic pain?Neuropathic pain is a type of chronic pain that arises from damage or dysfunction of the nervous system. Unlike nociceptive pain, which is caused by tissue damage or inflammation, neuropathic pain results from abnormal processing of sensory signals by the nerves themselves.Neuropathic pain can manifest in various ways and is often described as shooting, burning, tingling, stabbing, or electric shock-like sensations. It may be constant or intermittent, and it can occur spontaneously or be triggered by stimuli that would not normally cause pain, such as light touch or temperature changes.Conditions that can cause neuropathic pain include:Peripheral neuropathy: Damage to the peripheral nerves, often due to diabetes, infections, autoimmune diseases, or trauma.Postherpetic neuralgia: Pain that persists after an episode of shingles (herpes zoster) due to damage to nerves affected by the virus.Trigeminal neuralgia: Intense facial pain caused by irritation or damage to the trigeminal nerve, which supplies sensation to the face.Diabetic neuropathy: Nerve damage caused by long-term high blood sugar levels in individuals with diabetes.Spinal cord injury: Damage to the spinal cord resulting in persistent pain signals being sent to the brain.Multiple sclerosis: A neurological condition that can lead to damage of the nerve fibers, causing neuropathic pain among other symptoms.What is the relationship between neuropathic pain and oxidative stress?The relationship between neuropathic pain and oxidative stress is an area of active research, and while the precise mechanisms are not fully understood, there is growing evidence to suggest that oxidative stress may play a role in the pathogenesis and maintenance of neuropathic pain. Here’s how neuropathic pain and oxidative stress are interconnected:Nerve Damage: Neuropathic pain often arises from damage or dysfunction of the nerves, leading to abnormal transmission of pain signals. Nerve injury triggers a cascade of cellular events, including inflammation and oxidative stress. Injured nerves release pro-inflammatory cytokines and chemokines, which recruit immune cells to the site of injury and stimulate the production of reactive oxygen species (ROS) and reactive nitrogen species (RNS) by activating the nicotinamide adenine dinucleotide phosphate (NADPH) oxidase enzyme complex and other sources.Mitochondrial Dysfunction: Mitochondria, the cellular organelles responsible for energy production, are susceptible to oxidative damage. Mitochondrial dysfunction has been implicated in neuropathic pain, leading to impaired energy metabolism, increased production of ROS, and oxidative stress. Dysfunction of mitochondria may result from nerve injury, inflammation, or neurodegenerative processes associated with neuropathic pain conditions.Oxidative Damage: Increased levels of oxidative stress markers, such as lipid peroxidation products, protein carbonyls, and DNA damage, have been observed in animal models and clinical",""
"No-Reflow Syndrome","No-Reflow SyndromeWhat is no-reflow syndrome?No-reflow syndrome, also known as the “slow-flow” or “low-flow” phenomenon, is a complication that can occur following revascularization procedures, particularly in the context of acute myocardial infarction (AMI) or during percutaneous coronary intervention (PCI). It refers to the inadequate myocardial perfusion despite successful restoration of epicardial coronary artery patency.The exact mechanisms underlying no-reflow syndrome are not fully understood, but several factors are believed to contribute:Microvascular Dysfunction: Damage to the microvasculature within the myocardium, including endothelial cell injury, capillary plugging, and microembolization of atherosclerotic debris, can impair microcirculatory flow and lead to no-reflow.Reperfusion Injury: Reperfusion injury occurs when blood flow is restored to ischemic tissue, leading to oxidative stress, inflammation, and cellular damage. The release of reactive oxygen species (ROS) and inflammatory mediators during reperfusion can cause microvascular dysfunction and exacerbate tissue injury.Distal Embolization: During PCI or thrombolytic therapy for AMI, dislodgment of atherosclerotic plaque or thrombus from the coronary artery can lead to distal embolization of debris into the microvasculature, causing obstruction and impairing myocardial perfusion.Plaque Characteristics: Certain plaque characteristics, such as large lipid-rich plaques or plaque rupture with thrombus formation, may be associated with a higher risk of distal embolization and no-reflow.Platelet Aggregation and Thrombosis: Platelet activation and thrombus formation within the microvasculature can further obstruct blood flow and contribute to no-reflow.What is the relationship between no-reflow syndrome and oxidative stress?The relationship between no-reflow syndrome and oxidative stress involves several mechanisms that contribute to microvascular dysfunction and impaired myocardial perfusion. Oxidative stress, characterized by an imbalance between the production of reactive oxygen species (ROS) and the antioxidant defense mechanisms, plays a significant role in the pathogenesis of no-reflow syndrome. Several factors linking oxidative stress to no-reflow syndrome include:Reperfusion Injury: Following revascularization procedures such as percutaneous coronary intervention (PCI) or thrombolytic therapy for acute myocardial infarction (AMI), restoration of blood flow to ischemic myocardium can lead to reperfusion injury. During reperfusion, the sudden influx of oxygen-rich blood to the ischemic tissue can result in the production of ROS within the myocardium. Excessive ROS generation during reperfusion exacerbates oxidative stress, causing endothelial dysfunction, inflammation, and microvascular injury, which can contribute to no-reflow phenomenon.Endothelial Dysfunction: Oxidative stress impairs endothelial function by reducing the bioavailability of nitric oxide (NO), a key vasodilator, and promoting vasoconstriction. NO is essential for maintaining vascular tone and regulating blood flow. Elevated levels of ROS, particularly superoxide radicals, can scavenge NO and form peroxynitrite, leading to endothelial dysfunction and impaired vasodilation. Endothelial dysfunction contributes to microvascular constriction and inadequate myocardial perfusion, contributing to the development of no-reflow syndrome.Microvascular Injury: Oxidative stress induces damage to the microvascular endothelium, leading to increased permeability, microvascular constriction, and capillary plugging. ROS can directly damage endothelial cells and disrupt the integrity of the microvascular barrier, resulting in leakage of plasma proteins and formation of microthrombi within the microcirculation. Microvascular injury and thrombosis further compromise myocardial perfusion and exacerbate the no-reflow phenomenon.Inflammatory Response: Oxidative stress activates inflammatory pathways within the myocardium, leading to the release of pro-inflammatory cytokines, chemokines, and adhesion molecules. Inflammatory mediators promote leukocyte adhesion and recruitment to the microvasculature, exacerbating microvascular injury and impairing blood flow. The inflammatory response amplifies oxidative stress, forming a positive feedback loop that perpetuates microvascular dysfunction and no-reflow syndrome.Overall, oxidative stress plays a pivotal role in the pathogenesis of no-reflow syndrome by promoting endothelial dysfunction, microvascular injury, and inflammation within the myocardium.",""
"Non-Alcoholic Steatohepatitis","Non-Alcoholic SteatohepatitisWhat is Non-Alcoholic Steatohepatitis (NASH)?Non-Alcoholic Steatohepatitis (NASH) is a severe form of non-alcoholic fatty liver disease (NAFLD), which refers to the accumulation of fat in the liver of individuals who drink little to no alcohol. In NASH, in addition to fat accumulation (steatosis), there is inflammation and liver cell damage. Over time, NASH can progress to cirrhosis, liver failure, and even liver cancer.NASH is often associated with obesity, insulin resistance, type 2 diabetes, high cholesterol levels, and metabolic syndrome. However, not all individuals with these risk factors develop NASH, and some people with NASH do not have any known risk factors.The exact cause of NASH is not fully understood, but it is believed to involve a complex interplay of genetic, environmental, and lifestyle factors. Insulin resistance, oxidative stress, inflammation, and mitochondrial dysfunction are thought to play key roles in the development and progression of NASH.What is the relationship between NASH and oxidative stress?The relationship between Non-Alcoholic Steatohepatitis (NASH) and oxidative stress is significant and plays a central role in the development and progression of the disease. Here’s how oxidative stress is implicated in NASH:Fat Accumulation and Lipid Peroxidation: In NASH, there is an abnormal accumulation of fat (steatosis) in the liver. The presence of excess fat can lead to oxidative stress due to increased production of reactive oxygen species (ROS) and reactive nitrogen species (RNS) within hepatocytes (liver cells). These ROS and RNS can damage cellular components, including lipids, through a process known as lipid peroxidation. Lipid peroxidation generates toxic byproducts that can further exacerbate liver injury and inflammation.Mitochondrial Dysfunction: Mitochondria are the cellular organelles responsible for energy production, and they are particularly susceptible to oxidative damage. In NASH, mitochondrial dysfunction is commonly observed, leading to impaired energy metabolism, increased ROS production, and oxidative stress. Oxidative damage to mitochondrial DNA, proteins, and lipids can further impair mitochondrial function and exacerbate liver injury.Inflammatory Response: Oxidative stress triggers an inflammatory response within the liver, characterized by the activation of immune cells such as macrophages and the release of pro-inflammatory cytokines and chemokines. Chronic inflammation is a hallmark feature of NASH and contributes to liver injury and fibrosis. In turn, inflammation can promote oxidative stress through the activation of inflammatory pathways and the recruitment of immune cells that produce ROS.Insulin Resistance: Insulin resistance, a condition in which cells become less responsive to the effects of insulin, is a key factor in the development of NASH. Insulin resistance is associated with increased oxidative stress and impaired antioxidant defense mechanisms. ROS can interfere with insulin signaling pathways and exacerbate insulin resistance, leading to further lipid accumulation and liver injury.Antioxidant Defense Mechanisms: To counteract the harmful effects of oxidative stress, cells have antioxidant defense mechanisms that scavenge ROS and protect against oxidative damage. However, in NASH, the balance between ROS production and antioxidant defenses is disrupted, leading to oxidative stress overload. Reduced levels of antioxidants, such as glutathione and superoxide dismutase, have been observed in individuals with NASH, further exacerbating oxidative damage and liver injury.Overall, oxidative stress is a central mechanism in the pathogenesis of Non-Alcoholic Steatohepatitis, contributing to liver injury, inflammation, fibrosis, and disease progression.",""
"Norovirus Infection","Norovirus InfectionWhat is norovirus infection?Norovirus (NoV) infection, often referred to simply as “norovirus,” is a highly contagious viral illness that affects the gastrointestinal system. It is one of the most common causes of acute gastroenteritis worldwide, responsible for outbreaks in various settings such as cruise ships, schools, hospitals, and communities.Norovirus belongs to the Caliciviridae family and is divided into several genogroups and genotypes. The virus is transmitted primarily through the fecal-oral route, typically via contaminated food, water, surfaces, or direct person-to-person contact. Norovirus is highly infectious, with only a small number of viral particles required to cause infection.What is the relationship between norovirus infection and oxidative stress?The relationship between norovirus infection and oxidative stress has not been extensively studied, but some research suggests that oxidative stress may play a role in the pathogenesis of norovirus infection and its associated symptoms.Immune Response: During norovirus infection, the host immune system is activated to fight off the virus. This immune response involves the production of reactive oxygen species (ROS) by immune cells such as macrophages and neutrophils. While ROS are essential for killing pathogens, excessive production can lead to oxidative stress and tissue damage.Intestinal Inflammation: Norovirus infection can cause inflammation of the intestinal mucosa, leading to symptoms such as diarrhea, vomiting, and abdominal pain. Inflammatory processes in the intestine can trigger the production of ROS and reactive nitrogen species (RNS) by immune cells and epithelial cells, contributing to oxidative stress and tissue injury.Damage to Epithelial Cells: Norovirus infection can directly damage intestinal epithelial cells, disrupting the integrity of the intestinal barrier. Damage to epithelial cells can lead to increased permeability of the intestinal mucosa, allowing ROS and other reactive molecules to penetrate deeper into the tissue and exacerbate oxidative stress.Antioxidant Defenses: Oxidative stress during norovirus infection may also be influenced by alterations in the host’s antioxidant defense mechanisms.",""
"Obesity","ObesityWhat is obesity?Obesity is a medical condition characterized by the excessive accumulation of body fat, to the extent that it may have adverse effects on health. It is commonly assessed using the body mass index (BMI), which is calculated by dividing a person’s weight in kilograms by the square of their height in meters (kg/m^2). A BMI of 30 or higher is typically considered indicative of obesity.What is the relationship between obesity and oxidative stress?The relationship between obesity and oxidative stress is significant and plays a central role in the pathogenesis of obesity-related complications. Here’s how obesity and oxidative stress are interconnected:Adipose Tissue Dysfunction: In obesity, there is an abnormal accumulation of adipose (fat) tissue, particularly visceral adipose tissue surrounding internal organs. Adipose tissue dysfunction is characterized by adipocyte hypertrophy (enlargement) and adipose tissue inflammation, which contribute to increased production of pro-inflammatory cytokines and chemokines. This chronic low-grade inflammation promotes oxidative stress by stimulating the production of reactive oxygen species (ROS) and reactive nitrogen species (RNS) within adipocytes and immune cells.Mitochondrial Dysfunction: Mitochondria, the cellular organelles responsible for energy production, play a critical role in obesity-related oxidative stress. In obese individuals, mitochondrial dysfunction is commonly observed in adipose tissue, liver, skeletal muscle, and other tissues. Dysfunction of mitochondria leads to impaired energy metabolism, increased ROS production, and oxidative stress. Oxidative damage to mitochondrial DNA, proteins, and lipids further exacerbates mitochondrial dysfunction and contributes to insulin resistance and other metabolic abnormalities associated with obesity.Insulin Resistance: Obesity is often accompanied by insulin resistance, a condition in which cells become less responsive to the effects of insulin, leading to impaired glucose uptake and metabolism. Insulin resistance is associated with increased oxidative stress and impaired antioxidant defense mechanisms. ROS can interfere with insulin signaling pathways and exacerbate insulin resistance, leading to further lipid accumulation and oxidative stress.Endoplasmic Reticulum Stress: Obesity-related metabolic overload can lead to endoplasmic reticulum (ER) stress, a condition in which protein folding and processing within the ER are disrupted. ER stress activates inflammatory pathways and induces oxidative stress through the production of ROS by the ER-resident enzyme NADPH oxidase 4 (NOX4). Oxidative stress further exacerbates ER stress, forming a vicious cycle that contributes to adipocyte dysfunction, insulin resistance, and inflammation in obesity.Antioxidant Defense Mechanisms: To counteract the harmful effects of oxidative stress, cells have antioxidant defense mechanisms that scavenge ROS and protect against oxidative damage. However, in obesity, the balance between ROS production and antioxidant defenses is disrupted, leading to oxidative stress overload. Reduced levels of antioxidants, such as glutathione and superoxide dismutase, have been observed in obese individuals, further exacerbating oxidative damage and metabolic dysfunction.Overall, oxidative stress is a central mechanism in the pathogenesis of obesity-related complications, including insulin resistance, inflammation, dyslipidemia, cardiovascular disease, and non-alcoholic fatty liver disease.",""
"Obliterative Airway Disease","Obliterative Airway DiseaseWhat is obliterative airway disease (OAD)?Obliterative airway disease (OAD), also known as bronchiolitis obliterans, is a condition that affects the small airways in the lungs, called bronchioles. In this disease, the bronchioles become inflamed and scarred, leading to narrowing or obstruction of the airways. This narrowing can make it difficult for air to flow freely in and out of the lungs, leading to symptoms such as shortness of breath, coughing, and wheezing.Obliterative airway disease can be caused by various factors, including:Infections: Severe respiratory infections, particularly those caused by certain viruses or bacteria, can lead to inflammation and scarring of the bronchioles.Inhalation of Harmful Substances: Exposure to certain chemicals, toxins, or pollutants, such as those found in cigarette smoke, industrial fumes, or environmental pollutants, can damage the airways and contribute to the development of obliterative airway disease.Lung Transplantation: Obliterative airway disease can also occur as a complication of lung transplantation, where the body’s immune system attacks the transplanted lung tissue, leading to inflammation and scarring of the airways.Autoimmune Diseases: Certain autoimmune diseases, such as rheumatoid arthritis or systemic lupus erythematosus, can cause inflammation in the airways, leading to obliterative airway disease.What is the relationship between OAD and oxidative stress?Oxidative stress refers to an imbalance between the production of reactive oxygen species (ROS) and the body’s ability to detoxify them or repair the resulting damage. In the context of OAD, oxidative stress can play a significant role in the development and progression of the disease through various mechanisms:Inflammation: Chronic inflammation is a hallmark of OAD, contributing to the destruction and scarring of the small airways (bronchioles). Inflammatory processes generate ROS as part of the immune response, leading to oxidative stress and tissue damage. ROS can further exacerbate inflammation, creating a vicious cycle that contributes to the progression of OAD.Environmental Exposures: Exposure to environmental pollutants, cigarette smoke, or occupational hazards can increase oxidative stress in the lungs, promoting the development of OAD. These exposures can lead to the generation of ROS, which can damage the airway epithelium and trigger inflammatory responses, ultimately leading to airway remodeling and fibrosis characteristic of OAD.Ischemia-Reperfusion Injury: In the context of lung transplantation, ischemia-reperfusion injury occurs when the transplanted lung is deprived of oxygen during the transplantation process and then reperfused with oxygenated blood upon transplantation. This process can lead to the generation of ROS, oxidative stress, and subsequent damage to the lung tissue, contributing to the development of OAD in transplant recipients.Antioxidant Defenses: Antioxidants are molecules that help neutralize ROS and protect cells from oxidative damage. In OAD, the antioxidant defenses may be overwhelmed or compromised, leading to increased oxidative stress and tissue injury. Decreased levels of antioxidants or impaired antioxidant enzyme activity have been observed in patients with OAD, further exacerbating oxidative stress and contributing to disease progression.",""
"Obstructive Jaundice","Obstructive JaundiceWhat is obstructive jaundice?Obstructive jaundice, also known as cholestatic jaundice, is a medical condition characterized by the accumulation of bilirubin in the blood due to obstruction of the bile ducts. Bilirubin is a yellow pigment produced during the breakdown of red blood cells and is normally processed by the liver and excreted in bile. When the flow of bile from the liver to the intestine is blocked, bilirubin cannot be properly eliminated from the body, leading to its buildup in the bloodstream and subsequent yellowing of the skin and eyes (jaundice).Obstructive jaundice can result from various conditions that obstruct the bile ducts, including:Gallstones: Small, hard deposits of cholesterol or bilirubin that can form in the gallbladder or bile ducts and block the flow of bile.Bile Duct Stones: Stones that form within the bile ducts themselves, obstructing the flow of bile.Biliary Strictures: Narrowing or scarring of the bile ducts due to inflammation, infection, trauma, or other causes.Biliary Tumors: Benign or malignant tumors that develop within or near the bile ducts and obstruct the flow of bile.Pancreatic Tumors: Tumors of the pancreas can compress or invade the bile ducts, leading to obstruction.Pancreatitis: Inflammation of the pancreas can cause swelling and compression of the bile ducts, resulting in obstruction.Parasitic Infections: Parasitic infections such as liver flukes can obstruct the bile ducts and cause jaundice.What is the relationship between obstructive jaundice and oxidative stress?The relationship between obstructive jaundice and oxidative stress is multifaceted and involves several interconnected mechanisms:Bilirubin Metabolism: Obstructive jaundice leads to impaired excretion of bilirubin, a yellow pigment produced during the breakdown of red blood cells. Bilirubin is a potent antioxidant that helps neutralize reactive oxygen species (ROS) and protect cells from oxidative damage. However, in obstructive jaundice, the buildup of bilirubin in the bloodstream may overwhelm the antioxidant capacity of the body, leading to oxidative stress.Bile Duct Obstruction: The obstruction of bile ducts in obstructive jaundice results in the accumulation of bile in the liver and bloodstream. Bile contains bile acids, which are amphipathic molecules with detergent properties. Under normal conditions, bile acids help solubilize and excrete bilirubin and other waste products from the liver. However, in obstructive jaundice, the retention of bile acids can lead to bile acid-induced oxidative stress. Bile acids can promote the formation of ROS and induce oxidative damage to hepatocytes (liver cells) and other tissues.Inflammatory Response: Bile duct obstruction triggers an inflammatory response characterized by the activation of immune cells, release of pro-inflammatory cytokines, and recruitment of inflammatory mediators to the site of injury. Chronic inflammation contributes to oxidative stress by stimulating the production of ROS and reactive nitrogen species (RNS) by immune cells such as macrophages and neutrophils. In turn, oxidative stress amplifies the inflammatory response, forming a vicious cycle that exacerbates tissue damage and dysfunction.Ischemia-Reperfusion Injury: In cases of severe bile duct obstruction or surgical interventions to relieve the obstruction, ischemia-reperfusion injury can occur. Ischemia refers to the deprivation of oxygen and nutrients to tissues due to reduced blood flow, while reperfusion refers to the restoration of blood flow following ischemia. Ischemia-reperfusion injury can lead to oxidative stress and tissue damage due to the generation of ROS during reperfusion. The liver is particularly vulnerable to ischemia-reperfusion injury, which can further exacerbate liver dysfunction in obstructive jaundice.Overall, obstructive jaundice induces oxidative stress through various mechanisms, including impaired bilirubin metabolism, bile acid-induced toxicity, inflammation, and ischemia-reperfusion injury.",""
"Optic Nerve Crush","Optic Nerve CrushWhat is optic nerve crush?Optic nerve crush refers to a type of injury or trauma that occurs when the optic nerve, the nerve that transmits visual information from the eye to the brain, is compressed or squeezed. This compression leads to damage to the optic nerve fibers, impairing their ability to transmit visual signals to the brain.Optic nerve crush injuries can result from various causes, including:Trauma: Direct trauma to the orbit or skull, such as from a blow to the head or face, can cause compression or crushing of the optic nerve.Compression: Pressure on the optic nerve can occur due to factors such as orbital fractures, tumors, or swelling within the orbit or brain.Surgical Procedures: Optic nerve crush can occur as a complication of certain surgical procedures involving the eye or orbit, such as orbital decompression surgery or tumor removal.What is the relationship between optic nerve crush and oxidative stress?The relationship between optic nerve crush and oxidative stress involves complex interactions between cellular injury mechanisms and the generation of reactive oxygen species (ROS) within the optic nerve tissue. While research specific to optic nerve crush-induced oxidative stress is limited, we can infer potential connections based on knowledge of oxidative stress in nerve injury and neurodegenerative conditions. Here are several points of consideration:Inflammatory Response: Optic nerve crush leads to an inflammatory response in the affected tissue. Inflammation can trigger the activation of immune cells, such as microglia and macrophages, which produce ROS as part of their defense mechanisms. Excessive ROS production by activated immune cells can exacerbate oxidative stress in the optic nerve tissue, contributing to further damage.Mitochondrial Dysfunction: Optic nerve crush can disrupt mitochondrial function in the affected nerve cells. Mitochondria are major sources of ROS within cells, and dysfunction of these organelles can lead to increased ROS production. The accumulation of ROS in the mitochondria can exacerbate oxidative stress and contribute to cellular damage and apoptosis in the optic nerve tissue.Apoptosis and Cell Death: Optic nerve crush induces apoptosis (programmed cell death) of nerve cells in the affected area. Oxidative stress is known to promote apoptosis through various pathways, including the activation of pro-apoptotic signaling pathways and the damage to cellular components such as DNA, proteins, and lipids. Increased ROS levels in the optic nerve tissue following crush injury may contribute to apoptotic cell death and tissue damage.Antioxidant Defenses: The optic nerve possesses antioxidant defense mechanisms to counteract oxidative stress and maintain redox balance. However, these defenses may become overwhelmed following optic nerve crush, leading to increased ROS levels and oxidative damage. Dysfunction of antioxidant enzymes and depletion of antioxidant molecules may further exacerbate oxidative stress in the optic nerve tissue.Neurodegenerative Changes: Prolonged oxidative stress in the optic nerve tissue following crush injury may promote neurodegenerative changes, including axonal degeneration, demyelination, and loss of neuronal connectivity. These structural alterations can further impair optic nerve function and contribute to vision loss.Overall, while the specific mechanisms linking optic nerve crush to oxidative stress require further investigation, it is evident that oxidative stress plays a significant role in the pathophysiology of nerve injury and neurodegenerative conditions.",""
"Osteoarthritis","OsteoarthritisOsteoarthritis (OA)and Hydrogen Water – Hydrogen Treatments and Therapy ResearchOsteoarthritis (OA) is the most common form of arthritis and is a degenerative joint disease that affects the cartilage, which is the protective tissue covering the ends of bones in the joints. It typically develops gradually over time, although it can also occur as a result of joint injury or overuse. Osteoarthritis is characterized by the breakdown of cartilage, leading to pain, stiffness, swelling, and reduced range of motion in the affected joints. Osteoarthritis can affect any joint in the body, but it most commonly affects weight-bearing joints such as the knees, hips, and spine, as well as joints in the hands and feet. OA typically involves the following:Cartilage Degradation: In osteoarthritis, the cartilage that cushions the ends of bones in the joints undergoes degeneration and wears away. This can lead to friction between bones, causing pain and inflammation.Joint Changes: As osteoarthritis progresses, changes may occur in the affected joints, including the formation of osteophytes (bone spurs), thickening of the joint capsule, and inflammation of the synovial membrane (the lining of the joint). These changes can further contribute to pain and stiffness.What is the relationship between OA and oxidative stress?The relationship between osteoarthritis (OA) and oxidative stress involves complex interplay between oxidative damage, inflammation, and the degenerative processes in the joints. Here’s how oxidative stress is implicated in the pathogenesis and progression of osteoarthritis:Cartilage Degradation: Oxidative stress contributes to the breakdown of cartilage, which is a hallmark feature of osteoarthritis. Reactive oxygen species (ROS) and reactive nitrogen species (RNS) generated during oxidative stress can directly damage the extracellular matrix of cartilage, leading to the degradation of collagen and proteoglycans, which are essential for cartilage structure and function.Inflammation: Oxidative stress activates inflammatory pathways in the joints, leading to the production of pro-inflammatory cytokines, chemokines, and enzymes that contribute to joint inflammation and tissue damage. Inflammatory mediators such as interleukin-1 beta (IL-1β) and tumor necrosis factor-alpha (TNF-α) can induce chondrocytes (cartilage cells) to produce matrix metalloproteinases (MMPs) and other enzymes that degrade cartilage components.Mitochondrial Dysfunction: Mitochondria, the cellular organelles responsible for energy production, are susceptible to oxidative damage. In osteoarthritis, mitochondrial dysfunction has been observed in chondrocytes, leading to impaired energy metabolism and increased production of ROS. Oxidative stress-induced mitochondrial dysfunction further exacerbates cartilage degradation and chondrocyte apoptosis (cell death).Antioxidant Defenses: In normal conditions, cells have antioxidant defense mechanisms to neutralize ROS and prevent oxidative damage. However, in osteoarthritis, the balance between ROS production and antioxidant defenses is disrupted, leading to oxidative stress overload. Reduced levels of antioxidants, such as superoxide dismutase (SOD), catalase, and glutathione, have been observed in the joints of individuals with osteoarthritis.Synovial Inflammation: Oxidative stress contributes to synovial inflammation, characterized by the infiltration of immune cells and the production of inflammatory mediators in the synovial membrane of the joints. Synovial inflammation further promotes cartilage degradation and joint destruction in osteoarthritis.Overall, oxidative stress plays a central role in the pathogenesis and progression of osteoarthritis by promoting cartilage degradation, inflammation, mitochondrial dysfunction, and oxidative damage in the joints.",""
"Osteonecrosis","OsteonecrosisWhat is osteonecrosis?Osteonecrosis, also known as avascular necrosis or aseptic necrosis, is a medical condition characterized by the death of bone tissue due to the loss of blood supply to the affected area. This lack of blood flow deprives the bone cells of oxygen and nutrients, leading to their death and eventual collapse of the bone structure. Osteonecrosis can occur in any bone in the body, but it most commonly affects the hip joint, followed by the knee, shoulder, and ankle joints. It can affect one or multiple joints simultaneously.Osteonecrosis can be caused by various factors that disrupt the blood supply to the bone. These include trauma or injury to the bone, excessive pressure or stress on the bone, use of corticosteroid medications, alcohol abuse, certain medical conditions (such as sickle cell disease, lupus, and diabetes), radiation therapy, and excessive use of certain types of medications (such as bisphosphonates used to treat osteoporosis).What is the relationship between osteonecrosis and oxidative stress?The relationship between osteonecrosis and oxidative stress involves the interplay of several mechanisms that contribute to the pathogenesis and progression of the condition:Ischemia-Reperfusion Injury: The initial insult in osteonecrosis is the loss of blood supply to the affected bone, resulting in ischemia (lack of oxygen and nutrients) and subsequent tissue death. When blood flow is restored, either spontaneously or through interventions such as surgical decompression, reperfusion occurs, leading to the generation of reactive oxygen species (ROS). This process, known as ischemia-reperfusion injury, contributes to oxidative stress and further damage to the bone tissue.Mitochondrial Dysfunction: Ischemia-induced oxidative stress can impair mitochondrial function in bone cells, particularly osteocytes and osteoblasts. Mitochondria are the cellular organelles responsible for energy production and play a critical role in maintaining cellular homeostasis. Oxidative damage to mitochondria disrupts energy metabolism, increases ROS production, and triggers apoptotic pathways, leading to cell death and tissue necrosis.Inflammatory Response: Oxidative stress activates inflammatory pathways in the affected bone, leading to the recruitment of immune cells and the production of pro-inflammatory cytokines and chemokines. Chronic inflammation further exacerbates tissue damage and promotes osteoclast-mediated bone resorption, contributing to the collapse of the bone structure in osteonecrosis.Antioxidant Defenses: The body’s antioxidant defense mechanisms play a crucial role in counteracting oxidative stress and protecting tissues from damage. However, in conditions such as osteonecrosis, the balance between ROS production and antioxidant defenses is disrupted, leading to oxidative stress overload. Reduced levels of antioxidants, such as superoxide dismutase (SOD), catalase, and glutathione, have been observed in the bone tissue of individuals with osteonecrosis.Cellular Damage: Oxidative stress-induced damage to cellular components, including lipids, proteins, and DNA, contributes to the pathogenesis of osteonecrosis. Lipid peroxidation, protein carbonylation, and DNA oxidation are common markers of oxidative stress observed in osteonecrotic tissues. These molecular alterations compromise cellular function, promote inflammation, and contribute to tissue necrosis and bone collapse.Overall, oxidative stress plays a significant role in the development and progression of osteonecrosis by inducing cellular damage, inflammation, mitochondrial dysfunction, and impaired antioxidant defenses in the affected bone tissue.",""
"Osteoporosis","OsteoporosisOsteoporosisand Hydrogen Water – Hydrogen Treatments and Therapy ResearchOsteoporosis is a medical condition characterized by weakened bones that are more susceptible to fractures. It occurs when the density and quality of bone are reduced, leading to increased bone fragility and a higher risk of fractures, particularly in the spine, hips, wrists, and other weight-bearing bones.Osteoporosis is primarily characterized by a decrease in bone mineral density (BMD), which results in bones becoming porous and brittle. This loss of bone density weakens the structure of the bones and increases the risk of fractures.Osteoporosis is often referred to as a “silent disease” because it typically progresses without any symptoms until a fracture occurs. Fractures related to osteoporosis can lead to significant pain, disability, and loss of independence.What is the relationship between osteoporosis and oxidative stress?The relationship between osteoporosis and oxidative stress involves complex interactions between oxidative damage, inflammation, and bone metabolism. Here’s how oxidative stress is implicated in the pathogenesis and progression of osteoporosis:Bone Remodeling Imbalance: Oxidative stress disrupts the delicate balance between bone formation by osteoblasts (cells that build bone) and bone resorption by osteoclasts (cells that break down bone). Excessive production of reactive oxygen species (ROS) can impair osteoblast function and stimulate osteoclast activity, leading to increased bone resorption and decreased bone formation. This imbalance between bone resorption and formation contributes to bone loss and decreased bone density characteristic of osteoporosis.Inflammatory Response: Oxidative stress activates inflammatory pathways in the bone microenvironment, leading to the production of pro-inflammatory cytokines and chemokines. Chronic inflammation promotes osteoclastogenesis (formation of osteoclasts) and inhibits osteoblast differentiation and function, further exacerbating bone loss and osteoporosis. Inflammatory mediators such as interleukin-6 (IL-6) and tumor necrosis factor-alpha (TNF-α) play a key role in mediating the crosstalk between oxidative stress and inflammation in bone.Mitochondrial Dysfunction: Mitochondria, the cellular organelles responsible for energy production, are susceptible to oxidative damage. Oxidative stress-induced mitochondrial dysfunction in bone cells compromises energy metabolism, impairs cellular function, and promotes apoptosis (cell death). Mitochondrial dysfunction contributes to osteoblast and osteocyte dysfunction, leading to impaired bone formation and maintenance in osteoporosis.Antioxidant Defenses: The body’s antioxidant defense mechanisms play a crucial role in protecting bone cells from oxidative damage. However, in conditions of chronic oxidative stress, such as osteoporosis, antioxidant defenses may be overwhelmed, leading to increased oxidative damage and bone loss. Reduced levels of antioxidants, such as superoxide dismutase (SOD), catalase, and glutathione, have been observed in the bones of individuals with osteoporosis, further exacerbating oxidative stress.Bone Microarchitecture Alterations: Oxidative stress-induced damage to bone matrix proteins, such as collagen and proteoglycans, disrupts the structural integrity of bone tissue and compromises bone strength. This altered bone microarchitecture, characterized by increased porosity and decreased trabecular connectivity, contributes to bone fragility and increased fracture risk in osteoporosis.Overall, oxidative stress plays a significant role in the pathogenesis and progression of osteoporosis by promoting bone resorption, inhibiting bone formation, inducing inflammation, impairing mitochondrial function, and disrupting bone microarchitecture.",""
"Ovarian Injury","Ovarian InjuryWhat is ovarian injury?Ovarian injury refers to damage or dysfunction affecting the ovaries, which are the female reproductive organs responsible for producing eggs (ova) and female sex hormones such as estrogen and progesterone. Ovarian injury can manifest in various forms and may result from different causes, including:Ovulatory Dysfunction: Ovulatory dysfunction occurs when the ovaries fail to release mature eggs during the menstrual cycle, leading to irregular or absent ovulation. This can result from hormonal imbalances, such as polycystic ovary syndrome (PCOS), hypothalamic-pituitary-ovarian axis disorders, or thyroid dysfunction.Premature Ovarian Insufficiency (POI): POI, also known as early menopause or premature ovarian failure, occurs when the ovaries stop functioning properly before the age of 40. This can lead to irregular menstrual cycles, infertility, and symptoms of estrogen deficiency such as hot flashes, vaginal dryness, and mood changes.Ovarian Cysts: Ovarian cysts are fluid-filled sacs that develop on or within the ovaries. While many ovarian cysts are benign and resolve on their own, some cysts can cause symptoms such as pelvic pain, bloating, and irregular menstrual bleeding. In some cases, ovarian cysts can rupture or become twisted (ovarian torsion), leading to severe pain and potential complications.Endometriosis: Endometriosis is a condition in which tissue similar to the lining of the uterus (endometrium) grows outside the uterus, often affecting the ovaries, fallopian tubes, and pelvic organs. Endometriosis can cause inflammation, scarring, and adhesions within the ovaries, leading to pain, infertility, and ovarian cysts known as endometriomas.Ovarian Tumors: Ovarian tumors can be benign (non-cancerous) or malignant (cancerous) growths that develop in or on the ovaries. Depending on the type and size of the tumor, ovarian injury may result from compression of surrounding tissues, hormonal imbalances, or disruption of ovarian function.Ovarian Trauma or Surgery: Trauma to the abdomen or pelvis, such as blunt force injuries or surgical procedures, can cause damage to the ovaries and impair their function. In some cases, surgical interventions such as ovarian cystectomy or oophorectomy (removal of one or both ovaries) may be necessary to treat underlying conditions or prevent complications.The consequences of ovarian injury vary depending on the severity and underlying cause but may include infertility, hormonal imbalances, menstrual irregularities, pelvic pain, and symptoms related to estrogen deficiency.What is the relationship between ovarian injury and oxidative stress?The relationship between ovarian injury and oxidative stress involves several mechanisms that contribute to the pathogenesis and progression of ovarian dysfunction. Here’s how oxidative stress is implicated in ovarian injury:Follicular Development: Oxidative stress can disrupt the delicate balance of follicular development in the ovaries. Reactive oxygen species (ROS) generated during oxidative stress can impair granulosa cell function, which plays a crucial role in supporting follicular growth and maturation. ROS can induce apoptosis (cell death) in granulosa cells, leading to follicular atresia (degeneration) and reduced ovarian reserve.Ovulation Dysfunction: Oxidative stress can affect the process of ovulation by disrupting the function of ovarian steroidogenic cells and impairing the release of mature oocytes from the follicles. ROS can interfere with the production and action of hormones such as estrogen and progesterone, which are essential for regulating the menstrual cycle and ovulation. Dysfunction of the ovarian steroidogenic pathway can lead to ovulatory disorders and infertility.Oocyte Quality: Oxidative stress can directly damage oocytes (eggs) and their surrounding cumulus cells, leading to impaired oocyte quality and developmental competence. ROS-induced DNA damage, lipid peroxidation, and protein oxidation in oocytes can compromise their ability to undergo fertilization and develop into healthy embryos. Poor oocyte quality is a major contributing factor to infertility and pregnancy loss.Inflammation: Oxidative stress can trigger inflammatory responses in the ovaries, leading to the production of pro-inflammatory cytokines and chemokines. Chronic inflammation in the ovarian microenvironment can disrupt normal ovarian function, impair folliculogenesis, and contribute to the development of ovarian disorders such as polycystic ovary syndrome (PCOS) and premature ovarian insufficiency (POI).Antioxidant Defenses: The ovaries possess antioxidant defense mechanisms to counteract oxidative stress and protect ovarian cells from damage. However, excessive ROS production or insufficient antioxidant capacity can overwhelm these defenses, leading to oxidative damage and ovarian injury. Imbalance between ROS production and antioxidant defense mechanisms can result from various factors such as environmental toxins, aging, hormonal imbalances, and metabolic disorders.Overall, oxidative stress plays a significant role in the pathophysiology of ovarian injury by disrupting follicular development, impairing ovulation, compromising oocyte quality, inducing inflammation, and overwhelming antioxidant defenses.",""
"Oxalate Injury","Oxalate InjuryWhat is oxalate injury?Oxalate injury refers to tissue damage or injury caused by the deposition of calcium oxalate crystals in various organs or tissues of the body. Oxalate is a naturally occurring substance found in many plant-based foods and is also produced as a metabolic byproduct in the human body. Normally, oxalate is excreted by the kidneys in urine. However, under certain conditions, excessive oxalate accumulation can occur, leading to the formation of crystals and subsequent tissue injury.Oxalate injury can occur in several organs, including the kidneys, urinary tract, and other tissues such as the liver, heart, and blood vessels. The deposition of calcium oxalate crystals can lead to inflammation, cellular damage, and impairment of organ function.Kidney Stones: One of the most common manifestations of oxalate injury is the formation of kidney stones composed primarily of calcium oxalate crystals. When urine becomes supersaturated with oxalate and calcium, crystals can precipitate and aggregate to form stones within the kidney or urinary tract. The passage of kidney stones can cause significant pain and may lead to complications such as urinary obstruction, infection, and kidney damage.Nephrocalcinosis: In some cases, calcium oxalate crystals can deposit in the renal tubules or interstitium, a condition known as nephrocalcinosis. Nephrocalcinosis can impair kidney function and increase the risk of kidney stones and renal damage.Oxalate Nephropathy: Excessive oxalate accumulation in the kidneys can lead to a specific type of kidney injury known as oxalate nephropathy. Oxalate nephropathy is characterized by the deposition of calcium oxalate crystals within the renal tubules, resulting in tubular injury, inflammation, and impaired kidney function. This condition can occur in the setting of certain metabolic disorders, dietary oxalate intake, or as a complication of gastrointestinal surgery.Systemic Oxalosis: In rare cases, systemic oxalosis can occur, where calcium oxalate crystals deposit in tissues outside the kidneys, including the heart, blood vessels, bones, and other organs. Systemic oxalosis can lead to multi-organ dysfunction and is often associated with underlying metabolic disorders such as primary hyperoxaluria.What is the relationship between oxalate injury and oxidative stress?The relationship between oxalate injury and oxidative stress involves several mechanisms by which oxalate-induced tissue damage can lead to the generation of reactive oxygen species (ROS) and oxidative stress. Oxalate injury can trigger oxidative stress through various pathways, including inflammation, mitochondrial dysfunction, and cellular damage. Here are some ways in which oxalate injury can contribute to oxidative stress:Inflammation: Oxalate crystals can induce an inflammatory response when they deposit in tissues, leading to the activation of immune cells such as macrophages and neutrophils. Activated immune cells produce ROS as part of their defense mechanisms to eliminate foreign particles and pathogens. Excessive production of ROS by immune cells can lead to oxidative stress and tissue damage.Mitochondrial Dysfunction: Oxalate crystals can disrupt mitochondrial function in cells, leading to mitochondrial dysfunction and increased production of ROS. Mitochondria are major sources of ROS within cells, and dysfunction of these organelles can lead to the generation of ROS through electron leakage from the electron transport chain. Increased ROS production in mitochondria can contribute to oxidative stress and cellular damage.Cellular Damage: Oxalate crystals can directly damage cellular structures and membranes, leading to cellular injury and leakage of intracellular contents. Oxalate-induced cellular damage can trigger the activation of inflammatory pathways and the production of ROS by immune cells and injured cells themselves. ROS generated during the repair process can further exacerbate tissue damage and oxidative stress.Activation of NADPH Oxidase: Oxalate injury can stimulate the activation of NADPH oxidase, an enzyme complex responsible for producing ROS in cells. Activation of NADPH oxidase leads to the generation of superoxide radicals and other ROS, contributing to oxidative stress and tissue injury.Depletion of Antioxidants: Oxalate-induced oxidative stress can deplete cellular antioxidant defenses, leading to an imbalance between ROS production and antioxidant capacity. Oxidative stress can impair the activity of antioxidant enzymes such as superoxide dismutase, catalase, and glutathione peroxidase, further exacerbating oxidative damage.Overall, oxalate injury can trigger oxidative stress through multiple pathways, including inflammation, mitochondrial dysfunction, cellular damage, activation of NADPH oxidase, and depletion of antioxidants.",""
"Painful Bladder Syndrome","Painful Bladder SyndromeWhat is Painful Bladder Syndrome (PBS)?Painful Bladder Syndrome (PBS), also known as interstitial cystitis (IC), is a chronic condition characterized by bladder pain, pressure, discomfort, or a frequent urge to urinate. It is considered a type of bladder pain syndrome (BPS). The exact cause of painful bladder syndrome is not fully understood, but it is believed to involve a combination of factors, including:Bladder Inflammation: Inflammation of the bladder lining (mucosa) is thought to play a significant role in painful bladder syndrome. This inflammation can lead to irritation of the bladder wall and result in symptoms such as pain and urinary urgency.Bladder Wall Dysfunction: Dysfunction of the bladder wall, including abnormalities in the protective mucous layer and changes in bladder muscle function, may contribute to the symptoms of painful bladder syndrome.Pelvic Floor Dysfunction: Dysfunction of the pelvic floor muscles, which support the bladder and other pelvic organs, can contribute to pelvic pain and discomfort experienced by individuals with painful bladder syndrome.Nerve Dysfunction: Abnormalities in nerve signaling and sensitivity may play a role in painful bladder syndrome, leading to heightened sensations of pain and discomfort in response to bladder filling and emptying.Autoimmune Factors: Some researchers believe that autoimmune factors may contribute to the development of painful bladder syndrome, although the precise mechanisms are not fully understood.Genetic Predisposition: There may be a genetic component to painful bladder syndrome, as it tends to run in families.What is the relationship between PBS/IC and oxidative stress?The relationship between Painful Bladder Syndrome (PBS), also known as interstitial cystitis (IC), and oxidative stress is not fully understood, but there is evidence to suggest that oxidative stress may play a role in the pathogenesis and progression of the condition.Inflammation: PBS/IC is characterized by chronic inflammation of the bladder lining (mucosa). Oxidative stress can contribute to the initiation and perpetuation of inflammation by promoting the production of pro-inflammatory cytokines and chemokines. Reactive oxygen species (ROS) generated during oxidative stress can activate inflammatory pathways and recruit immune cells to the bladder, leading to tissue damage and symptom exacerbation.Tissue Damage: Oxidative stress can cause direct damage to the bladder epithelium (lining) and underlying tissues. ROS can induce oxidative damage to lipids, proteins, and DNA within bladder cells, leading to cell dysfunction, apoptosis (cell death), and impaired tissue repair mechanisms. This oxidative damage may contribute to the development of bladder ulcers, fibrosis, and structural changes associated with PBS/IC.Pain Sensitization: Oxidative stress may contribute to the sensitization of pain pathways in the bladder and central nervous system. ROS can activate nociceptive (pain-sensing) neurons and enhance the transmission of pain signals, leading to increased perception of bladder pain and discomfort in individuals with PBS/IC. Chronic exposure to oxidative stress may also contribute to the development of visceral hypersensitivity, a common feature of PBS/IC.Antioxidant Defenses: Impairment of antioxidant defense mechanisms in the bladder may exacerbate oxidative stress and contribute to the pathogenesis of PBS/IC. Reduced levels of antioxidant enzymes such as superoxide dismutase (SOD), catalase, and glutathione peroxidase have been reported in the bladders of individuals with PBS/IC, suggesting an imbalance between ROS production and antioxidant defenses.Overall, while the precise mechanisms linking oxidative stress to PBS/IC are still being elucidated, there is growing evidence to suggest that oxidative stress may contribute to bladder inflammation, tissue damage, pain sensitization, and impaired antioxidant defenses observed in the condition.",""
"Pancreatitis","PancreatitisPancreatitis and Hydrogen Water – Hydrogen Therapy and Treatment ResearchPancreatitis is a condition characterized by inflammation of the pancreas, a gland located behind the stomach that plays a crucial role in digestion and hormone regulation. The pancreas produces enzymes that help digest food in the intestines and hormones such as insulin that regulate blood sugar levels.Pancreatitis can be acute or chronic:Acute Pancreatitis: Acute pancreatitis refers to sudden and severe inflammation of the pancreas. It can range in severity from mild to life-threatening. Acute pancreatitis often occurs suddenly and may resolve with appropriate treatment, but severe cases can lead to complications such as pancreatic necrosis (tissue death), infection, organ failure, and even death if not promptly treated.Chronic Pancreatitis: Chronic pancreatitis is characterized by persistent inflammation and damage to the pancreas over time. It is usually associated with repeated episodes of acute pancreatitis or long-term alcohol consumption. Chronic pancreatitis can lead to permanent damage to the pancreas, impairing its ability to function properly and resulting in symptoms such as abdominal pain, malabsorption of nutrients, diabetes, and pancreatic insufficiency.The exact causes of pancreatitis may vary, but common risk factors include:Gallstones: One of the most common causes of acute pancreatitis is the presence of gallstones, which can block the pancreatic duct and lead to inflammation.Alcohol Consumption: Chronic alcohol consumption is a significant risk factor for both acute and chronic pancreatitis. Alcohol can damage pancreatic cells and ducts, leading to inflammation and scarring.Smoking: Smoking is associated with an increased risk of pancreatitis, particularly chronic pancreatitis.Genetic Factors: Inherited conditions such as hereditary pancreatitis or genetic mutations affecting pancreatic enzymes can predispose individuals to pancreatitis.Medications: Certain medications, such as corticosteroids, diuretics, and some antibiotics, may increase the risk of pancreatitis.Trauma: Trauma to the abdomen, such as a severe blow or injury, can cause pancreatitis in some cases.Infections: Viral infections such as mumps or infections of the pancreas (pancreatic abscess) can lead to pancreatitis.What is the relationship between pancreatitis and oxidative stress?The relationship between pancreatitis and oxidative stress is significant and plays a crucial role in the pathogenesis and progression of the condition.Inflammation: Oxidative stress is closely linked to inflammation, and both processes often occur concurrently in pancreatitis. During pancreatitis, inflammatory cells infiltrate the pancreatic tissue, leading to the release of pro-inflammatory cytokines and chemokines. Oxidative stress contributes to the activation of nuclear factor-kappa B (NF-κB), a key regulator of inflammatory gene expression, exacerbating the inflammatory response in the pancreas. In turn, inflammation perpetuates oxidative stress by generating reactive oxygen species (ROS) and reactive nitrogen species (RNS), forming a vicious cycle that further damages pancreatic tissue.Acinar Cell Injury: Pancreatitis is characterized by injury and dysfunction of pancreatic acinar cells, the primary site of enzyme production in the pancreas. Oxidative stress plays a critical role in acinar cell injury by promoting lipid peroxidation, protein oxidation, and DNA damage. ROS and RNS generated during oxidative stress directly damage cellular components, disrupt cellular membranes, and impair mitochondrial function, leading to cell death and tissue damage in the pancreas.Mitochondrial Dysfunction: Mitochondrial dysfunction is a hallmark of pancreatitis and is closely associated with oxidative stress. Oxidative stress disrupts mitochondrial electron transport chain function, leading to the production of ROS within mitochondria. This further exacerbates oxidative stress and impairs mitochondrial ATP production, contributing to cellular energy depletion and pancreatic injury. Mitochondrial dysfunction also promotes apoptotic and necrotic cell death pathways, exacerbating tissue damage in pancreatitis.Antioxidant Defenses: The pancreas possesses antioxidant defense mechanisms to counteract oxidative stress and protect against cellular damage. However, during pancreatitis, the antioxidant capacity of the pancreas may be overwhelmed by excessive ROS production or compromised due to depletion of antioxidant reserves. This imbalance between ROS production and antioxidant defenses contributes to oxidative stress-induced injury and exacerbates pancreatic inflammation and damage.Systemic Complications: Oxidative stress in pancreatitis is not limited to the pancreas but can also affect other organs and systems, leading to systemic complications. Excessive ROS production during pancreatitis can promote systemic inflammation, endothelial dysfunction, and microvascular injury, contributing to multiorgan dysfunction and complications such as acute respiratory distress syndrome (ARDS), acute kidney injury (AKI), and sepsis.Overall, oxidative stress plays a central role in the pathophysiology of pancreatitis by promoting pancreatic inflammation, acinar cell injury, mitochondrial dysfunction, and systemic complications.",""
"Panic Disorder","Panic DisorderWhat is panic disorder?Panic disorder is a type of anxiety disorder characterized by recurrent and unexpected panic attacks, which are sudden episodes of intense fear or discomfort that reach a peak within minutes.Individuals with panic disorder often experience persistent worry or concern about having additional panic attacks or the implications of having a panic attack, leading to significant distress and impairment in daily functioning. They may also develop avoidance behaviors, such as avoiding places or situations where panic attacks have occurred in the past or where escape may be difficult or embarrassing.The exact cause of panic disorder is not fully understood, but it is believed to involve a combination of genetic, biological, environmental, and psychological factors. Risk factors for panic disorder may include a family history of anxiety disorders, traumatic life experiences, major life stressors, and certain personality traits.What is the relationship between panic disorder and oxidative stress?The relationship between panic disorder and oxidative stress is an area of ongoing research and investigation. While direct evidence linking panic disorder to oxidative stress is limited, there are several potential mechanisms through which oxidative stress may play a role in the pathophysiology of anxiety disorders, including panic disorder:Neuroinflammation: Oxidative stress can trigger an inflammatory response in the brain, leading to the activation of microglia and the release of pro-inflammatory cytokines. Neuroinflammation has been implicated in the pathogenesis of anxiety disorders, including panic disorder, and may contribute to the dysregulation of neurotransmitter systems involved in anxiety and fear responses.Neurotransmitter Dysfunction: Oxidative stress can disrupt the balance of neurotransmitters in the brain, including serotonin, dopamine, and gamma-aminobutyric acid (GABA), which are known to play a role in the regulation of mood and anxiety. Dysregulation of these neurotransmitter systems has been implicated in the development and maintenance of panic disorder.Hypothalamic-Pituitary-Adrenal (HPA) Axis Dysregulation: Oxidative stress may contribute to dysregulation of the HPA axis, which is involved in the body’s stress response. Chronic activation of the HPA axis and dysregulation of cortisol levels have been observed in individuals with anxiety disorders, including panic disorder.Mitochondrial Dysfunction: Oxidative stress can impair mitochondrial function in neurons, leading to decreased energy production and increased production of reactive oxygen species. Mitochondrial dysfunction has been implicated in the pathophysiology of various psychiatric disorders, including anxiety disorders, and may contribute to neuronal hyperexcitability and dysregulation of fear responses.Antioxidant Defenses: Individuals with panic disorder may have impaired antioxidant defenses, leading to increased vulnerability to oxidative stress. Genetic and environmental factors that influence antioxidant enzyme activity and levels of endogenous antioxidants may contribute to the development and progression of panic disorder.While these mechanisms suggest a potential link between oxidative stress and panic disorder, more research is needed to fully elucidate the role of oxidative stress in the pathophysiology of anxiety disorders.",""
"Paraplegia","ParaplegiaWhat is paraplegia?Paraplegia is a condition characterized by paralysis or impairment of motor and sensory function in the lower half of the body, including the legs and possibly the lower trunk. It occurs due to damage or injury to the spinal cord, specifically in the thoracic, lumbar, or sacral regions. Paraplegia typically results in the loss of voluntary muscle control and sensation below the level of injury.Causes of paraplegia include:Traumatic Spinal Cord Injury: The most common cause of paraplegia is trauma to the spinal cord resulting from accidents such as motor vehicle collisions, falls, sports injuries, or acts of violence. The severity of paralysis in paraplegia depends on the extent and location of the spinal cord injury.Non-Traumatic Spinal Cord Injury: Paraplegia can also result from non-traumatic causes such as spinal cord tumors, infections (e.g., spinal abscess or meningitis), vascular disorders (e.g., spinal cord infarction), autoimmune conditions (e.g., transverse myelitis), or degenerative conditions (e.g., spinal stenosis or disc herniation).Congenital Conditions: Some individuals may be born with congenital conditions affecting the spinal cord, such as spina bifida or congenital spinal cord anomalies, leading to paraplegia or other forms of paralysis.Neurological Diseases: Certain neurological diseases such as multiple sclerosis, amyotrophic lateral sclerosis (ALS), or Guillain-Barré syndrome can cause damage to the spinal cord or peripheral nerves, resulting in paraplegia.What is the relationship between paraplegia and oxidative stress?The relationship between paraplegia and oxidative stress is complex and multifaceted, involving various mechanisms that contribute to the pathophysiology and progression of the condition. While the specific interactions between paraplegia and oxidative stress may vary depending on the underlying cause and individual factors, several key aspects can be considered:Ischemia-Reperfusion Injury: In cases of traumatic spinal cord injury (SCI), the initial trauma can lead to tissue damage and disruption of blood flow to the affected area, resulting in ischemia (lack of oxygen and nutrients). Subsequent reperfusion (restoration of blood flow) can exacerbate oxidative stress through the generation of reactive oxygen species (ROS) and inflammatory mediators. Ischemia-reperfusion injury contributes to secondary damage to the spinal cord tissue, amplifying the neurological deficits associated with paraplegia.Inflammatory Response: Spinal cord injury triggers a robust inflammatory response characterized by the infiltration of immune cells and the release of pro-inflammatory cytokines and chemokines. Oxidative stress plays a crucial role in amplifying the inflammatory cascade, as ROS can activate nuclear factor-kappa B (NF-κB) and other signaling pathways involved in immune cell activation and cytokine production. Chronic inflammation and oxidative stress contribute to ongoing tissue damage and neuroinflammation in the injured spinal cord, impairing the repair and regeneration processes.Mitochondrial Dysfunction: Oxidative stress disrupts mitochondrial function, leading to mitochondrial dysfunction and bioenergetic failure in spinal cord neurons and glial cells. Mitochondrial damage impairs ATP production, exacerbating cellular energy depletion and compromising cellular viability. Dysfunctional mitochondria also release ROS, further perpetuating oxidative stress and contributing to neuronal cell death and axonal degeneration in the injured spinal cord.Excitotoxicity and Neuronal Cell Death: Following SCI, excessive release of excitatory neurotransmitters such as glutamate can induce excitotoxicity, resulting in calcium influx, mitochondrial dysfunction, and oxidative stress-mediated neuronal cell death. ROS generated during excitotoxicity exacerbate cellular damage and contribute to the loss of neuronal connectivity and function in the injured spinal cord.Antioxidant Defenses: The antioxidant defense systems in the spinal cord play a critical role in counteracting oxidative stress and mitigating cellular damage. However, following SCI, there is a disruption in antioxidant enzyme activity and depletion of endogenous antioxidants, compromising the capacity of the spinal cord tissue to neutralize ROS and oxidative damage. Deficiencies in antioxidant defenses exacerbate oxidative stress and contribute to the progression of neurological deficits in paraplegia.Overall, oxidative stress is intricately involved in the pathogenesis and progression of paraplegia, contributing to secondary injury mechanisms such as ischemia-reperfusion injury, inflammation, mitochondrial dysfunction, excitotoxicity, and impaired antioxidant defenses.",""
"Parkinson's Disease","Parkinson's DiseaseParkinson’s Disease (PD)and Hydrogen Water – Hydrogen Treatments and Therapy ResearchParkinson’s disease (PD) is a progressive neurological disorder that primarily affects movement. It is characterized by a gradual loss of nerve cells in the brain that produce dopamine, a neurotransmitter involved in coordinating movement and regulating mood.The exact cause of Parkinson’s disease is not fully understood, but it is believed to result from a combination of genetic and environmental factors. Some potential contributors to the development of PD include:Genetic Mutations: Certain genetic mutations have been associated with an increased risk of Parkinson’s disease. However, these mutations are relatively rare and account for only a small percentage of cases.Environmental Factors: Exposure to certain environmental toxins or chemicals, such as pesticides or herbicides, may increase the risk of developing Parkinson’s disease. Additionally, head injuries or trauma may also be linked to an increased risk of PD.Age: Parkinson’s disease is more common in older adults, with the majority of cases diagnosed in people over the age of 60. However, it can also occur in younger individuals, although less frequently.Gender: Men are slightly more likely to develop Parkinson’s disease than women, although the reasons for this gender difference are not well understood.Neurodegeneration: Parkinson’s disease is characterized by the progressive degeneration of nerve cells (neurons) in the substantia nigra region of the brain. These neurons are responsible for producing dopamine, a neurotransmitter that helps regulate movement and coordination. As dopamine levels decrease, individuals with PD experience symptoms such as tremors, rigidity, slowness of movement (bradykinesia), and difficulties with balance and coordination.What is the relationship between PD and oxidative stress?The relationship between Parkinson’s disease (PD) and oxidative stress is a significant area of research and is thought to play a crucial role in the development and progression of the condition. Oxidative stress occurs when there is an imbalance between the production of reactive oxygen species (ROS) and the body’s ability to neutralize them with antioxidants, leading to damage to cellular structures such as proteins, lipids, and DNA. In the context of Parkinson’s disease, several key factors contribute to oxidative stress:Dopaminergic Neuron Vulnerability: Dopaminergic neurons in the substantia nigra region of the brain, which are primarily affected in Parkinson’s disease, are particularly vulnerable to oxidative stress. Dopamine metabolism itself generates ROS as a byproduct, and the high metabolic rate of these neurons makes them susceptible to oxidative damage.Mitochondrial Dysfunction: Mitochondrial dysfunction is a hallmark feature of Parkinson’s disease, and impaired mitochondrial function leads to increased production of ROS. Mitochondria are the primary cellular organelles responsible for generating energy in the form of adenosine triphosphate (ATP), and dysfunctional mitochondria can disrupt cellular energy metabolism and increase oxidative stress.Alpha-Synuclein Aggregation: Aggregation of alpha-synuclein protein into toxic clumps, known as Lewy bodies, is a pathological hallmark of Parkinson’s disease. Alpha-synuclein aggregates can induce oxidative stress and impair cellular function by interfering with mitochondrial function, disrupting protein degradation pathways, and promoting inflammation.Inflammatory Response: Chronic inflammation in the brain, driven in part by the presence of alpha-synuclein aggregates and activated microglia, contributes to oxidative stress in Parkinson’s disease. Inflammatory cytokines and reactive oxygen species released by activated immune cells further exacerbate neuronal damage and promote neurodegeneration.Environmental Toxins: Exposure to environmental toxins and pesticides, such as rotenone and paraquat, has been implicated in the development of Parkinson’s disease and can induce oxidative stress in dopaminergic neurons. These toxins interfere with mitochondrial function and increase ROS production, leading to neuronal damage and cell death.Impaired Antioxidant Defenses: Parkinson’s disease is associated with deficits in antioxidant defense mechanisms, including reduced levels of endogenous antioxidants such as glutathione and impaired activity of antioxidant enzymes such as superoxide dismutase and catalase. This imbalance between ROS production and antioxidant defenses contributes to oxidative stress and exacerbates neuronal damage in PD.Overall, oxidative stress is considered a key pathological mechanism underlying the neurodegeneration observed in Parkinson’s disease. Strategies aimed at reducing oxidative stress, such as antioxidant therapy or targeting pathways involved in ROS production and mitochondrial dysfunction, represent potential therapeutic approaches for slowing the progression of Parkinson’s disease and protecting dopaminergic neurons from oxidative damage.",""
"Pemphigus","PemphigusWhat is pemphigus?Pemphigus is a group of rare autoimmune diseases that cause blistering of the skin and mucous membranes. These conditions are characterized by the development of blisters and erosions on the skin and mucous membranes, which occur due to the body’s immune system mistakenly attacking proteins in the skin and mucous membranes.There are several types of pemphigus, including:Pemphigus Vulgaris: This is the most common type of pemphigus. It typically affects middle-aged or older adults. Blisters often start in the mouth and can spread to other areas of the body, including the skin and genitals.Pemphigus Foliaceus: This type of pemphigus causes blistering of the skin but usually does not affect the mucous membranes. Blisters often begin on the face and scalp and can spread to the chest, back, and other parts of the body.Paraneoplastic Pemphigus: This rare type of pemphigus is associated with an underlying cancer, such as lymphoma or leukemia. It can cause severe blistering of the skin and mucous membranes and is often difficult to treat.IgA Pemphigus: This type of pemphigus is characterized by the presence of IgA antibodies attacking the skin. It can cause blistering and pustules on the skin and mucous membranes.The exact cause of pemphigus is not fully understood, but it is believed to be an autoimmune disorder. In pemphigus, the body’s immune system produces antibodies that target proteins called desmosomes, which are responsible for holding skin cells together. When these antibodies attack desmosomes, it weakens the connections between skin cells, leading to the formation of blisters and erosions.What is the relationship between pemphigus and oxidative stress?The relationship between pemphigus and oxidative stress is an area of ongoing research, and while the exact mechanisms are not fully understood, there are several ways in which oxidative stress may contribute to the pathogenesis and progression of pemphigus:Inflammation: Oxidative stress is closely linked to inflammation, and both processes can exacerbate each other. In pemphigus, inflammation plays a central role in the development of blisters and erosions on the skin and mucous membranes. Oxidative stress can contribute to the activation of inflammatory pathways and the release of pro-inflammatory cytokines, which can further amplify the inflammatory response in pemphigus lesions.Cell Damage and Apoptosis: Oxidative stress can lead to cellular damage and apoptosis (programmed cell death) in skin cells and mucosal epithelial cells. In pemphigus, the binding of autoantibodies to desmosomal proteins disrupts cell-cell adhesion and weakens the integrity of the skin and mucous membranes, making them more susceptible to damage from oxidative stress-induced apoptosis.Mitochondrial Dysfunction: Oxidative stress can impair mitochondrial function in cells, leading to decreased energy production and increased production of reactive oxygen species (ROS). Mitochondrial dysfunction has been implicated in the pathogenesis of autoimmune diseases, including pemphigus, and may contribute to the dysregulation of cell signaling pathways and the activation of apoptotic pathways.Antioxidant Defenses: Imbalance between oxidants and antioxidants can occur in pemphigus, leading to increased oxidative stress. Antioxidant enzymes such as superoxide dismutase, catalase, and glutathione peroxidase play a crucial role in neutralizing ROS and protecting cells from oxidative damage. Dysfunction of antioxidant defenses may exacerbate oxidative stress and contribute to the progression of pemphigus lesions.Drug-Induced Oxidative Stress: Some medications used to treat pemphigus, such as corticosteroids and immunosuppressants, may induce oxidative stress as a side effect. Prolonged use of these medications can lead to the accumulation of ROS and oxidative damage in cells, potentially exacerbating pemphigus symptoms.Overall, while the specific mechanisms linking oxidative stress to pemphigus are not fully understood, there is growing evidence to suggest that oxidative stress plays a role in the pathogenesis and progression of pemphigus.",""
"Periodontitis","PeriodontitisWhat is periodontitis?Periodontitis is a serious gum infection that damages the soft tissue and destroys the bone that supports your teeth. It is a progressive condition that, if left untreated, can lead to tooth loss. Periodontitis is a type of periodontal disease, which is a group of inflammatory conditions affecting the tissues surrounding the teeth.Periodontitis typically develops from untreated gingivitis, which is the inflammation of the gums caused by plaque buildup on teeth. Plaque is a sticky film of bacteria that forms on the teeth and gums, and if not removed through proper oral hygiene practices like brushing and flossing, it can harden into tartar or calculus. Tartar buildup can irritate the gums and lead to gingivitis.If gingivitis is not treated promptly, it can progress to periodontitis. In periodontitis, the bacteria in plaque and tartar trigger an immune response that leads to inflammation and damage to the gums and bone supporting the teeth. Over time, the gums may recede from the teeth, forming pockets that become infected. As the infection spreads, it can cause further destruction of the bone and connective tissues, leading to loosening and eventually loss of teeth.What is the relationship between periodontitis and oxidative stress?The relationship between periodontitis and oxidative stress is multifaceted and plays a significant role in the pathogenesis and progression of the disease. Oxidative stress occurs when there is an imbalance between the production of reactive oxygen species (ROS) and the body’s antioxidant defenses, leading to cellular damage and inflammation. Several key mechanisms link oxidative stress to periodontitis:Inflammatory Response: Periodontitis is characterized by chronic inflammation of the gums and surrounding tissues in response to bacterial infection. Inflammation is associated with the production of ROS and reactive nitrogen species (RNS) by immune cells such as neutrophils and macrophages as part of the body’s defense mechanism against pathogens. However, excessive production of ROS/RNS and insufficient antioxidant defenses can lead to oxidative stress, amplifying tissue damage and inflammation in periodontal tissues.Tissue Damage: ROS generated during the inflammatory response can directly damage periodontal tissues, including the gums (gingiva), periodontal ligament, and alveolar bone. ROS/RNS can oxidize lipids, proteins, and DNA, leading to cellular dysfunction, apoptosis (cell death), and degradation of extracellular matrix components. This oxidative damage contributes to the breakdown of periodontal tissues and the progression of periodontitis.Matrix Metalloproteinases (MMPs) Activation: Oxidative stress can upregulate the activity of matrix metalloproteinases (MMPs), a family of enzymes involved in tissue remodeling and degradation of extracellular matrix proteins. Excessive MMP activity in periodontitis can lead to destruction of periodontal tissues, including collagen fibers in the gingiva and periodontal ligament, further exacerbating tissue breakdown and tooth mobility.Antioxidant Defenses: In healthy periodontal tissues, antioxidant enzymes such as superoxide dismutase (SOD), catalase, and glutathione peroxidase help neutralize ROS and protect cells from oxidative damage. However, in periodontitis, there is evidence of impaired antioxidant defenses and decreased antioxidant enzyme activity, leading to increased susceptibility to oxidative stress and tissue damage.Systemic Effects: Periodontitis has been linked to systemic conditions such as cardiovascular disease, diabetes, and rheumatoid arthritis, which are associated with oxidative stress and inflammation. The systemic spread of inflammatory mediators and oxidative stress from periodontal tissues to other organs and tissues may contribute to the pathogenesis of these systemic diseases.Overall, oxidative stress is intimately involved in the pathogenesis of periodontitis, contributing to tissue damage, inflammation, and the progression of the disease.",""
"Peripheral Arterial Disease","Peripheral Arterial DiseaseWhat is Peripheral Arterial Disease (PAD)?Peripheral arterial disease (PAD) is a common circulatory problem in which narrowed arteries reduce blood flow to the limbs, usually the legs. PAD is typically caused by atherosclerosis, a condition where plaque buildup narrows and stiffens the arteries. When plaque buildup occurs in the arteries supplying blood to the legs, it can lead to symptoms such as leg pain, particularly during physical activity or exercise (intermittent claudication).What is the relationship between PAD and oxidative stress?Peripheral arterial disease (PAD) and oxidative stress are closely related, as oxidative stress plays a significant role in the pathogenesis and progression of PAD. Here are some ways in which oxidative stress contributes to PAD:Atherosclerosis Formation: Oxidative stress promotes the formation and progression of atherosclerosis, which is the primary underlying cause of PAD. Reactive oxygen species (ROS) generated during oxidative stress can damage the endothelial lining of blood vessels, leading to inflammation and dysfunction. This endothelial dysfunction allows for the infiltration of lipids, immune cells, and other factors into the arterial wall, initiating the formation of atherosclerotic plaques.Plaque Instability: Oxidative stress contributes to the destabilization of atherosclerotic plaques. ROS can promote the breakdown of collagen and elastin fibers in the plaque, weakening its structure and increasing the risk of rupture or erosion. Plaque rupture can lead to the formation of blood clots (thrombosis) within the artery, further narrowing or blocking blood flow.Vascular Smooth Muscle Cell Proliferation: Oxidative stress stimulates the proliferation and migration of vascular smooth muscle cells within the arterial wall. Excessive proliferation of smooth muscle cells contributes to the thickening of the arterial wall (intimal hyperplasia) and narrowing of the vessel lumen, exacerbating the obstruction of blood flow in PAD.Endothelial Dysfunction: Oxidative stress impairs endothelial function, leading to reduced production of nitric oxide (NO), a vasodilator that helps regulate blood vessel tone and maintain vascular health. Decreased NO bioavailability contributes to vasoconstriction and impaired blood flow in PAD.Inflammation: Oxidative stress promotes inflammation within the arterial wall, contributing to the recruitment and activation of immune cells such as macrophages and T cells. Chronic inflammation exacerbates atherosclerosis and contributes to plaque progression and instability in PAD.Antioxidant Defenses: In PAD, there is often an imbalance between oxidants and antioxidants, with increased production of ROS overwhelming endogenous antioxidant defenses. Dysfunction of antioxidant enzymes such as superoxide dismutase, catalase, and glutathione peroxidase further exacerbates oxidative stress and contributes to vascular damage.Overall, oxidative stress plays a critical role in the pathophysiology of PAD, contributing to atherosclerosis, plaque instability, endothelial dysfunction, smooth muscle cell proliferation, inflammation, and impaired antioxidant defenses.",""
"Placental Stress","Placental StressWhat is placental stress?Placental stress refers to various conditions or factors that can affect the health and function of the placenta, the organ responsible for providing oxygen and nutrients to the developing fetus during pregnancy. Placental stress can arise due to a variety of reasons, including maternal health issues, environmental factors, and complications during pregnancy. Some common causes and factors associated with placental stress include:Maternal Health Conditions: Certain maternal health conditions, such as hypertension, diabetes, obesity, autoimmune disorders, and chronic stress, can increase the risk of placental stress. These conditions can impair placental function and blood flow, leading to reduced oxygen and nutrient delivery to the fetus.Preeclampsia and Gestational Hypertension: Preeclampsia and gestational hypertension are pregnancy-related conditions characterized by high blood pressure and proteinuria (excess protein in the urine). These conditions can impair placental function and blood flow, leading to placental stress and complications such as fetal growth restriction and preterm birth.Placental Insufficiency: Placental insufficiency occurs when the placenta is unable to adequately supply oxygen and nutrients to the fetus. This can result from factors such as poor placental development, placental abnormalities, or problems with the maternal-fetal blood supply. Placental insufficiency can lead to fetal growth restriction, low birth weight, and other complications.Maternal Lifestyle Factors: Certain lifestyle factors, such as smoking, drug use, and exposure to environmental toxins, can increase the risk of placental stress. These factors can impair placental function and development, leading to adverse pregnancy outcomes.Infections: Infections during pregnancy, such as cytomegalovirus (CMV), toxoplasmosis, and certain sexually transmitted infections (STIs), can affect placental function and increase the risk of placental stress. Infections can lead to inflammation and damage to the placenta, compromising its ability to support fetal growth and development.Multiple Gestation: Pregnancy with twins, triplets, or higher-order multiples can increase the risk of placental stress due to increased demands on the placenta. Multiple gestations are associated with a higher risk of placental complications, such as placental abruption and preterm birth.Chronic Medical Conditions: Women with chronic medical conditions, such as kidney disease, heart disease, or thyroid disorders, may be at increased risk of placental stress. These conditions can affect placental function and blood flow, potentially compromising fetal well-being.Placental stress can have serious implications for fetal health and development, increasing the risk of complications such as intrauterine growth restriction (IUGR), preterm birth, and stillbirth.What is the relationship between placental stress and oxidative stress?The relationship between placental stress and oxidative stress is significant, as oxidative stress is one of the key mechanisms underlying placental dysfunction and associated pregnancy complications. Placental stress can lead to an imbalance between oxidants and antioxidants, resulting in increased production of reactive oxygen species (ROS) and oxidative damage. Here’s how placental stress and oxidative stress are related:Reduced Blood Flow and Hypoxia: Placental stress often involves reduced blood flow to the placenta, which can result in hypoxia (low oxygen levels). Hypoxia is a potent inducer of oxidative stress in the placenta, as it leads to the generation of ROS through various pathways, including mitochondrial dysfunction and activation of NADPH oxidase enzymes.Inflammation and Immune Activation: Placental stress can trigger an inflammatory response in the placenta, characterized by the infiltration of immune cells and the release of pro-inflammatory cytokines. Inflammation is closely linked to oxidative stress, as activated immune cells produce ROS as part of their defense mechanisms. Chronic inflammation in the placenta can perpetuate oxidative stress and contribute to tissue damage.Placental Insufficiency and Dysfunction: Placental stress can impair placental function and lead to placental insufficiency, where the placenta is unable to adequately support fetal growth and development. Placental insufficiency is associated with increased oxidative stress in the placenta, as the organ becomes overwhelmed by the demands placed on it. Oxidative stress can further exacerbate placental dysfunction, creating a vicious cycle of damage and dysfunction.Endothelial Dysfunction: Placental stress can affect the endothelial cells lining the blood vessels in the placenta, leading to endothelial dysfunction. Endothelial dysfunction is characterized by impaired vasodilation, increased vascular permeability, and inflammation, all of which can contribute to oxidative stress in the placenta.Antioxidant Defenses: Placental stress can compromise the antioxidant defenses of the placenta, further exacerbating oxidative stress. Antioxidant enzymes such as superoxide dismutase, catalase, and glutathione peroxidase play a crucial role in neutralizing ROS and protecting against oxidative damage. Placental stress can disrupt the balance between oxidants and antioxidants, leading to increased oxidative stress and cellular damage.Overall, placental stress and oxidative stress are closely intertwined, with placental dysfunction and reduced blood flow leading to oxidative stress and oxidative damage.",""
"Polycystic Kidney Disease","Polycystic Kidney DiseaseHydrogen Water and Polycystic Kidney Disease (PKD)Polycystic kidney disease (PKD) is a genetic condition where fluid-filled cysts grow inside the kidneys. Over time, these cysts get bigger and crowd out healthy tissue, making it harder for the kidneys to clean the blood. As the disease progresses, it can lead to high blood pressure, kidney infections, and eventually kidney failure.There are two main types of PKD:Autosomal Dominant Polycystic Kidney Disease (ADPKD): This is the most common form of PKD and is caused by mutations in genes such as PKD1 and PKD2. ADPKD is inherited in an autosomal dominant pattern, meaning that a person only needs to inherit one copy of the mutated gene from either parent to develop the disease. Symptoms of ADPKD typically develop in adulthood and may include abdominal pain, high blood pressure, blood in the urine, and kidney stones. Complications of ADPKD can include kidney failure, cyst infections, and the development of cysts in other organs such as the liver and pancreas.Autosomal Recessive Polycystic Kidney Disease (ARPKD): This form of PKD is much less common and is caused by mutations in the PKHD1 gene. ARPKD is inherited in an autosomal recessive pattern, meaning that a person must inherit two copies of the mutated gene (one from each parent) to develop the disease. ARPKD is usually diagnosed in infancy or childhood and can cause severe kidney and liver problems, including kidney failure in some cases. Children with ARPKD may also have other health issues such as high blood pressure, urinary tract infections, and lung problems.The development and progression of cysts in PKD are thought to be driven by abnormal cell proliferation, fluid secretion, and structural changes in the kidney tubules. As the cysts grow and multiply, they can compress surrounding kidney tissue, leading to reduced kidney function and eventually kidney failure.Hydrogen Water For Polycistic Kidney Disease (PKD)One of the biggest problems in PKD isoxidative stress—when harmful molecules build up and damage kidney cells. This is wherehydrogen-rich water (HRW)comes in.Here’s how hydrogen water has been shown to help:Fights oxidative stress: HRW targets and neutralizes the worst free radicals—like hydroxyl radicals and peroxynitrite—that speed up cyst growth and damage kidney tissue​​.Reduces inflammation: Cyst growth triggers constant inflammation in the kidneys. HRW lowers inflammation by blocking harmful molecules like TNF-α and IL-6. This helps slow tissue damage and may reduce pain or swelling​.Protects mitochondrial function: In PKD, mitochondria (the power plants of your cells) often break down. HRW helps keep them stable and working, which is critical for keeping kidney cells alive and healthy​.May slow fibrosis: Over time, PKD leads to scarring in the kidneys (called fibrosis). Early research shows hydrogen water may help slow this process by calming the pathways that cause scar tissue to build up​.What is the relationship between PKD and oxidative stress?The relationship between polycystic kidney disease (PKD) and oxidative stress is complex and multifaceted. Oxidative stress refers to an imbalance between the production of reactive oxygen species (ROS) and the body’s ability to neutralize them with antioxidants, leading to cellular damage and inflammation. Several mechanisms linking oxidative stress to PKD have been proposed:Mitochondrial Dysfunction: Dysfunction of mitochondria, the energy-producing organelles within cells, is implicated in the pathogenesis of PKD. Abnormalities in mitochondrial structure and function can lead to increased production of ROS, contributing to oxidative stress. Mitochondrial dysfunction in PKD is thought to be driven by various factors, including altered cellular metabolism, impaired autophagy (cellular recycling process), and dysregulation of calcium signaling.Cyst Growth and Expansion: The growth and expansion of cysts in PKD are associated with increased oxidative stress. Cyst-lining epithelial cells exhibit higher levels of oxidative stress markers compared to normal kidney cells. ROS can stimulate cyst epithelial cell proliferation and fluid secretion, promoting cyst growth. Conversely, oxidative stress-induced damage to cellular structures such as DNA, proteins, and lipids can impair cellular function and contribute to cyst progression.Inflammation and Fibrosis: Oxidative stress plays a role in promoting inflammation and fibrosis in PKD. ROS can activate pro-inflammatory signaling pathways and promote the release of inflammatory cytokines, chemokines, and growth factors, contributing to the recruitment of immune cells and the development of chronic inflammation within the kidneys. Additionally, oxidative stress can stimulate the production of extracellular matrix proteins by renal fibroblasts, leading to fibrosis and progressive kidney damage.Cellular Signaling Pathways: Oxidative stress can modulate various signaling pathways implicated in the pathogenesis of PKD, including the mammalian target of rapamycin (mTOR) pathway, the cAMP/protein kinase A (PKA) pathway, and the nuclear factor erythroid 2-related factor 2 (Nrf2) pathway. Dysregulation of these pathways can disrupt cellular homeostasis, promote cell proliferation and cyst growth, and impair antioxidant defenses, exacerbating oxidative stress and contributing to disease progression.Overall, oxidative stress is considered a key contributor to the pathogenesis and progression of PKD, contributing to cyst growth, inflammation, fibrosis, and kidney dysfunction.",""
"Polycystic Ovary Syndrome","Polycystic Ovary SyndromeWhat is Polycystic Ovary Syndrome (PCOS)?Polycystic ovary syndrome (PCOS) is a common hormonal disorder that affects people with ovaries, typically during their reproductive years. It is characterized by a combination of symptoms related to hormonal imbalances, menstrual irregularities, and ovarian cysts. PCOS can manifest differently from person to person, and its exact cause is not fully understood, but genetics and hormonal imbalances are believed to play significant roles in its development.The key features of PCOS include:Menstrual Irregularities: Women with PCOS often experience irregular menstrual cycles, which may manifest as infrequent periods, prolonged periods, or no periods at all (amenorrhea). This irregularity is caused by disruptions in the normal hormonal signals that regulate ovulation.Hyperandrogenism: PCOS is associated with elevated levels of androgens, which are male hormones such as testosterone. This can lead to symptoms of hyperandrogenism, including excess facial or body hair (hirsutism), acne, and male-pattern baldness (androgenic alopecia).Ovarian Cysts: While the term “polycystic” implies the presence of multiple cysts on the ovaries, not all individuals with PCOS develop ovarian cysts. The cysts are typically small, fluid-filled sacs that form on the surface of the ovaries. These cysts are follicles that have not matured properly due to disrupted ovulation.Metabolic Abnormalities: PCOS is often associated with metabolic abnormalities, including insulin resistance, which can lead to elevated blood sugar levels and an increased risk of developing type 2 diabetes. Insulin resistance can also contribute to weight gain and difficulty losing weight, which are common features of PCOS.Fertility Issues: Irregular ovulation and hormonal imbalances associated with PCOS can affect fertility and make it challenging for some individuals to conceive. PCOS is one of the leading causes of infertility in people assigned female at birth.The exact cause of PCOS is not known, but it is believed to involve a combination of genetic, hormonal, and environmental factors. Insulin resistance and elevated levels of insulin are thought to play a central role in the development of PCOS, as insulin can stimulate the ovaries to produce androgens, disrupt ovulation, and contribute to other metabolic abnormalities associated with the condition.What is the relationship between PCOS and oxidative stress?The relationship between polycystic ovary syndrome (PCOS) and oxidative stress is an area of active research, and while the exact mechanisms are not fully understood, several",""
"Poor Hair Quality","Poor Hair QualityWhat is poor hair quality?Poor hair quality refers to hair that is dry, brittle, damaged, dull, frizzy, or prone to breakage. It can manifest in various ways, including:Dryness: Poor hair quality often involves a lack of moisture in the hair shaft, resulting in dry and rough texture. Dry hair may feel rough to the touch and may appear dull and lifeless.Brittleness: Brittle hair is prone to breakage and split ends. It may snap easily when manipulated and may feel fragile and weak.Damage: Hair damage can occur due to various factors, including heat styling, chemical treatments (such as coloring or perming), mechanical damage (such as brushing or using hair ties), environmental factors (such as sun exposure or pollution), and improper hair care practices. Damaged hair may appear frayed, rough, and uneven.Dullness: Poor hair quality can result in lackluster and dull-looking hair that lacks shine and vibrancy. Dull hair may appear flat and lifeless, lacking the healthy sheen associated with well-nourished hair.Frizziness: Frizzy hair is characterized by flyaways, stray hairs, and an overall lack of smoothness and control. It may be caused by humidity, dryness, damage to the hair cuticle, or genetic factors.What is the relationship between poor hair quality and oxidative stress?The relationship between poor hair quality and oxidative stress involves the damaging effects of reactive oxygen species (ROS) on the hair follicles and the structural components of the hair shaft. Oxidative stress occurs when there is an imbalance between the production of ROS and the body’s antioxidant defenses, leading to cellular damage and dysfunction. Several factors contribute to oxidative stress in the context of poor hair quality:Exposure to Environmental Factors: Environmental factors such as UV radiation, pollution, and harsh weather conditions can generate ROS in the scalp and hair follicles. Prolonged exposure to these environmental stressors can lead to oxidative damage to the hair shaft, resulting in dryness, brittleness, and dullness.Chemical Treatments: Chemical treatments such as hair coloring, bleaching, perming, and chemical straightening can induce oxidative stress in the hair follicles and the hair shaft. The chemicals used in these treatments can penetrate the hair cuticle, disrupt the protein structure of the hair shaft, and generate ROS, leading to damage and weakening of the hair.Heat Styling: Excessive use of heat styling tools such as flat irons, curling irons, and blow dryers can generate heat-induced oxidative stress in the hair shaft. High temperatures can break down the proteins and lipids in the hair cuticle, leading to dryness, brittleness, and breakage.Nutritional Deficiencies: Inadequate intake of essential nutrients such as vitamins, minerals, and antioxidants can compromise the body’s antioxidant defenses and increase susceptibility to oxidative stress. Nutrient deficiencies can affect the health and vitality of the hair follicles, leading to poor hair quality and hair loss.Aging: As individuals age, the body’s antioxidant defenses may become less efficient in neutralizing ROS, leading to increased oxidative stress and damage to the hair follicles and the hair shaft. This can result in thinning hair, loss of volume, and changes in hair texture and quality.Overall, oxidative stress plays a significant role in the pathogenesis of poor hair quality by promoting damage to the hair follicles, disruption of the hair cuticle, and degradation of the structural proteins and lipids in the hair shaft.",""
"Postoperative Cognitive Impairment","Postoperative Cognitive ImpairmentWhat is Postoperative Cognitive Impairment (POCI)?Postoperative cognitive impairment (POCI) refers to a decline in cognitive function that occurs after surgery. This condition can manifest as problems with memory, attention, concentration, and executive function. POCI is generally temporary and tends to resolve within days to weeks after surgery, but in some cases, it can persist for months or even longer.The exact cause of POCI is not fully understood, but several factors may contribute to its development:Anesthesia: The use of anesthesia during surgery has been implicated as a potential contributor to POCI. Certain types of anesthesia, particularly general anesthesia, can temporarily affect neurotransmitter systems in the brain, leading to cognitive changes.Surgical stress: Surgery itself can trigger an inflammatory response and release stress hormones, which may impact brain function and contribute to cognitive impairment.Age: Older adults are more susceptible to POCI, likely due to age-related changes in the brain and decreased cognitive reserve.Pre-existing cognitive impairment: Individuals with pre-existing cognitive impairment, such as dementia or mild cognitive impairment, may be at higher risk of experiencing POCI.Other medical conditions: Certain medical conditions, such as cardiovascular disease, diabetes, and hypertension, may increase the risk of POCI.Medications: The use of certain medications before, during, or after surgery, such as sedatives, painkillers, and anticholinergic drugs, may contribute to cognitive impairment.What is the relationship between POCI and oxidative stress?The relationship between postoperative cognitive impairment (POCI) and oxidative stress is an area of active research. Oxidative stress occurs when there is an imbalance between the production of reactive oxygen species (ROS) and the body’s antioxidant defenses, leading to cellular damage. Several factors related to surgery and anesthesia may contribute to oxidative stress, which in turn could play a role in the development of POCI:Surgical Stress: Surgery itself triggers an inflammatory response and increases oxidative stress. Tissue injury, ischemia-reperfusion injury (which occurs when blood flow is temporarily restricted during surgery and then restored), and the release of pro-inflammatory cytokines all contribute to oxidative stress.Anesthesia: Some anesthetic agents, particularly inhalational anesthetics like isoflurane and sevoflurane, have been associated with increased production of ROS and oxidative stress in animal",""
"Postoperative Delirium","Postoperative DeliriumWhat is Postoperative Delirium (POD)?Postoperative delirium (POD) is a temporary state of confusion and altered consciousness that occurs after surgery. It is characterized by disturbances in attention, awareness, and cognitive function, often accompanied by changes in behavior, perception, and mood. Delirium can manifest as agitation, restlessness, hallucinations, disorientation, and fluctuating levels of consciousness.Postoperative delirium is a common complication, particularly in older adults and individuals with pre-existing cognitive impairment or other medical conditions. Several factors contribute to its development, including:Anesthesia: Certain types of anesthesia, particularly general anesthesia, can temporarily disrupt neurotransmitter signaling in the brain, leading to cognitive changes and delirium.Surgical Stress: The physiological stress of surgery, including pain, inflammation, and tissue injury, can contribute to delirium.Medications: The use of medications before, during, or after surgery, such as sedatives, painkillers, and anticholinergic drugs, can increase the risk of delirium.Fluid and Electrolyte Imbalance: Changes in fluid balance and electrolyte levels during surgery and in the postoperative period can affect brain function and contribute to delirium.Underlying Medical Conditions: Pre-existing medical conditions, such as dementia, delirium, depression, and neurological disorders, increase the risk of postoperative delirium.Environmental Factors: Factors such as sleep deprivation, sensory deprivation, and unfamiliar surroundings in the hospital setting can exacerbate delirium.What is the relationship between POD and oxidative stress?The relationship between postoperative delirium (POD) and oxidative stress is an emerging area of research. Oxidative stress, characterized by an imbalance between the production of reactive oxygen species (ROS) and the body’s antioxidant defenses, has been implicated in various neurological conditions, including delirium.Several factors related to surgery and anesthesia can contribute to oxidative stress, which may in turn play a role in the development of POD:Anesthesia: Some anesthetic agents, particularly inhalational anesthetics like isoflurane and sevoflurane, have been associated with increased production of ROS and oxidative stress in animal",""
"Postoperative Ileus","Postoperative IleusWhat is Postoperative Ileus (POI)?Postoperative ileus (POI) is a condition characterized by transient impairment or cessation of normal bowel function following surgery. It commonly occurs after abdominal surgery but can also occur after non-abdominal procedures. POI typically manifests as delayed passage of gas and stool, abdominal distension, bloating, and discomfort.Several factors contribute to the development of postoperative ileus:Surgical trauma: Manipulation of the intestines during surgery can lead to inflammation, disruption of normal peristalsis (the rhythmic contractions that propel food through the digestive tract), and temporary paralysis of the bowel muscles.Anesthesia: Anesthetic agents and pain medications used during surgery can inhibit bowel motility and contribute to the development of ileus.Inflammatory response: Surgery triggers an inflammatory response in the body, which can further impair bowel function and delay recovery of normal gastrointestinal motility.Electrolyte imbalances: Fluid shifts and electrolyte disturbances during surgery can affect bowel function and contribute to ileus.Opioid medications: Opioid pain medications commonly used after surgery can slow down intestinal motility and exacerbate ileus.What is the relationship between POI and oxidative stress?The relationship between postoperative ileus (POI) and oxidative stress is an area of ongoing research. Oxidative stress occurs when there is an imbalance between the production of reactive oxygen species (ROS) and the body’s antioxidant defenses, leading to cellular damage. Several factors related to surgery and inflammation can contribute to oxidative stress, which may in turn play a role in the development of POI.Surgical Trauma: The physical trauma caused by surgery can lead to tissue injury and inflammation, triggering oxidative stress. Injured tissues release pro-inflammatory cytokines and activate immune cells, which produce ROS as part of the inflammatory response.Ischemia-Reperfusion Injury: During surgery, blood flow to the intestines may be temporarily interrupted, leading to ischemia (lack of blood flow) and subsequent reperfusion (restoration of blood flow). This ischemia-reperfusion injury can generate ROS and contribute to oxidative stress.Inflammatory Response: Surgery induces a systemic inflammatory response, characterized by the release of pro-inflammatory cytokines and activation of inflammatory pathways. Chronic inflammation and oxidative stress are closely linked, and excessive ROS production during inflammation can exacerbate tissue damage and impair intestinal function.Gut Microbiota: Disruption of the gut microbiota, which can occur during surgery and in the postoperative period, may contribute to oxidative stress and intestinal dysmotility. Alterations in the gut microbiota composition can affect intestinal barrier function and immune responses, potentially leading to increased ROS production and oxidative damage.Medications: Some medications commonly used during and after surgery, such as opioids and nonsteroidal anti-inflammatory drugs (NSAIDs), have been implicated in the generation of oxidative stress. Opioids, in particular, can slow intestinal transit and exacerbate POI, potentially through mechanisms involving oxidative stress.While the precise mechanisms linking oxidative stress to POI are not fully understood, oxidative damage to intestinal tissues and disruption of normal cellular signaling pathways may contribute to impaired gastrointestinal motility and delayed recovery of bowel function.",""
"Postoperative Liver Failure","Postoperative Liver FailureWhat is postoperative liver failure?Postoperative liver failure refers to the impairment or dysfunction of the liver following surgery. It can occur as a complication of various surgical procedures, particularly those involving the liver itself or surgeries that may impact liver function indirectly. Postoperative liver failure can manifest as a range of symptoms and complications, depending on the severity and underlying cause.There are several potential causes and contributing factors to postoperative liver failure:Surgical trauma: Direct injury to the liver during surgery, particularly extensive resections or complex procedures, can lead to liver dysfunction.Ischemia-reperfusion injury: Temporary interruption of blood flow to the liver during surgery followed by restoration of blood flow (ischemia-reperfusion injury) can cause damage to liver tissue and impair liver function.Hepatic steatosis: Patients with underlying liver conditions such as fatty liver disease (hepatic steatosis) may be at increased risk of postoperative liver failure, particularly if surgery exacerbates existing liver pathology.Hepatic reserve: Patients with pre-existing liver disease or compromised liver function due to factors such as cirrhosis, hepatitis, or alcohol abuse may have reduced hepatic reserve and are more susceptible to postoperative liver failure.Hepatotoxic medications: Certain medications used before, during, or after surgery, such as anesthesia agents, antibiotics, and pain medications, can have hepatotoxic effects and contribute to liver dysfunction.Hepatic blood flow: Hemodynamic changes during surgery, including alterations in blood pressure, cardiac output, and vascular resistance, can affect hepatic blood flow and liver perfusion, potentially leading to liver ischemia or hypoxia.What is the relationship between postoperative liver failure and oxidative stress?The relationship between postoperative liver failure and oxidative stress is complex and multifactorial. Oxidative stress occurs when there is an imbalance between the production of reactive oxygen species (ROS) and the body’s antioxidant defenses, leading to cellular damage. Several factors related to surgery and liver dysfunction can contribute to oxidative stress, which may exacerbate liver injury and contribute to the development or progression of postoperative liver failure.Ischemia-Reperfusion Injury: During surgery, temporary interruption of blood flow to the liver followed by restoration of blood flow (ischemia-reperfusion injury) can lead to oxidative stress. Ischemia deprives liver tissue of oxygen and nutrients, leading to the generation of ROS upon reperfusion. ROS production during reperfusion can cause oxidative damage to hepatocytes (liver cells) and exacerbate liver injury.Inflammatory Response: Surgery triggers an inflammatory response in the body, characterized by the release of pro-inflammatory cytokines and activation of immune cells. Inflammation and oxidative stress are closely linked, and ROS generated during inflammation can further contribute to tissue damage and liver dysfunction.Hepatotoxic Medications: Certain medications used before, during, or after surgery, such as anesthesia agents, antibiotics, and pain medications, can have hepatotoxic effects and contribute to liver injury. Some of these medications may also induce oxidative stress in the liver, exacerbating hepatocyte damage and impairing liver function.Underlying Liver Disease: Patients with pre-existing liver disease, such as fatty liver disease, hepatitis, or cirrhosis, may have compromised antioxidant defenses and increased susceptibility to oxidative stress. Surgery and anesthesia can further challenge the liver’s ability to cope with oxidative stress, potentially leading to liver dysfunction and postoperative liver failure.Metabolic Changes: Surgery and anesthesia can disrupt metabolic pathways in the liver, leading to alterations in energy metabolism and redox balance. Dysregulation of metabolic processes can contribute to oxidative stress and exacerbate liver injury.",""
"Postoperative Pain","Postoperative PainWhat is postoperative pain?Postoperative pain refers to pain that occurs after surgery as a result of tissue trauma, inflammation, and nerve injury during the surgical procedure. It is a common and expected outcome of surgery, but its severity and duration can vary depending on factors such as the type of surgery, the extent of tissue injury, individual pain tolerance, and the effectiveness of pain management strategies.Postoperative pain can manifest as acute pain, which typically occurs immediately after surgery and lasts for a few days to weeks, or as chronic pain, which persists for an extended period beyond the expected healing time. Acute postoperative pain is often sharp, throbbing, or aching and is localized to the surgical site. Chronic postoperative pain, if it develops, may be more persistent and may involve neuropathic pain (pain caused by nerve injury).Several factors contribute to postoperative pain:Tissue Trauma: Surgery involves cutting, manipulation, and manipulation of tissues, which can result in tissue damage and inflammation, leading to pain.Nerve Injury: Surgical procedures can cause damage to nerves, resulting in neuropathic pain or altered sensitivity in the affected area.Inflammatory Response: Surgery triggers an inflammatory response in the body, characterized by the release of pro-inflammatory mediators and activation of pain receptors, which can contribute to pain sensation.Individual Factors: Individual factors such as age, gender, genetics, psychological factors, and pre-existing pain conditions can influence the perception and experience of postoperative pain.What is the relationship between postoperative pain and oxidative stress?The relationship between postoperative pain and oxidative stress is complex and multifaceted. Oxidative stress occurs when there is an imbalance between the production of reactive oxygen species (ROS) and the body’s antioxidant defenses, leading to cellular damage. Several factors related to surgery and pain can contribute to oxidative stress, which may in turn exacerbate pain sensation and impair pain management:Tissue Trauma and Inflammation: Surgery involves cutting, manipulation, and trauma to tissues, triggering an inflammatory response characterized by the release of pro-inflammatory cytokines and activation of immune cells. Inflammatory processes can generate ROS and promote oxidative stress, contributing to tissue damage and pain sensation.Nerve Injury and Neuropathic Pain: Surgical procedures can cause damage to nerves, leading to neuropathic pain characterized by abnormal sensations such as burning, shooting, or electrical shock-like pain. Nerve injury and neuropathic pain are associated with increased oxidative stress, which may contribute to neuronal dysfunction and hypersensitivity to pain stimuli.Peripheral Sensitization: Inflammatory mediators released during tissue injury and inflammation can sensitize peripheral pain receptors (nociceptors), leading to heightened pain sensitivity and amplification of pain signals. Oxidative stress may exacerbate peripheral sensitization by modulating the activity of ion channels and receptors involved in pain signaling.Central Sensitization: Chronic pain states, including postoperative pain, are often associated with central sensitization, a phenomenon characterized by amplification of pain signals within the central nervous system. Oxidative stress has been implicated in the development and maintenance of central sensitization by promoting neuroinflammation, neuronal excitability, and synaptic plasticity in pain-processing regions of the brain and spinal cord.Pain Medications: Some analgesic medications commonly used to manage postoperative pain, such as opioids and nonsteroidal anti-inflammatory drugs (NSAIDs), have been shown to induce oxidative stress and contribute to tissue damage. Chronic use of opioids, in particular, has been associated with increased oxidative stress and neuroinflammation, which may exacerbate pain sensitivity and contribute to the development of opioid-induced hyperalgesia (increased pain sensitivity).Psychological Stress: Pain itself can induce psychological stress and activate the body’s stress response, leading to increased production of ROS and oxidative stress. Chronic stress has been shown to exacerbate pain perception and impair pain modulation mechanisms, potentially perpetuating a cycle of pain and oxidative stress.Overall, oxidative stress may play a role in the pathophysiology of postoperative pain by contributing to tissue damage, sensitization of pain pathways, and dysregulation of pain modulation mechanisms.",""
"Postsurgical Peritoneal Adhesions","Postsurgical Peritoneal AdhesionsWhat are postsurgical peritoneal adhesions?Postsurgical peritoneal adhesions are fibrous bands of scar tissue that form between abdominal organs and tissues following surgery or inflammation in the peritoneal cavity. The peritoneum is a thin membrane that lines the abdominal cavity and covers the abdominal organs. When the peritoneum is damaged or inflamed, such as during surgery or as a result of infection or trauma, it can trigger a healing response that involves the formation of scar tissue.Peritoneal adhesions can vary in size, shape, and extent and may involve one or multiple abdominal organs. They can be filmy and delicate or dense and fibrous, and they can form between any combination of abdominal organs, such as the intestines, stomach, liver, spleen, and abdominal wall.What is the relationship between postsurgical peritoneal adhesions and oxidative stress?The relationship between postsurgical peritoneal adhesions and oxidative stress is an area of emerging research. Peritoneal adhesions are fibrous bands of scar tissue that form between abdominal organs and tissues following surgery or inflammation. These adhesions can cause organs to become stuck together, leading to complications such as bowel obstruction, chronic pain, and infertility.Oxidative stress, characterized by an imbalance between the production of reactive oxygen species (ROS) and the body’s antioxidant defenses, has been implicated in the pathophysiology of peritoneal adhesions. Several factors related to surgery and tissue injury can contribute to oxidative stress, which may in turn promote the formation and persistence of peritoneal adhesions:Ischemia-Reperfusion Injury: During surgery, temporary interruption of blood flow to abdominal tissues followed by restoration of blood flow (ischemia-reperfusion injury) can lead to the generation of ROS and oxidative stress. Ischemia-reperfusion injury contributes to tissue damage and inflammation, which are key factors in the development of peritoneal adhesions.Inflammatory Response: Surgery triggers an inflammatory response in the peritoneal cavity, characterized by the release of pro-inflammatory cytokines and activation of immune cells. Inflammatory processes can generate ROS and promote oxidative stress, which may exacerbate tissue injury and contribute to adhesion formation.Tissue Trauma: Surgical manipulation and tissue injury during surgery can cause oxidative damage to peritoneal tissues, leading to the release of inflammatory mediators and the activation of fibroblasts, which are involved in the formation of scar tissue and adhesions.Hypoxia and Hypoxia-Inducible Factors: Hypoxia (low oxygen levels) in the peritoneal cavity, resulting from tissue injury and inflammation, can induce the expression of hypoxia-inducible factors (HIFs), which regulate cellular responses to hypoxia. HIFs have been implicated in the pathogenesis of peritoneal adhesions and may promote fibrosis and adhesion formation through mechanisms involving oxidative stress.Extracellular Matrix Remodeling: Oxidative stress can promote the remodeling of the extracellular matrix, which provides structural support to tissues and plays a crucial role in wound healing and tissue repair. Dysregulated extracellular matrix remodeling may contribute to aberrant scar formation and adhesion formation.While the precise mechanisms linking oxidative stress to peritoneal adhesions are not fully understood, oxidative damage to peritoneal tissues and dysregulation of inflammatory and fibrotic pathways are believed to play a role.",""
"Preeclampsia","PreeclampsiaPreeclampsiaand Hydrogen Water – Hydrogen Treatments and Therapy ResearchPreeclampsia is a serious pregnancy complication characterized by high blood pressure and signs of damage to other organ systems, most commonly the liver and kidneys. It usually begins after 20 weeks of pregnancy in women whose blood pressure had been normal. Left untreated, preeclampsia can lead to serious, even fatal, complications for both the mother and the baby.Preeclampsia is thought to occur due to problems with the placenta, which supplies the baby with nutrients and oxygen during pregnancy. Factors that may increase the risk of developing preeclampsia include:First pregnancyHistory of preeclampsia or high blood pressure in previous pregnanciesObesityMultiple pregnancies (twins, triplets, etc.)Being younger than 20 or older than 40Certain medical conditions, such as chronic hypertension, diabetes, kidney disease, or autoimmune disordersThe exact cause of preeclampsia is not known, but it is believed to involve problems with the development of the placenta and the interaction between the mother’s immune system and the placenta. These problems can lead to reduced blood flow to the placenta, oxidative stress, inflammation, and release of substances into the maternal bloodstream that affect blood vessel function and cause high blood pressure.What is the relationship between preeclampsia and oxidative stress?The relationship between preeclampsia and oxidative stress is an area of active research, and while the exact mechanisms are not fully understood, there is evidence to suggest that oxidative stress plays a significant role in the pathogenesis of preeclampsia.Placental Dysfunction: Oxidative stress is believed to contribute to abnormalities in placental function, which play a central role in the development of preeclampsia. During pregnancy, the placenta undergoes rapid growth and extensive vascularization to support the growing fetus. Dysregulation of oxidative stress pathways within the placenta can lead to inadequate blood flow, impaired placental development, and the release of pro-inflammatory and vasoconstrictive factors into the maternal circulation, contributing to the development of hypertension and other symptoms of preeclampsia.Endothelial Dysfunction: Oxidative stress can impair endothelial function, which refers to the ability of the cells lining blood vessels to regulate vascular tone and maintain vascular integrity. In preeclampsia, endothelial dysfunction is a hallmark feature and contributes to the widespread vascular abnormalities observed in the condition, including vasoconstriction, increased vascular permeability, and thrombosis. Elevated levels of oxidative stress markers have been found in the endothelial cells of women with preeclampsia, suggesting a direct role for oxidative stress in endothelial dysfunction.Inflammation: Oxidative stress can trigger inflammatory responses within the placenta and maternal circulation, leading to the release of pro-inflammatory cytokines, chemokines, and other mediators of inflammation. Chronic low-grade inflammation is believed to be involved in the pathogenesis of preeclampsia and contributes to endothelial dysfunction, vascular damage, and systemic complications. Oxidative stress and inflammation can create a vicious cycle, as inflammation can further increase oxidative stress and exacerbate tissue damage.Oxidative Damage: Increased oxidative stress in preeclampsia results in the production of reactive oxygen species (ROS) and reactive nitrogen species (RNS), which can damage cellular structures such as lipids, proteins, and DNA. Oxidative damage to the placenta, endothelium, and other tissues may contribute to the pathophysiology of preeclampsia by disrupting cellular function, impairing vascular homeostasis, and promoting tissue injury and dysfunction.Overall, oxidative stress is believed to be a key contributor to the development and progression of preeclampsia, acting through multiple pathways to promote placental dysfunction, endothelial dysfunction, inflammation, and oxidative damage.",""
"Pregnancy","PregnancyHow is pregnancy hard on the body?Pregnancy is a significant physiological and metabolic challenge for the body, requiring substantial adaptations to support the growing fetus and prepare for childbirth. Several factors contribute to why pregnancy can be hard on the body:Hormonal Changes: Pregnancy involves a surge in hormone levels, including estrogen, progesterone, and human chorionic gonadotropin (hCG). These hormones regulate various physiological processes necessary for pregnancy, such as implantation of the embryo, maintenance of the uterine lining, and suppression of the maternal immune system to prevent rejection of the fetus. However, hormonal fluctuations can also lead to mood swings, nausea, fatigue, and other physical and emotional changes.Physical Discomfort: As the fetus grows, it exerts pressure on the mother’s organs and musculoskeletal system, leading to physical discomfort and changes in posture. Common pregnancy-related symptoms include back pain, pelvic pain, sciatica, leg cramps, and shortness of breath. The expanding uterus can also compress the stomach and intestines, causing digestive issues such as heartburn, indigestion, and constipation.Weight Gain: Pregnancy is associated with significant weight gain due to the growth of the fetus, placenta, and maternal tissues, as well as increased blood volume and fluid retention. Excessive weight gain can strain the mother’s joints and cardiovascular system, leading to discomfort, fatigue, and an increased risk of conditions such as gestational diabetes and hypertension.Metabolic Demands: Pregnancy places increased metabolic demands on the body to support the growth and development of the fetus. The mother’s energy requirements rise, and her metabolism shifts to prioritize nutrient delivery to the fetus. This can lead to fatigue, increased appetite, and changes in metabolism, such as insulin resistance and alterations in lipid and carbohydrate metabolism.Emotional and Psychological Stress: Pregnancy can be emotionally and psychologically challenging for many women due to concerns about the health of the baby, changes in body image, financial worries, relationship dynamics, and fears about childbirth and parenting. Hormonal fluctuations and physical discomfort can exacerbate mood swings, anxiety, and depression during pregnancy.Labor and Delivery: The process of labor and childbirth is physically demanding and can be prolonged and painful for many women. Labor involves rhythmic uterine contractions to expel the fetus from the uterus, which requires significant physical exertion and endurance. Complications during labor, such as prolonged labor, fetal distress, or the need for medical interventions like cesarean delivery, can further add to the physical and emotional stress of childbirth.What is the relationship between pregnancy and oxidative stress?During pregnancy, there is an intricate interplay between oxidative stress and maternal and fetal health. While oxidative stress plays a crucial role in normal fetal development and pregnancy physiology, an imbalance in oxidative status can lead to adverse outcomes for both the mother and the fetus.Normal Pregnancy Physiology: Oxidative stress is a natural part of pregnancy and is involved in various physiological processes critical for fetal growth and development. Controlled levels of reactive oxygen species (ROS) are necessary for processes such as placental development, angiogenesis (formation of new blood vessels), and cellular signaling pathways. ROS also serve as signaling molecules that regulate important cellular processes, including gene expression, immune function, and cell proliferation.Placental Function: The placenta, a vital organ formed during pregnancy, plays a central role in nutrient and gas exchange between the mother and the fetus. Oxidative stress within the placenta can affect its structure and function, leading to impaired nutrient transport, reduced blood flow, and placental insufficiency. This can result in intrauterine growth restriction (IUGR), preeclampsia, preterm birth, and other complications.Maternal Health: Pregnancy is associated with physiological changes that can increase oxidative stress in the maternal body. These changes include increased metabolic demands, alterations in hormonal levels, and changes in blood volume and circulation. Excessive oxidative stress in the maternal body can contribute to conditions such as gestational diabetes, gestational hypertension, and preeclampsia, which pose risks to both maternal and fetal health.Fetal Development: Oxidative stress can impact fetal development and programming, particularly during critical periods of organogenesis and tissue differentiation. Excessive ROS production or inadequate antioxidant defenses can lead to DNA damage, lipid peroxidation, and protein oxidation in fetal tissues, which may increase the risk of congenital anomalies, neurodevelopmental disorders, and long-term health consequences for the offspring.Labor and Delivery: The process of labor and delivery is associated with increased oxidative stress due to uterine contractions, tissue damage, and inflammation. Oxidative stress during labor may contribute to the initiation of labor, cervical ripening, and the regulation of uterine contractility. However, excessive oxidative stress can also cause tissue injury and inflammation in the maternal reproductive tract, potentially prolonging labor and increasing the risk of complications such as postpartum hemorrhage.In summary, while oxidative stress is a normal component of pregnancy physiology and is necessary for fetal development and parturition, an imbalance in oxidative status can have detrimental effects on maternal and fetal health.",""
"Premature Ovarian Failure","Premature Ovarian FailureWhat is Premature Ovarian Failure (POF)?Premature ovarian failure (POF), also known as premature ovarian insufficiency (POI), is a condition in which a woman’s ovaries stop functioning normally before the age of 40. This results in a decrease in the production of estrogen and other hormones, leading to irregular or absent menstrual periods and infertility.Premature ovarian failure can have various causes, including genetic factors, autoimmune disorders, chemotherapy or radiation therapy, pelvic surgery, certain infections, and environmental toxins. In some cases, the cause may be unknown (idiopathic).The exact mechanism by which premature ovarian failure occurs can vary depending on the underlying cause. In some cases, it may involve damage to the ovarian follicles (structures in the ovaries that contain immature eggs), leading to a decrease in the number of eggs available for ovulation. In other cases, it may involve dysfunction of the hypothalamic-pituitary-ovarian (HPO) axis, which regulates the production of reproductive hormones.What is the relationship between POF and oxidative stress?The relationship between premature ovarian failure (POF) and oxidative stress is an area of active research, and while the exact mechanisms are not fully understood, there is evidence to suggest that oxidative stress may play a role in the pathogenesis of POF.Ovarian Follicle Dysfunction: Oxidative stress can lead to damage to ovarian follicles, which are the structures in the ovaries that contain immature eggs (oocytes). Ovarian follicle dysfunction is believed to be a central mechanism underlying POF, as it results in a decrease in the number of eggs available for ovulation and can lead to infertility. Reactive oxygen species (ROS), which are highly reactive molecules containing oxygen, can cause oxidative damage to DNA, proteins, and lipids within the ovarian follicles, impairing their function and viability.Endocrine Disruption: Oxidative stress can disrupt the delicate balance of hormones involved in ovarian function, including estrogen, progesterone, and follicle-stimulating hormone (FSH). Imbalances in these hormones can affect follicle development, ovulation, and menstrual cycle regulation, contributing to the development of POF. Additionally, oxidative stress may affect the function of the hypothalamic-pituitary-ovarian (HPO) axis, which regulates the production of reproductive hormones.Immune Dysfunction: Oxidative stress can stimulate inflammatory responses and disrupt immune function within the ovaries and reproductive tract. Chronic inflammation and immune dysfunction are believed to be involved in the pathogenesis of POF, and oxidative stress may contribute to these processes. Immune-mediated damage to ovarian tissue and follicles can impair ovarian function and contribute to the development of POF.Environmental Factors: Exposure to environmental toxins and pollutants, which can induce oxidative stress, has been implicated as a potential risk factor for POF. Chemicals such as bisphenol A (BPA), phthalates, and pesticides have been shown to increase oxidative stress and disrupt ovarian function in animal",""
"Pressure Ulcer","Pressure UlcerWhat is pressure ulcer?A pressure ulcer, also known as a pressure sore, bed sore, or decubitus ulcer, is a localized injury to the skin and underlying tissue caused by prolonged pressure, friction, or shearing forces. Pressure ulcers typically develop over bony prominences such as the sacrum, hips, heels, elbows, and back of the head, where pressure points are most susceptible to damage.Pressure ulcers are a common problem, particularly among individuals with limited mobility or those who are bedridden, wheelchair-bound, or otherwise unable to change positions regularly. Prolonged pressure on the skin can impair blood flow to the affected area, leading to tissue ischemia (lack of oxygen and nutrients) and ultimately tissue damage and ulceration.Several factors contribute to the development of pressure ulcers:Pressure: Continuous pressure on the skin and underlying tissues reduces blood flow to the area, leading to tissue ischemia and breakdown. Pressure ulcers are more likely to occur in areas where pressure points are in contact with a surface for extended periods, such as when lying in bed or sitting in a wheelchair.Friction and Shear: Friction and shear forces can further damage the skin and underlying tissues, particularly when the skin is moist or when the individual is moved or repositioned improperly.Immobility: Immobility and inability to change positions regularly increase the risk of pressure ulcers, as prolonged pressure on the same area can lead to tissue breakdown.Poor Nutrition: Inadequate nutrition, dehydration, and deficiencies in vitamins and minerals can impair tissue repair and increase susceptibility to pressure ulcers.Decreased Sensation: Individuals with impaired sensation, such as those with spinal cord injuries or neurological disorders, may not feel discomfort or pain from prolonged pressure, leading to delayed detection and treatment of pressure ulcers.Pressure ulcers are classified based on the extent of tissue damage and depth of the ulcer:Stage I: Non-blanchable erythema (redness) of intact skin, indicating potential tissue damage.Stage II: Partial-thickness skin loss involving the epidermis and/or dermis. The ulcer is superficial and may appear as an abrasion, blister, or shallow crater.Stage III: Full-thickness skin loss involving damage to or necrosis (death) of subcutaneous tissue. The ulcer extends through the dermis and may appear as a deep crater with or without undermining of adjacent tissue.Stage IV: Full-thickness skin loss with extensive tissue damage, including damage to muscle, bone, or supporting structures. The ulcer may involve deep tissue necrosis and may appear as a large, deep crater with significant undermining.What is the relationship between pressure ulcer and oxidative stress?The relationship between pressure ulcers and oxidative stress is multifaceted and involves several interconnected pathways. Oxidative stress occurs when there is an imbalance between the production of reactive oxygen species (ROS) and the body’s antioxidant defenses, leading to cellular damage. Several factors related to pressure ulcers can contribute to oxidative stress:Ischemia-Reperfusion Injury: Prolonged pressure on the skin and underlying tissues reduces blood flow to the affected area, leading to tissue ischemia (lack of oxygen and nutrients). When pressure is relieved and blood flow is restored (reperfusion), it can lead to the generation of ROS and oxidative stress. This ischemia-reperfusion injury contributes to tissue damage and inflammation, exacerbating the progression of pressure ulcers.Inflammatory Response: Pressure ulcers trigger an inflammatory response in the affected tissues, characterized by the release of pro-inflammatory cytokines and activation of immune cells. Inflammatory processes can generate ROS and promote oxidative stress, which further contribute to tissue damage and impaired wound healing.Tissue Damage and Necrosis: Pressure ulcers cause mechanical damage to the skin and underlying tissues, resulting in cellular injury and necrosis (death of cells). Necrotic tissue releases ROS and inflammatory mediators, perpetuating oxidative stress and inflammation in the surrounding tissues.Impaired Wound Healing: Oxidative stress can impair various stages of the wound healing process, including inflammation, tissue regeneration, and remodeling. Excessive ROS production can disrupt the balance between collagen synthesis and degradation, leading to delayed wound healing and formation of chronic wounds such as pressure ulcers.Cellular Dysfunction: Oxidative stress can induce cellular dysfunction and apoptosis (programmed cell death) in the affected tissues, further compromising tissue viability and contributing to the pathogenesis of pressure ulcers.Underlying Conditions: Individuals at risk of pressure ulcers often have underlying health conditions such as diabetes, vascular disease, and immobility, which are associated with increased oxidative stress. These underlying conditions can exacerbate oxidative damage and impair the body’s ability to cope with pressure-induced tissue injury.",""
"Preterm Birth","Preterm BirthWhat is preterm birth?Preterm birth refers to the birth of a baby before 37 weeks of pregnancy have been completed. Normally, a pregnancy lasts about 40 weeks. Preterm birth is a significant public health issue worldwide and is a leading cause of infant mortality and long-term health problems.There are several categories of preterm birth:Moderate to Late Preterm Birth: Babies born between 32 and 37 weeks of gestation.Very Preterm Birth: Babies born between 28 and 32 weeks of gestation.Extremely Preterm Birth: Babies born before 28 weeks of gestation.Preterm birth can occur spontaneously, when labor starts naturally, or it can be induced by medical intervention due to maternal or fetal health concerns. Risk factors for preterm birth include:Previous preterm birth: Women who have had a preterm birth in the past are at higher risk of having another preterm birth.Multiple pregnancies: Twins, triplets, or more are at higher risk of preterm birth.Infections: Infections of the reproductive tract or other parts of the body can increase the risk of preterm birth.Chronic conditions: Chronic conditions such as high blood pressure, diabetes, and obesity can increase the risk of preterm birth.Smoking, drug use, or alcohol consumption during pregnancy: These substances can increase the risk of preterm birth.Poor prenatal care: Not receiving adequate prenatal care during pregnancy can increase the risk of preterm birth.Preterm birth can have serious health consequences for the baby, including respiratory distress syndrome, jaundice, infections, feeding difficulties, and long-term developmental delays. Babies born extremely preterm are at highest risk of complications and may require intensive medical care in a neonatal intensive care unit (NICU) to survive.What is the relationship between preterm birth and oxidative stress?The relationship between preterm birth and oxidative stress is complex and multifactorial, involving various biological mechanisms that contribute to the initiation and progression of preterm labor and delivery. While the exact role of oxidative stress in preterm birth is still being elucidated, several lines of evidence suggest that oxidative stress may play a significant role in the pathophysiology of preterm birth:Inflammation and Infection: Oxidative stress and inflammation are closely intertwined processes, with oxidative stress often triggering inflammatory responses and vice versa. In preterm birth, infections and inflammation are major contributors to the initiation of preterm labor. Oxidative stress induced by infections or inflammatory mediators can lead to damage to the fetal membranes, cervix, and uterine tissues, promoting uterine contractions and cervical ripening, which are characteristic features of preterm labor.Placental Dysfunction: The placenta plays a crucial role in maintaining a healthy pregnancy, and dysfunction of the placenta has been implicated in the pathogenesis of preterm birth. Oxidative stress can impair placental function by causing oxidative damage to placental tissues, compromising blood flow to the fetus, and altering the production of hormones and other signaling molecules involved in the regulation of uterine contractions and cervical ripening.Oxidative Damage to Membranes: The fetal membranes (amnion and chorion) play a key role in maintaining the integrity of the gestational sac and protecting the fetus from infection. Oxidative stress can cause damage to the fetal membranes, weakening their structure and integrity and increasing the risk of preterm rupture of membranes (PROM), which is a common precursor to preterm birth.Oxidative Stress in Myometrium: The myometrium, the muscular layer of the uterus, undergoes remodeling and activation during labor, leading to coordinated uterine contractions. Oxidative stress in the myometrium can disrupt the balance between contraction-promoting and relaxation-promoting factors, leading to increased uterine contractility and premature onset of labor.Antioxidant Defenses: Antioxidant enzymes and molecules play a crucial role in protecting cells and tissues from oxidative damage. Imbalances in antioxidant defenses and oxidative stress have been implicated in the pathogenesis of preterm birth. Decreased levels of antioxidants or impaired antioxidant enzyme activity may predispose pregnant women to oxidative stress-related complications, including preterm labor and birth.Overall, oxidative stress is thought to contribute to the initiation and progression of preterm birth through its effects on inflammation, placental function, fetal membranes, myometrial contractility, and antioxidant defenses.",""
"Psoriasis","PsoriasisPsoriasis and Hydrogen Water / Hydrogen TreatmentsPsoriasis is a chronic autoimmune skin condition characterized by patches of red, inflamed skin covered with silvery-white scales. It is a common disorder that affects the skin, nails, and sometimes joints. Psoriasis occurs when the immune system mistakenly attacks healthy skin cells, causing an overproduction of new skin cells. These excess skin cells accumulate on the surface of the skin, leading to the formation of thick, scaly patches known as plaques.The exact cause of psoriasis is not fully understood, but it is believed to involve a combination of genetic, environmental, and immune system factors. Risk factors for psoriasis include a family history of the condition, certain infections, stress, obesity, smoking, and certain medications.What is the relationship between psoriasis and oxidative stress?The relationship between psoriasis and oxidative stress is an area of active research, and while the exact mechanisms are not fully understood, there is evidence to suggest that oxidative stress may play a role in the pathogenesis of psoriasis.Inflammation: Oxidative stress can trigger and perpetuate inflammatory responses in the skin, which are characteristic features of psoriasis. Reactive oxygen species (ROS), which are highly reactive molecules containing oxygen, can activate inflammatory pathways and stimulate the production of pro-inflammatory cytokines and chemokines in the skin. These inflammatory mediators contribute to the development of psoriatic plaques and the recruitment of immune cells to the affected skin.Epidermal Hyperproliferation: Oxidative stress may promote the abnormal proliferation and differentiation of keratinocytes, the predominant cell type in the epidermis (outer layer of the skin), leading to the formation of thickened skin plaques characteristic of psoriasis. Oxidative stress-induced damage to DNA and other cellular components can disrupt normal cellular processes and signaling pathways involved in keratinocyte proliferation and differentiation.Impaired Antioxidant Defenses: Individuals with psoriasis may have impaired antioxidant defenses, leading to increased susceptibility to oxidative stress-induced damage. Antioxidant enzymes and molecules play a crucial role in protecting cells and tissues from oxidative damage by neutralizing ROS and other reactive molecules. Imbalances in antioxidant defenses and oxidative stress have been observed in the skin of individuals with psoriasis, suggesting that oxidative stress may contribute to the pathogenesis of the disease.Association with Comorbidities: Psoriasis is associated with an increased risk of various comorbidities, including cardiovascular disease, metabolic syndrome, and autoimmune disorders, which are also characterized by oxidative stress and inflammation. Oxidative stress may act as a common pathway linking psoriasis to these comorbidities, contributing to their pathogenesis and progression.Overall, while the exact role of oxidative stress in the development and progression of psoriasis is still being elucidated, evidence suggests that oxidative stress may contribute to the pathogenesis of the disease by promoting inflammation, epidermal hyperproliferation, and impaired antioxidant defenses.",""
"Psoriasis-Associated Arthritis","Psoriasis-Associated ArthritisWhat is psoriasis-associated arthritis?Psoriasis-associated arthritis, also known as psoriatic arthritis (PsA), is a type of inflammatory arthritis that affects some individuals with psoriasis, a chronic autoimmune skin condition characterized by red, scaly patches of skin. Psoriasis-associated arthritis is classified as a seronegative spondyloarthropathy, a group of conditions that share similar features and often involve inflammation of the spine and peripheral joints.Psoriatic arthritis can affect various parts of the body, including the joints, spine, tendons, and entheses (the sites where tendons or ligaments attach to bone). It is characterized by inflammation, pain, swelling, and stiffness in the joints, as well as other symptoms such as fatigue and nail changes. Psoriatic arthritis can vary widely in severity and may progress over time, leading to joint damage and functional impairment if left untreated.There are several distinct subtypes of psoriatic arthritis, each with its own pattern of joint involvement and clinical features:Symmetric arthritis: Involves symmetric involvement of joints, similar to rheumatoid arthritis. It typically affects multiple small joints in the hands and feet.Asymmetric arthritis: Involves inflammation of one or a few joints, which may occur in an asymmetric pattern. It commonly affects the fingers and toes but can involve any joint.Spondylitis: Involves inflammation of the spine and sacroiliac joints, leading to stiffness and pain in the lower back and buttocks. Spondylitis can also cause inflammation of the neck and upper back.Enthesitis: Involves inflammation of the entheses, leading to pain and tenderness at sites where tendons or ligaments attach to bone, such as the heel (Achilles tendon) or bottom of the foot (plantar fascia).Dactylitis: Involves inflammation of an entire digit, resulting in swelling of the entire finger or toe, giving it a sausage-like appearance.The exact cause of psoriatic arthritis is not fully understood, but it is believed to involve a combination of genetic, environmental, and immunological factors. Genetic predisposition plays a significant role, as psoriatic arthritis tends to run in families. Environmental factors such as infections, trauma, and stress may trigger or exacerbate the condition in susceptible individuals. Immunologically, psoriatic arthritis is characterized by dysregulation of the immune system, leading to inflammation and tissue damage in the joints and other affected tissues.What is the relationship between PsA and oxidative stress?The relationship between psoriasis-associated arthritis (PsA) and oxidative stress is an area of growing interest in research. Oxidative stress occurs when there is an imbalance between the production of reactive oxygen species (ROS) and the body’s antioxidant defenses, leading to cellular damage. Several factors related to PsA can contribute to oxidative stress, which may in turn exacerbate inflammation, tissue damage, and joint pathology:Inflammatory Pathways: PsA is characterized by chronic inflammation in the joints and surrounding tissues. Inflammatory processes generate ROS as byproducts, which can further perpetuate inflammation and oxidative stress. ROS can activate inflammatory signaling pathways, leading to the production of pro-inflammatory cytokines and chemokines, recruitment of immune cells, and tissue destruction.Immune Dysregulation: PsA is an autoimmune condition characterized by dysregulation of the immune system, resulting in abnormal activation of immune cells and production of autoantibodies. Immune dysregulation can lead to increased production of ROS by activated immune cells, such as neutrophils and macrophages, contributing to oxidative stress and tissue damage in the joints.Synovial Inflammation: In PsA, inflammation affects the synovium, the membrane lining the joints. Synovial inflammation is associated with increased ROS production and oxidative stress within the joint microenvironment. ROS can stimulate synoviocyte proliferation, induce expression of pro-inflammatory mediators, and promote cartilage and bone destruction.Mitochondrial Dysfunction: Mitochondria, the cellular organelles responsible for energy production, play a crucial role in regulating oxidative stress. Dysfunctional mitochondria can produce excessive ROS, leading to oxidative damage and cellular dysfunction. Mitochondrial dysfunction has been implicated in the pathogenesis of various rheumatic diseases, including PsA, and may contribute to oxidative stress in affected tissues.Environmental Triggers: Environmental factors such as smoking, pollution, and UV radiation can exacerbate oxidative stress in individuals with PsA. These environmental triggers can promote ROS production and impair antioxidant defenses, further contributing to oxidative damage and inflammation in the joints.Systemic Inflammation: PsA is associated with systemic inflammation, characterized by elevated levels of inflammatory markers in the blood and increased oxidative stress systemically. Systemic inflammation can contribute to endothelial dysfunction, oxidative damage to vascular tissues, and increased cardiovascular risk in individuals with PsA.",""
"Retinal Injury","Retinal InjuryWhat is retinal injury?Retinal injury refers to damage or trauma to the retina, which is the light-sensitive tissue lining the inner surface of the eye. The retina plays a crucial role in vision by capturing light and converting it into electrical signals that are sent to the brain through the optic nerve. Retinal injury can result from various causes, including:Physical Trauma: Direct trauma to the eye or head can cause retinal injury, such as a retinal tear or detachment. This can occur due to accidents, falls, or sports-related injuries.Ocular Diseases: Certain ocular diseases, such as diabetic retinopathy, age-related macular degeneration (AMD), retinal vein occlusion, and retinal detachment, can cause damage to the retina and lead to vision loss if left untreated.Infections: Infections of the eye, such as uveitis or endophthalmitis, can cause inflammation and damage to the retina.Vascular Disorders: Conditions affecting blood vessels in the retina, such as hypertensive retinopathy or retinal artery/vein occlusion, can impair blood flow to the retina and result in retinal injury.Toxicity: Exposure to certain toxins or medications, such as hydroxychloroquine, can cause retinal toxicity and damage.What is the relationship between retinal injury and oxidative stress?The relationship between retinal injury and oxidative stress is well-established, as oxidative stress plays a significant role in the pathogenesis and progression of various retinal diseases and injuries. The retina is highly susceptible to oxidative damage due to its high metabolic activity, exposure to light, and abundant presence of polyunsaturated fatty acids, which are vulnerable to oxidation.Inflammation and Immune Response: Retinal injury, whether from physical trauma, ocular diseases, or other insults, often triggers an inflammatory response in the retina. This inflammatory response can lead to the production of reactive oxygen species (ROS) and other reactive molecules by activated immune cells, exacerbating oxidative stress and causing further damage to retinal cells and tissues.Mitochondrial Dysfunction: Mitochondria, the energy-producing organelles within cells, are major sources of ROS in the retina. Disruption of mitochondrial function, which can occur in response to retinal injury, can lead to increased ROS production and oxidative stress. Mitochondrial dysfunction and oxidative stress contribute to retinal cell death and dysfunction in conditions such as age-related macular degeneration (AMD) and diabetic retinopathy.Lipid Peroxidation: Oxidative stress can induce lipid peroxidation, the oxidative degradation of lipids, in cell membranes of retinal cells. Lipid peroxidation products can further exacerbate oxidative damage and inflammation in the retina, leading to photoreceptor dysfunction, retinal degeneration, and vision loss.Antioxidant Defenses: The retina possesses antioxidant defense systems, including enzymes such as superoxide dismutase, catalase, and glutathione peroxidase, as well as non-enzymatic antioxidants like glutathione and vitamins C and E, which help neutralize ROS and protect against oxidative damage. However, in conditions of retinal injury or disease, antioxidant defenses may become overwhelmed or dysregulated, leading to increased oxidative stress and cellular damage.Blood-Retinal Barrier Dysfunction: Oxidative stress can disrupt the integrity of the blood-retinal barrier, a specialized structure that regulates the movement of molecules and cells between the bloodstream and the retina. Dysfunction of the blood-retinal barrier can lead to increased permeability, inflammation, and oxidative stress in the retina, contributing to the pathogenesis of retinal diseases such as diabetic retinopathy and retinal vein occlusion.Overall, oxidative stress plays a critical role in the development and progression of retinal injury and disease by promoting inflammation, mitochondrial dysfunction, lipid peroxidation, and blood-retinal barrier dysfunction.",""
"Retinal Vein Occlusion","Retinal Vein OcclusionWhat is Retinal Vein Occlusion (RVO)?Retinal vein occlusion (RVO) is a blockage or obstruction of one of the veins that carry blood away from the retina, the light-sensitive tissue at the back of the eye. This blockage can lead to a buildup of blood and fluid in the affected area, resulting in various degrees of vision loss and other complications.There are two main types of retinal vein occlusion:Central retinal vein occlusion (CRVO): This occurs when the main vein that drains blood from the entire retina, the central retinal vein, becomes blocked. CRVO can be further classified as non-ischemic (partial blockage) or ischemic (complete blockage).Branch retinal vein occlusion (BRVO): This occurs when one of the smaller branches of the central retinal vein becomes blocked. BRVO typically affects only a portion of the retina and may be less severe than CRVO.Retinal vein occlusion is often associated with risk factors such as hypertension (high blood pressure), diabetes mellitus, atherosclerosis (hardening of the arteries), hyperlipidemia (high cholesterol), glaucoma, and other systemic vascular diseases. Additionally, factors such as age, smoking, and certain blood clotting disorders may increase the risk of developing retinal vein occlusion.What is the relationship between RVO and oxidative stress?The relationship between retinal vein occlusion (RVO) and oxidative stress is an area of active research, and while the exact mechanisms are not fully understood, oxidative stress is believed to play a significant role in the pathogenesis and progression of RVO. Oxidative stress occurs when there is an imbalance between the production of reactive oxygen species (ROS) and the body’s antioxidant defenses, leading to cellular damage. Several factors related to RVO can contribute to oxidative stress in the retina:Ischemia-Reperfusion Injury: The blockage or obstruction of retinal veins in RVO leads to ischemia (lack of oxygen) in the affected areas of the retina. When blood flow is restored (reperfusion) following treatment or spontaneous resolution of the occlusion, it can lead to the generation of ROS and oxidative stress. Ischemia-reperfusion injury contributes to tissue damage, inflammation, and oxidative stress in the retina, exacerbating damage to retinal cells and structures.Inflammatory Response: RVO triggers an inflammatory response in the retina, characterized by the release of pro-inflammatory cytokines and activation of immune cells. Inflammatory processes can generate ROS and promote oxidative stress, which further contribute to retinal damage and dysfunction. Chronic inflammation associated with RVO can perpetuate oxidative stress and exacerbate retinal injury over time.Endothelial Dysfunction: Endothelial dysfunction, characterized by impaired function of the cells lining the blood vessels, is a common feature of RVO. Endothelial dysfunction can lead to increased production of ROS and decreased bioavailability of nitric oxide, a key regulator of vascular tone and function. ROS generated by dysfunctional endothelial cells can further exacerbate oxidative stress and contribute to vascular damage and dysfunction in the retina.Mitochondrial Dysfunction: Mitochondria, the cellular organelles responsible for energy production, play a crucial role in regulating oxidative stress. Dysfunction of retinal mitochondria can lead to excessive ROS production, oxidative damage to cellular components, and impaired cellular metabolism. Mitochondrial dysfunction has been implicated in the pathogenesis of various retinal diseases, including RVO, and may contribute to oxidative stress and retinal injury in affected individuals.Risk Factors and Comorbidities: Several risk factors and comorbidities associated with RVO, such as hypertension, diabetes mellitus, hyperlipidemia, and atherosclerosis, are known to increase oxidative stress systemically and within the retina. These systemic factors can contribute to vascular dysfunction, inflammation, and oxidative stress, further exacerbating retinal damage and dysfunction in individuals with RVO.",""
"Retinitis Pigmentosa","Retinitis PigmentosaWhat is Retinitis Pigmentosa (RP)?Retinitis pigmentosa (RP) is a group of inherited eye disorders characterized by progressive degeneration of the retina, the light-sensitive tissue located at the back of the eye. RP primarily affects the rod and cone photoreceptor cells in the retina, leading to gradual loss of vision over time. The condition typically begins in childhood or adolescence and progresses slowly, although the rate of progression can vary widely among affected individuals.What is the relationship between RP and oxidative stress?The relationship between retinitis pigmentosa (RP) and oxidative stress is an area of active research, and while the exact mechanisms are not fully understood, oxidative stress is believed to play a significant role in the pathogenesis and progression of the disease. Oxidative stress occurs when there is an imbalance between the production of reactive oxygen species (ROS) and the body’s antioxidant defenses, leading to cellular damage. Several factors related to RP can contribute to oxidative stress in the retina:Metabolic Dysfunction: Photoreceptor cells in the retina have high metabolic activity and are exposed to significant oxidative stress due to exposure to light and oxygen. Dysfunction of the metabolic pathways in photoreceptor cells, which can occur in RP, can lead to increased production of ROS and oxidative stress.Impaired Antioxidant Defense Mechanisms: The retina has a complex system of antioxidant defense mechanisms to neutralize ROS and protect against oxidative damage. Defects in these antioxidant systems, such as decreased levels of antioxidant enzymes or impaired recycling of antioxidants, can compromise the ability of the retina to counteract oxidative stress in RP.Mitochondrial Dysfunction: Mitochondria, the cellular organelles responsible for energy production, play a crucial role in regulating oxidative stress. Dysfunction of retinal mitochondria, which has been observed in RP, can lead to excessive production of ROS, oxidative damage to cellular components, and impaired cellular metabolism. Mitochondrial dysfunction may contribute to oxidative stress and retinal degeneration in RP.Inflammation and Immune Activation: RP is associated with chronic inflammation and immune activation in the retina, characterized by the infiltration of immune cells and the release of pro-inflammatory cytokines and chemokines. Inflammatory processes can generate ROS and promote oxidative stress, which further contribute to retinal damage and dysfunction in RP.Exposure to Light: Photoreceptor cells in the retina are exposed to high levels of light, which can generate ROS through photochemical reactions. Individuals with RP may be particularly susceptible to light-induced oxidative stress due to the loss of photoreceptor cells and the accumulation of lipofuscin, a byproduct of photoreceptor metabolism that can promote oxidative damage.",""
"Rhabdomyolysis","RhabdomyolysisWhat is rhabdomyolysis?Rhabdomyolysis is a serious medical condition characterized by the breakdown of skeletal muscle tissue, resulting in the release of muscle cell contents into the bloodstream. This release includes substances such as myoglobin, creatine kinase (CK), electrolytes (such as potassium and phosphate), and other intracellular proteins. When these substances are released into the bloodstream in excessive amounts, they can cause various complications, including kidney damage, electrolyte imbalances, and potentially life-threatening complications.The breakdown of muscle tissue in rhabdomyolysis can occur due to various causes, including:Trauma or Crush Injuries: Traumatic injuries, such as car accidents, falls, or crush injuries, can directly damage skeletal muscle tissue and lead to rhabdomyolysis.Prolonged Immobilization: Prolonged immobilization or pressure on muscles, such as in cases of prolonged lying or sitting in one position (e.g., during prolonged surgeries or coma), can lead to muscle breakdown.Extreme Physical Exertion: Intense physical activity or exertion, especially in untrained individuals or during extreme conditions such as heatstroke or marathon running, can lead to muscle breakdown and rhabdomyolysis.Drug or Medication Use: Certain drugs and medications, including statins (used to lower cholesterol), certain antipsychotic medications, and recreational drugs such as cocaine and amphetamines, can cause rhabdomyolysis as a side effect.Infections: Severe infections, such as influenza, sepsis, or viral myositis, can trigger an inflammatory response that leads to muscle breakdown and rhabdomyolysis.What is the relationship between rhabdomyolysis and oxidative stress?The relationship between rhabdomyolysis and oxidative stress is multifaceted, as the process of muscle breakdown in rhabdomyolysis can lead to the generation of reactive oxygen species (ROS) and oxidative stress. Several mechanisms contribute to oxidative stress in rhabdomyolysis:Ischemia-Reperfusion Injury: During rhabdomyolysis, the breakdown of muscle tissue can lead to local ischemia (lack of oxygen) in the affected muscles. When blood flow is restored (reperfusion), it can result in the generation of ROS and oxidative stress, contributing to tissue damage and inflammation.Inflammatory Response: Rhabdomyolysis triggers an inflammatory response in the affected muscles, characterized by the release of pro-inflammatory cytokines and recruitment of immune cells. Inflammatory processes can generate ROS and promote oxidative stress, which further exacerbates tissue damage and dysfunction.Myoglobin Toxicity: Myoglobin, a protein found in muscle tissue, is released into the bloodstream during rhabdomyolysis. Myoglobin can be toxic to the kidneys and other tissues, and its breakdown can lead to the production of ROS and oxidative stress. The heme group of myoglobin can undergo redox cycling, leading to the generation of ROS such as hydrogen peroxide and superoxide radicals.Electrolyte Imbalance: Rhabdomyolysis can result in electrolyte imbalances, particularly hyperkalemia (elevated potassium levels) and hypocalcemia (low calcium levels). These electrolyte disturbances can promote oxidative stress and contribute to tissue injury and dysfunction.Mitochondrial Dysfunction: Rhabdomyolysis can lead to mitochondrial dysfunction in muscle cells, impairing cellular metabolism and increasing ROS production. Dysfunctional mitochondria may produce excessive ROS, leading to oxidative damage to cellular components and further exacerbating tissue injury.Reactive Nitrogen Species (RNS): In addition to ROS, rhabdomyolysis can lead to the generation of reactive nitrogen species (RNS), such as nitric oxide and peroxynitrite, which can contribute to oxidative stress and tissue damage.Overall, oxidative stress plays a significant role in the pathogenesis and progression of rhabdomyolysis, contributing to tissue injury, inflammation, and organ dysfunction.",""
"Rheumatoid Arthritis","Rheumatoid ArthritisRheumatoid Arthritis (RA)and Hydrogen Water – Hydrogen Treatments and Therapy ResearchRheumatoid arthritis (RA) is a chronic autoimmune inflammatory disorder that primarily affects the joints. In RA, the body’s immune system mistakenly attacks the synovium, the lining of the membranes that surround the joints, causing inflammation and thickening of the synovium. This chronic inflammation leads to joint damage, pain, stiffness, swelling, and loss of function over time.RA can affect multiple joints throughout the body, but it most commonly affects the small joints of the hands, wrists, and feet. However, larger joints such as the knees, shoulders, and hips can also be affected. In addition to joint symptoms, RA can also cause systemic manifestations, including fatigue, fever, weight loss, and overall malaise.The exact cause of rheumatoid arthritis is not fully understood, but it is believed to involve a combination of genetic, environmental, and hormonal factors. Certain genetic factors may predispose individuals to developing RA, while environmental triggers such as infections, smoking, and exposure to certain pollutants may also play a role in triggering the immune response that leads to inflammation in the joints.What is the relationship between RA and oxidative stress?The relationship between rheumatoid arthritis (RA) and oxidative stress is complex and multifaceted. Oxidative stress, which refers to an imbalance between the production of reactive oxygen species (ROS) and the body’s ability to detoxify or neutralize them, is known to play a significant role in the pathogenesis and progression of RA. Several factors contribute to oxidative stress in RA:Inflammation: Chronic inflammation is a hallmark feature of RA and is associated with increased production of ROS by activated immune cells, such as macrophages and neutrophils, within the inflamed synovial tissue. These ROS can cause damage to joint tissues, including cartilage, bone, and synovium, contributing to the progression of joint damage and deformity in RA.Mitochondrial Dysfunction: Mitochondria, the energy-producing organelles within cells, are major sources of ROS. In RA, mitochondrial dysfunction may occur in various cell types, including immune cells and synovial fibroblasts, leading to increased ROS production and oxidative stress. Mitochondrial dysfunction can further exacerbate inflammation and tissue damage in RA.Dysregulated Antioxidant Defenses: Antioxidant enzymes and molecules, such as superoxide dismutase, catalase, glutathione peroxidase, and vitamins C and E, play a crucial role in neutralizing ROS and protecting cells from oxidative damage. However, in RA, antioxidant defenses may become overwhelmed or dysregulated, leading to increased oxidative stress and cellular damage.Protein and Lipid Oxidation: Oxidative stress in RA can result in the oxidation of proteins and lipids within joint tissues, leading to structural and functional changes that contribute to joint damage and inflammation. Protein oxidation can alter the function of enzymes and signaling molecules involved in inflammatory pathways, while lipid oxidation can disrupt cell membranes and promote the release of pro-inflammatory mediators.DNA Damage: ROS can also cause damage to DNA within joint cells, leading to genetic mutations and dysregulation of gene expression. DNA damage and oxidative stress-induced epigenetic changes may contribute to the perpetuation of inflammation and tissue damage in RA.Overall, oxidative stress is intimately linked to the pathogenesis and progression of RA, contributing to inflammation, tissue damage, and joint destruction in the disease.",""
"Rhinitis","RhinitisWhat is rhinitis?Rhinitis is a medical term used to describe inflammation of the mucous membranes lining the nose. It is commonly referred to as “runny nose” or “nasal congestion”. Rhinitis can be caused by various factors, including allergies, infections, irritants, and hormonal changes.Rhinitis can be classified into several types based on its cause and duration:Allergic Rhinitis: Also known as hay fever, allergic rhinitis is triggered by allergens such as pollen, dust mites, pet dander, or mold spores. Symptoms typically occur seasonally or year-round, depending on the specific allergen.Non-Allergic Rhinitis: This type of rhinitis is not caused by allergies but may be triggered by irritants such as smoke, strong odors, changes in temperature or humidity, or hormonal fluctuations. Non-allergic rhinitis can also be associated with certain medications or underlying medical conditions.Infectious Rhinitis: Also known as the common cold, infectious rhinitis is caused by viral infections such as the rhinovirus. Symptoms may include nasal congestion, runny nose, sore throat, cough, and fatigue. Infectious rhinitis is typically self-limiting and resolves within a week or two.Vasomotor Rhinitis: This type of rhinitis is characterized by nasal congestion and runny nose triggered by non-allergic factors such as changes in weather, temperature, or humidity, as well as strong odors or emotional stress.What is the relationship between rhinitis and oxidative stress?The relationship between rhinitis and oxidative stress has been studied, particularly in allergic rhinitis (AR), where oxidative stress is believed to play a role in the pathogenesis and exacerbation of symptoms.Inflammation and Oxidative Stress: Allergic rhinitis is characterized by inflammation of the nasal mucosa in response to allergens such as pollen, dust mites, or pet dander. This inflammatory response involves the release of various inflammatory mediators, including cytokines, chemokines, and histamine. These mediators can stimulate the production of reactive oxygen species (ROS) by immune cells such as eosinophils and neutrophils, leading to oxidative stress in the nasal mucosa.Airway Remodeling: Prolonged exposure to allergens and chronic inflammation in allergic rhinitis can lead to structural changes in the nasal mucosa, a process known as airway remodeling. Oxidative stress has been implicated in airway remodeling processes such as epithelial cell damage, fibroblast proliferation, collagen deposition, and smooth muscle hypertrophy. These changes can contribute to nasal congestion, nasal hyperreactivity, and impaired nasal function in allergic rhinitis.Antioxidant Defenses: The nasal mucosa possesses antioxidant defense mechanisms to counteract oxidative stress and maintain redox balance. However, in allergic rhinitis, the antioxidant defense system may be overwhelmed or dysregulated, leading to increased oxidative damage.",""
"Rhinosinusitis","RhinosinusitisWhat is rhinosinusitis?Rhinosinusitis, also known as sinusitis, is a condition characterized by inflammation of the mucous membranes lining the nasal passages and sinuses. The sinuses are air-filled cavities located within the bones of the skull around the nose and eyes. Rhinosinusitis can be acute or chronic and may result from various causes, including infections, allergies, structural abnormalities, or underlying medical conditions.Acute rhinosinusitis typically develops following a viral upper respiratory infection, such as the common cold, and is characterized by sudden onset symptoms that last for less than 12 weeks. Chronic rhinosinusitis, on the other hand, persists for 12 weeks or longer and may be associated with persistent inflammation, recurrent infections, or structural abnormalities of the sinuses.What is the relationship between rhinosinusitis and oxidative stress?The relationship between rhinosinusitis and oxidative stress is a topic of ongoing research, particularly in chronic rhinosinusitis (CRS), where oxidative stress has been implicated in the pathogenesis and progression of the disease. Oxidative stress refers to an imbalance between the production of reactive oxygen species (ROS) and the body’s ability to neutralize them with antioxidants, leading to cellular damage and inflammation. Several mechanisms may link oxidative stress to the development and exacerbation of rhinosinusitis:Inflammation: Chronic rhinosinusitis is characterized by persistent inflammation of the nasal and sinus mucosa. Inflammatory cells, such as neutrophils, eosinophils, and macrophages, release ROS as part of the immune response to pathogens or allergens. Excessive ROS production can lead to oxidative stress, which further amplifies the inflammatory cascade, exacerbating tissue damage and inflammation in the sinuses and nasal passages.Epithelial Dysfunction: The nasal and sinus epithelium serves as a barrier against environmental insults, pathogens, and allergens. Oxidative stress can disrupt the integrity of the epithelial barrier, impairing its function and allowing for increased penetration of allergens, toxins, and pathogens into the underlying tissues. Epithelial dysfunction contributes to increased susceptibility to infections, prolonged inflammation, and tissue remodeling in chronic rhinosinusitis.Mucociliary Clearance: The mucociliary clearance system plays a crucial role in removing mucus, debris, and pathogens from the nasal and sinus cavities. Oxidative stress can impair mucociliary function by damaging cilia, reducing ciliary beat frequency, and altering the composition and viscosity of mucus. Impaired mucociliary clearance leads to mucus stasis, bacterial overgrowth, and recurrent infections, exacerbating the symptoms of rhinosinusitis.Antioxidant Defenses: Antioxidant enzymes and molecules, such as superoxide dismutase, catalase, glutathione peroxidase, and vitamins C and E, help neutralize ROS and protect cells from oxidative damage. In chronic rhinosinusitis, the antioxidant defense system may be overwhelmed or dysregulated, leading to increased oxidative stress and tissue injury.",""
"Seizure","SeizureWhat is seizure?A seizure is a sudden, uncontrolled electrical disturbance in the brain that can cause changes in behavior, movements, feelings, or levels of consciousness. Seizures can vary widely in their presentation and severity, ranging from brief episodes of staring or confusion to convulsions and loss of consciousness.During a seizure, the normal electrical activity of the brain is disrupted, leading to abnormal synchronized firing of neurons. This abnormal electrical activity can spread rapidly throughout the brain, causing various symptoms depending on the area of the brain affected.Seizures are classified into two main types:Generalized Seizures: Generalized seizures involve abnormal electrical activity throughout the entire brain from the onset of the seizure. They can cause loss of consciousness and may involve convulsive movements such as tonic-clonic (formerly known as grand mal) seizures, in which the person experiences stiffening (tonic phase) followed by jerking movements (clonic phase). Other types of generalized seizures include absence seizures (formerly known as petit mal), myoclonic seizures, and atonic seizures.Partial (Focal) Seizures: Partial seizures originate in a specific area of the brain and may or may not spread to involve the entire brain. These seizures can be further classified into simple partial seizures, which do not cause loss of consciousness, and complex partial seizures, which may result in altered consciousness or impaired awareness. Depending on the area of the brain affected, partial seizures can cause various symptoms such as abnormal movements, sensory disturbances, emotional changes, or cognitive impairment.What is the relationship between seizure and oxidative stress?The relationship between seizures and oxidative stress is complex and multifaceted. Oxidative stress refers to an imbalance between the production of reactive oxygen species (ROS) and the body’s ability to detoxify them or repair the resulting damage. Several lines of evidence suggest that oxidative stress may contribute to the pathophysiology of seizures and epilepsy:Increased ROS Production During Seizures: Seizures are associated with increased metabolic activity and excitatory neurotransmitter release in the brain, which can lead to the generation of ROS and reactive nitrogen species (RNS). These reactive species can damage cellular components such as lipids, proteins, and DNA, contributing to neuronal injury and cell death.Mitochondrial Dysfunction: Mitochondria are the primary producers of ROS within cells and are also vulnerable to oxidative damage.",""
"Sensorineural Hearing Loss","Sensorineural Hearing LossWhat is Sensorineural Hearing Loss (SNHL)?Sensorineural hearing loss (SNHL) is a type of hearing loss that occurs due to damage to the inner ear (cochlea) or the auditory nerve pathways in the brain. This type of hearing loss can result from various factors, including age-related changes, exposure to loud noises, genetics, certain medical conditions, and ototoxic medications.Here’s how SNHL typically occurs:Cochlear Damage: The cochlea is a spiral-shaped structure in the inner ear responsible for converting sound vibrations into electrical signals that are transmitted to the brain. Damage to the hair cells within the cochlea, which are responsible for detecting sound and transmitting auditory signals to the brain, can lead to SNHL. This damage may result from factors such as aging, exposure to loud noises (noise-induced hearing loss), infections, or ototoxic medications (medications that can damage the inner ear).Auditory Nerve Damage: The auditory nerve, also known as the cochlear nerve, carries electrical signals from the cochlea to the brain, where they are processed and interpreted as sound. Damage to the auditory nerve pathways, either within the cochlea or along the auditory nerve itself, can disrupt the transmission of auditory signals to the brain, resulting in SNHL. This type of nerve damage may occur due to conditions such as acoustic neuroma (a noncancerous tumor of the auditory nerve), multiple sclerosis, or head trauma.What is the relationship between SNHL and oxidative stress?The relationship between sensorineural hearing loss (SNHL) and oxidative stress is an area of ongoing research, and while the exact mechanisms are not fully understood, oxidative stress is believed to play a significant role in the pathogenesis and progression of SNHL. Oxidative stress occurs when there is an imbalance between the production of reactive oxygen species (ROS) and the body’s antioxidant defenses, leading to cellular damage. Several factors related to SNHL can contribute to oxidative stress in the inner ear:Noise-Induced Hearing Loss: Exposure to loud noises, a common cause of SNHL, can lead to the generation of ROS in the cochlea. Noise exposure can disrupt cellular metabolism and mitochondrial function in the hair cells of the cochlea, leading to increased production of ROS and oxidative stress. ROS can damage cellular structures, including lipids, proteins, and DNA, leading to cell death and permanent hearing loss.Age-Related Hearing Loss: Age-related changes in the inner ear, known as presbycusis, are characterized by gradual degeneration of hair cells, loss of cochlear function, and decreased auditory nerve function. These age-related changes can lead to increased oxidative stress in the inner ear, as aging is associated with decreased antioxidant defenses and increased susceptibility to oxidative damage. Oxidative stress may exacerbate age-related degenerative changes in the cochlea and contribute to the development of SNHL.Ototoxic Medications: Certain medications, known as ototoxic medications, can damage the hair cells in the cochlea and contribute to SNHL. Ototoxic medications may induce oxidative stress in the inner ear through various mechanisms, including disruption of mitochondrial function, activation of inflammatory pathways, and generation of ROS. Oxidative stress induced by ototoxic medications can lead to cellular damage and apoptosis (programmed cell death) in the cochlea, resulting in hearing loss.Ischemia and Hypoxia: Reduced blood flow to the inner ear, as occurs in ischemia or hypoxia, can lead to mitochondrial dysfunction and impaired cellular metabolism. Ischemia and hypoxia can disrupt cellular energy production and increase ROS production in the cochlea, leading to oxidative stress and damage to hair cells and auditory nerve fibers. Ischemia-reperfusion injury, which occurs when blood flow is restored to ischemic tissue, can further exacerbate oxidative stress and tissue damage in the inner ear.Inflammatory Processes: Inflammation in the inner ear, triggered by factors such as infections, autoimmune diseases, or exposure to ototoxic agents, can lead to the release of pro-inflammatory cytokines and activation of immune cells. Inflammatory processes can generate ROS and exacerbate oxidative stress in the cochlea, contributing to cellular damage and SNHL.",""
"Sepsis","SepsisSepsis and Hydrogen Water – Hydrogen Treatments and Therapy ResearchSepsis is a severe and potentially life-threatening condition that occurs when the body’s response to an infection triggers a widespread inflammatory reaction throughout the body. It can lead to organ dysfunction, shock, and death if not promptly treated. Sepsis can affect people of all ages, but it is most common and dangerous in older adults, infants, and individuals with weakened immune systems.The process of sepsis typically begins with an infection caused by bacteria, viruses, fungi, or parasites. Common sources of infection include pneumonia, urinary tract infections, abdominal infections (such as appendicitis or diverticulitis), skin infections, and bloodstream infections (bacteremia). When the immune system detects the presence of pathogens, it mounts a response to fight the infection. However, in some cases, the immune response becomes dysregulated, leading to systemic inflammation and tissue damage.Sepsis can progress to severe sepsis or septic shock if left untreated. Severe sepsis occurs when there is evidence of organ dysfunction or tissue hypoperfusion, while septic shock is characterized by profound hypotension despite adequate fluid resuscitation. Both conditions are medical emergencies and require immediate intervention.What is the relationship between sepsis and oxidative stress?The relationship between sepsis and oxidative stress is significant and plays a crucial role in the pathophysiology of sepsis-induced organ dysfunction and tissue injury. Oxidative stress refers to an imbalance between the production of reactive oxygen species (ROS) and the body’s antioxidant defense mechanisms, leading to cellular damage and dysfunction. Several mechanisms contribute to oxidative stress during sepsis:Immune Response: Sepsis triggers a systemic inflammatory response as the body attempts to combat the infection. Inflammatory cells, such as neutrophils and macrophages, produce ROS as part of the immune defense mechanism to destroy invading pathogens. However, excessive ROS production can overwhelm antioxidant defenses and lead to oxidative damage to surrounding tissues.Mitochondrial Dysfunction: Sepsis disrupts mitochondrial function, leading to impaired cellular respiration and ATP production. Dysfunction of the electron transport chain within mitochondria results in the leakage of electrons, leading to the generation of ROS. Additionally, mitochondrial DNA damage and release of mitochondrial components into the cytoplasm contribute to ROS production and exacerbate oxidative stress.Endothelial Dysfunction: Sepsis-induced endothelial dysfunction contributes to microvascular dysfunction, increased vascular permeability, and tissue hypoperfusion. ROS-mediated injury to endothelial cells disrupts nitric oxide (NO) signaling, leading to vasoconstriction, platelet aggregation, and leukocyte adhesion. These processes further impair tissue perfusion and exacerbate organ dysfunction.Antioxidant Depletion: Sepsis leads to the depletion of endogenous antioxidants, such as glutathione, superoxide dismutase, and catalase, due to increased ROS production and decreased antioxidant enzyme activity. This imbalance between ROS generation and antioxidant defense mechanisms results in oxidative stress and cellular damage.Activation of Inflammatory Pathways: Inflammatory mediators released during sepsis, such as tumor necrosis factor-alpha (TNF-alpha), interleukin-1 (IL-1), and interleukin-6 (IL-6), can activate intracellular signaling pathways that promote ROS production and oxidative stress. Activation of nuclear factor-kappa B (NF-kB) and mitogen-activated protein kinase (MAPK) pathways leads to the upregulation of ROS-generating enzymes and downregulation of antioxidant genes, further exacerbating oxidative stress.Tissue Injury and Organ Dysfunction: Oxidative stress-induced damage to cellular components, including lipids, proteins, and DNA, contributes to tissue injury and organ dysfunction in sepsis. ROS-mediated lipid peroxidation, protein oxidation, and DNA damage disrupt cellular function and integrity, leading to cell death, organ dysfunction, and multi-organ failure.Overall, oxidative stress plays a central role in the pathophysiology of sepsis and contributes to the development of sepsis-induced organ dysfunction and tissue injury.",""
"Shingles","ShinglesShingles and Hydrogen Water – Hydrogen Therapy TreatmentsShingles, also known as herpes zoster, is a viral infection caused by the varicella-zoster virus (VZV), which is the same virus that causes chickenpox. After a person has had chickenpox, the virus remains dormant in the nerve cells near the spinal cord and can reactivate later in life, causing shingles.The reactivation of the varicella-zoster virus typically occurs when the immune system becomes weakened or compromised due to factors such as aging, stress, illness, or certain medications. As the virus reactivates, it travels along the sensory nerves to the skin, where it causes a painful rash typically localized to one side of the body or face.What is the relationship between shingles and oxidative stress?The relationship between shingles (herpes zoster) and oxidative stress involves a complex interplay between the immune system, viral replication, inflammation, and oxidative damage. Here are some key points about their relationship:Immune Response: During a shingles outbreak, the immune system responds to the reactivation of the varicella-zoster virus (VZV) by triggering an inflammatory response. Immune cells release cytokines and chemokines to combat the virus, leading to the recruitment of immune cells to the affected area. This immune response generates reactive oxygen species (ROS) and reactive nitrogen species (RNS) as part of the antimicrobial defense mechanism.Viral Replication: The replication of VZV during a shingles outbreak can contribute to oxidative stress. Viral replication requires energy and resources from host cells, which can lead to mitochondrial dysfunction and the generation of ROS as byproducts of cellular metabolism. Additionally, VZV infection can induce oxidative stress in host cells through various mechanisms, including the activation of inflammatory pathways and disruption of cellular redox balance.Inflammation: Inflammation plays a central role in the pathogenesis of shingles and can contribute to oxidative stress. The release of pro-inflammatory cytokines and chemokines during the immune response to VZV infection activates oxidative stress pathways, leading to the production of ROS and oxidative damage to tissues. Chronic inflammation associated with shingles can further exacerbate oxidative stress and tissue injury.Tissue Damage: Oxidative stress resulting from shingles infection can cause damage to cellular components such as lipids, proteins, and DNA. ROS and RNS can oxidize lipids in cell membranes, leading to membrane damage and cell death. Oxidative modification of proteins can impair their function and disrupt cellular signaling pathways. DNA damage induced by oxidative stress can contribute to genomic instability and cell dysfunction.Complications: Oxidative stress associated with shingles infection may contribute to the development of complications such as postherpetic neuralgia (PHN), a persistent pain condition that can occur after the acute phase of shingles resolves. Oxidative damage to nerves and neurons may play a role in the pathogenesis of PHN by sensitizing pain pathways and impairing nerve function.Overall, oxidative stress is intertwined with the pathophysiology of shingles and can influence disease progression, tissue damage, and the development of complications.",""
"Shock","ShockWhat is shock?Shock is a critical medical condition characterized by a severe decrease in blood flow throughout the body. This reduction in blood flow deprives organs and tissues of oxygen and vital nutrients, leading to cellular dysfunction and, if left untreated, organ failure and death. Shock is a medical emergency that requires prompt intervention to restore adequate blood flow and prevent irreversible damage.There are several types of shock, each with different underlying causes and manifestations:Hypovolemic Shock: This type of shock occurs when there is a significant loss of blood or fluids from the body, such as from severe bleeding, dehydration, or fluid loss due to burns. Hypovolemic shock leads to a decrease in circulating blood volume, resulting in reduced cardiac output and inadequate tissue perfusion.Cardiogenic Shock: Cardiogenic shock occurs when the heart is unable to pump enough blood to meet the body’s needs, typically due to conditions such as heart attack (myocardial infarction), severe heart failure, or cardiac arrhythmias. In cardiogenic shock, impaired cardiac function results in decreased cardiac output and systemic hypoperfusion.Distributive Shock: Distributive shock is characterized by abnormal distribution of blood flow within the body, leading to inadequate tissue perfusion despite normal or increased cardiac output. Types of distributive shock include septic shock, anaphylactic shock, and neurogenic shock, each with distinct underlying mechanisms.Obstructive Shock: Obstructive shock occurs when there is physical obstruction to blood flow within the circulatory system, preventing adequate perfusion of tissues. Examples include pulmonary embolism (blockage of blood flow to the lungs), cardiac tamponade (compression of the heart by fluid or blood), and tension pneumothorax (accumulation of air in the pleural space, causing lung collapse and impaired cardiac function).What is the relationship between shock and oxidative stress?The relationship between shock and oxidative stress involves complex interplay between systemic inflammation, tissue hypoxia, and cellular dysfunction. When the body undergoes shock, whether it be hypovolemic, cardiogenic, distributive, or obstructive, various physiological responses occur that can lead to oxidative stress. Here’s how shock and oxidative stress are interconnected:Ischemia-Reperfusion Injury: In shock, there is often a disruption in blood flow to tissues, resulting in ischemia (lack of blood supply) and subsequent reperfusion (restoration of blood flow). The reperfusion phase, while necessary to deliver oxygen and nutrients to tissues, can paradoxically exacerbate tissue injury due to the production of reactive oxygen species (ROS) and reactive nitrogen species (RNS). Ischemia-reperfusion injury occurs when oxygen-starved tissues are suddenly exposed to oxygen-rich blood, leading to oxidative stress and damage to cellular structures.Inflammatory Response: Shock triggers a systemic inflammatory response characterized by the release of pro-inflammatory cytokines and chemokines. Inflammation and oxidative stress are closely linked, as inflammatory mediators can activate pathways that induce the production of ROS and RNS within cells. Oxidative stress further amplifies inflammation, creating a vicious cycle that contributes to tissue damage and organ dysfunction.Mitochondrial Dysfunction: Shock disrupts cellular metabolism and mitochondrial function, leading to the generation of ROS within mitochondria. Mitochondria are both a source and a target of oxidative stress during shock. Dysfunction of these organelles can impair cellular energy production, exacerbate oxidative stress, and contribute to cellular injury and apoptosis (programmed cell death).Endothelial Dysfunction: Shock-induced oxidative stress can damage the endothelial cells that line blood vessels, leading to endothelial dysfunction. Endothelial dysfunction impairs vascular tone regulation, promotes blood clot formation, and exacerbates inflammation. Dysfunction of the endothelium can further exacerbate oxidative stress by disrupting the balance between vasodilators and vasoconstrictors and increasing the production of ROS.Organ Damage: Oxidative stress plays a central role in the pathogenesis of organ damage and dysfunction during shock. ROS and RNS can directly damage cellular components such as lipids, proteins, and DNA, leading to tissue injury and dysfunction. Organs particularly vulnerable to oxidative stress during shock include the heart, lungs, kidneys, and liver.Overall, the relationship between shock and oxidative stress is bidirectional and contributes to the pathophysiology of shock-related organ dysfunction and mortality.",""
"Sleep Apnea","Sleep ApneaSleep Apneaand Hydrogen Water – Hydrogen Treatments and Therapy ResearchSleep apnea is a sleep disorder characterized by pauses in breathing or shallow breaths during sleep. These pauses can last from a few seconds to minutes and may occur multiple times throughout the night. Sleep apnea can disrupt normal sleep patterns and lead to symptoms such as daytime fatigue, excessive daytime sleepiness, and irritability.There are two main types of sleep apnea:Obstructive Sleep Apnea (OSA): This is the most common form of sleep apnea and occurs when the muscles in the throat relax excessively during sleep, causing the airway to collapse or become blocked. As a result, airflow is restricted or completely blocked, leading to pauses in breathing (apneas) or shallow breathing (hypopneas). OSA is often associated with snoring, choking, or gasping sounds during sleep.Central Sleep Apnea (CSA): In central sleep apnea, the brain fails to send proper signals to the muscles that control breathing during sleep. This results in a lack of effort to breathe, leading to pauses in breathing. CSA is less common than OSA and is often associated with medical conditions such as heart failure, stroke, or neurological disorders.Risk factors for sleep apnea include obesity, male gender, older age, family history of sleep apnea, smoking, and nasal congestion. Untreated sleep apnea can have serious consequences, including increased risk of cardiovascular disease, hypertension, stroke, diabetes, and accidents due to daytime sleepiness.What is the relationship between sleep apnea and oxidative stress?The relationship between sleep apnea and oxidative stress is multifaceted and involves complex interactions between intermittent hypoxia, inflammation, and oxidative damage. Here’s how sleep apnea contributes to oxidative stress:Intermittent Hypoxia: In obstructive sleep apnea (OSA), repeated episodes of partial or complete obstruction of the upper airway lead to intermittent hypoxia (decreased oxygen levels) during sleep. These cycles of hypoxia followed by reoxygenation result in oxidative stress. When oxygen levels drop, cells undergo a state of ischemia-reperfusion, where tissues are deprived of oxygen followed by a sudden influx of oxygen upon resumption of airflow. This process leads to the generation of reactive oxygen species (ROS) and reactive nitrogen species (RNS), which contribute to oxidative damage to cellular structures.Inflammation: Sleep apnea is associated with chronic low-grade inflammation, characterized by elevated levels of inflammatory markers such as C-reactive protein (CRP), interleukin-6 (IL-6), and tumor necrosis factor-alpha (TNF-alpha). Inflammatory pathways activated by sleep apnea further promote oxidative stress by stimulating the production of ROS and RNS within cells.Endothelial Dysfunction: Sleep apnea can impair endothelial function, leading to endothelial dysfunction. The endothelium, which lines blood vessels, plays a crucial role in regulating vascular tone, inflammation, and oxidative stress. Dysfunction of the endothelium results in increased production of ROS and decreased bioavailability of nitric oxide (NO), a vasodilator that helps maintain blood vessel health.Oxidative Damage: Prolonged exposure to oxidative stress in individuals with sleep apnea can lead to oxidative damage to lipids, proteins, and DNA. Lipid peroxidation, protein oxidation, and DNA damage contribute to cellular dysfunction and tissue injury, particularly in organs vulnerable to oxidative stress such as the heart, brain, and blood vessels.Systemic Effects: Oxidative stress associated with sleep apnea has systemic effects beyond the respiratory system. It can contribute to the development and progression of cardiovascular disease, metabolic disorders, neurocognitive impairment, and other comorbidities associated with sleep apnea.Overall, sleep apnea-induced oxidative stress plays a significant role in the pathophysiology of sleep apnea-related complications and contributes to the overall burden of disease in affected individuals.",""
"Sleep Deprivation","Sleep DeprivationWhat is sleep deprivation?Sleep deprivation refers to a condition where an individual does not get enough sleep to meet their body’s physiological and psychological needs. It can result from a variety of factors, including voluntary behavior (such as staying up late to study or socialize), medical conditions (such as sleep disorders), environmental factors (such as noise or light pollution), or work-related demands (such as shift work or long hours).Sleep deprivation can have significant negative effects on both physical and mental health, as well as cognitive function and overall well-being. Some common consequences of sleep deprivation include:Daytime Sleepiness: Sleep deprivation often leads to excessive daytime sleepiness, which can impair alertness, concentration, and reaction times. This can increase the risk of accidents, errors, and injuries, particularly when performing tasks that require attention and coordination.Impaired Cognitive Function: Lack of sleep can impair cognitive function, including memory, attention, problem-solving, and decision-making skills. Sleep-deprived individuals may have difficulty learning new information, processing complex tasks, and maintaining focus and attention.Mood Changes: Sleep deprivation can affect mood and emotional regulation, leading to irritability, mood swings, increased stress, anxiety, and depression. Chronic sleep deprivation is associated with an increased risk of mood disorders and psychiatric conditions.Decreased Immune Function: Prolonged sleep deprivation can weaken the immune system, making individuals more susceptible to infections, illness, and chronic health conditions. Adequate sleep is essential for maintaining a healthy immune response and supporting immune function.Increased Risk of Chronic Health Conditions: Chronic sleep deprivation has been linked to an increased risk of various chronic health conditions, including obesity, diabetes, cardiovascular disease, hypertension, and metabolic disorders. Sleep plays a vital role in regulating metabolic processes, hormone levels, and cardiovascular health.Impaired Physical Performance: Sleep deprivation can impair physical performance, coordination, and motor skills. Athletes and individuals engaged in physical activities may experience decreased athletic performance, slower reaction times, and reduced endurance when sleep-deprived.Interference with Hormonal Regulation: Sleep deprivation disrupts the body’s hormonal regulation, including hormones that regulate appetite, metabolism, stress response, and reproductive function. Changes in hormone levels due to sleep deprivation can contribute to weight gain, metabolic disturbances, and reproductive issues.Overall, sleep deprivation can have profound effects on health, well-being, and quality of life. It is essential to prioritize sleep and adopt healthy sleep habits to ensure adequate rest and promote optimal physical and mental functioning. If sleep deprivation persists or significantly impacts daily life, it is important to seek medical evaluation and treatment to address underlying sleep disorders or contributing factors.What is the relationship between sleep deprivation and oxidative stress?The relationship between sleep deprivation and oxidative stress is well-documented and involves complex physiological mechanisms. Sleep deprivation can lead to an imbalance between the production of reactive oxygen species (ROS) and the body’s antioxidant defense systems, resulting in oxidative stress. Here’s how sleep deprivation contributes to oxidative stress:Increased Metabolic Activity: During wakefulness, the body experiences increased metabolic activity to support cognitive function, physical activity, and energy expenditure. This metabolic activity generates ROS as natural byproducts of cellular metabolism. Prolonged wakefulness due to sleep deprivation results in prolonged exposure to ROS, leading to oxidative stress.Disruption of Antioxidant Defense Systems: Sleep deprivation can impair the body’s antioxidant defense systems, which normally help neutralize ROS and protect cells from oxidative damage.",""
"Spinal Cord Injury","Spinal Cord InjuryWhat is spinal cord injury (SCI)?A spinal cord injury (SCI) refers to damage to the spinal cord that results in loss of function, sensation, or mobility. The spinal cord is a bundle of nerves that runs from the base of the brain down the vertebral column (backbone) and is responsible for transmitting signals between the brain and the rest of the body. SCI can lead to various degrees of paralysis and loss of sensation below the level of injury.Spinal cord injuries can occur due to trauma, such as a sudden blow or impact to the spine, which may result from motor vehicle accidents, falls, sports injuries, or acts of violence. They can also result from non-traumatic causes, such as infections, tumors, or degenerative diseases affecting the spinal cord.The severity and symptoms of a spinal cord injury depend on the location and extent of damage to the spinal cord. In general, SCI is classified as either complete or incomplete:Complete SCI: In a complete spinal cord injury, there is a total loss of sensation and motor function below the level of injury. This means that the individual has no voluntary movement or sensation in the affected areas.Incomplete SCI: In an incomplete spinal cord injury, there is some degree of preservation of sensation or motor function below the level of injury. The extent of impairment can vary widely, with some individuals experiencing partial paralysis or sensory loss while retaining some function.What is the relationship between SCI and oxidative stress?Spinal cord injury (SCI) can lead to oxidative stress, which is an imbalance between the production of reactive oxygen species (ROS) and the body’s ability to detoxify them or repair the resulting damage. Here’s how SCI contributes to oxidative stress:Acute Inflammatory Response: Following SCI, there is an acute inflammatory response characterized by the activation of immune cells and the release of pro-inflammatory cytokines. This inflammatory cascade can trigger the production of ROS by immune cells, exacerbating oxidative stress in the injured spinal cord tissue.Ischemia-Reperfusion Injury: SCI can disrupt blood flow to the spinal cord, leading to ischemia (reduced blood supply) followed by reperfusion (restoration of blood flow). The reperfusion phase is associated with the generation of ROS due to the sudden reintroduction of oxygen to ischemic tissues. This ischemia-reperfusion injury contributes to oxidative stress and further damage to the spinal cord.Mitochondrial Dysfunction: SCI can impair mitochondrial function in spinal cord cells. Mitochondria are the primary producers of ROS within cells, and dysfunction of these organelles can lead to excessive ROS production. Mitochondrial dysfunction following SCI contributes to oxidative stress and cellular damage in the injured spinal cord tissue.Activation of Oxidative Enzymes: SCI can activate oxidative enzymes, such as NADPH oxidase and xanthine oxidase, which are involved in the generation of ROS. These enzymes can become upregulated in response to inflammation and tissue damage, leading to increased ROS production and oxidative stress in the spinal cord.Loss of Antioxidant Defenses: SCI can disrupt the body’s antioxidant defense systems, which normally help neutralize ROS and protect cells from oxidative damage. This may involve a decrease in the activity of antioxidant enzymes such as superoxide dismutase, catalase, and glutathione peroxidase, leaving cells more vulnerable to oxidative stress.Overall, the relationship between spinal cord injury and oxidative stress is bidirectional, with oxidative stress contributing to the secondary damage and pathology observed following SCI, and SCI itself exacerbating oxidative stress.",""
"Sprain","SprainWhat is sprain?A sprain is a type of injury that occurs when a ligament—the tough, fibrous tissue that connects bones to other bones in a joint—is stretched or torn. Sprains commonly occur in the ankles, wrists, and knees, although they can affect any joint in the body. Sprains can range in severity from mild, involving stretching of the ligament, to severe, involving complete tearing of the ligament.Sprains often happen during physical activities that involve sudden movements, twisting, or impacts, such as sports, falls, or accidents. Common causes of sprains include:Twisting: Sudden twisting movements, especially when the joint is under stress, can cause the ligament to stretch beyond its normal range of motion, leading to a sprain.Falling: Landing on an outstretched hand or foot during a fall can cause the ligaments in the wrist or ankle to be forcefully stretched or torn, resulting in a sprain.Impact: Direct impacts or blows to a joint, such as during a collision or accident, can cause damage to the ligaments and result in a sprain.The severity of a sprain is often categorized into three grades:Grade I (mild): In a mild sprain, the ligament is stretched but not torn, and there is minimal or no joint instability. Mild sprains typically involve mild pain, swelling, and stiffness in the affected joint, but the individual can often continue with their activities with minimal disruption.Grade II (moderate): In a moderate sprain, the ligament is partially torn, leading to increased joint laxity and instability. Moderate sprains typically cause moderate to severe pain, swelling, bruising, and difficulty with movement of the affected joint. Individuals with moderate sprains may have difficulty bearing weight or using the affected limb.Grade III (severe): In a severe sprain, the ligament is completely torn or ruptured, resulting in significant joint instability. Severe sprains cause severe pain, swelling, bruising, and loss of function in the affected joint. Individuals with severe sprains may be unable to bear weight or use the affected limb and may require immobilization or surgical intervention to repair the damaged ligament.What is the relationship between sprain and oxidative stress?The relationship between sprains and oxidative stress is not as direct as in some other medical conditions, but oxidative stress can still play a role in the inflammatory response and tissue repair process following a sprain. Here’s how oxidative stress might be related to sprains:Inflammatory Response: When a sprain occurs, the body’s immune system responds by initiating an inflammatory cascade to promote tissue healing and repair. This inflammatory response involves the release of pro-inflammatory cytokines and activation of immune cells, which can generate reactive oxygen species (ROS) as part of the immune response. While inflammation is a necessary part of the healing process, excessive or prolonged inflammation can lead to oxidative stress, causing damage to surrounding tissues and delaying healing.Tissue Damage and Repair: The stretching or tearing of ligaments in a sprain can lead to cellular damage within the affected tissues. During the repair process, fibroblasts and other cells migrate to the injured area to produce new collagen and repair the damaged ligaments. However, oxidative stress can interfere with this repair process by damaging cellular components such as DNA, proteins, and lipids, impairing the ability of cells to proliferate and synthesize new tissue.Ischemia-Reperfusion Injury: In severe sprains, there may be temporary disruption of blood flow to the injured tissues, leading to ischemia (lack of oxygen) followed by reperfusion (restoration of blood flow). Ischemia-reperfusion injury can generate ROS and exacerbate oxidative stress in the affected tissues, causing additional damage to cells and delaying healing.Pain and Discomfort: Oxidative stress has been implicated in the sensitization of pain receptors and the development of chronic pain conditions. Inflammation and tissue damage following a sprain can lead to increased oxidative stress in the surrounding tissues, contributing to pain, discomfort, and delayed recovery.While oxidative stress may play a role in the inflammatory response and tissue repair process following a sprain, the primary focus of treatment is typically on managing pain, reducing inflammation, and promoting tissue healing.",""
"Status Epilepticus","Status EpilepticusWhat is status epilepticus?Status epilepticus is a medical emergency characterized by prolonged or recurrent seizures that occur without full recovery of consciousness between episodes. In status epilepticus, the brain is in a state of continuous seizure activity or experiences recurrent seizures without intervening periods of normal brain function. This condition requires immediate medical attention as it can lead to serious complications, including permanent brain damage and even death if not promptly treated.Seizures are episodes of abnormal electrical activity in the brain, which can manifest as changes in behavior, movements, sensations, or consciousness. In status epilepticus, seizures can be generalized (involving the entire brain) or focal (originating in a specific area of the brain). The duration of seizures in status epilepticus varies but is typically longer than 5 minutes, or when seizures occur in rapid succession without recovery in between.What is the relationship between status epilepticus and oxidative stress?The relationship between status epilepticus (SE) and oxidative stress is complex and multifaceted. Oxidative stress refers to an imbalance between the production of reactive oxygen species (ROS) and the ability of the body’s antioxidant defenses to neutralize them, leading to cellular damage. Several factors related to SE can contribute to oxidative stress:Increased Metabolic Demand: During seizures, there is a significant increase in metabolic activity in the brain, leading to increased oxygen consumption and energy utilization. This heightened metabolic demand can lead to the production of ROS as byproducts of cellular respiration and oxidative phosphorylation. The excessive production of ROS can overwhelm antioxidant defenses and contribute to oxidative stress.Excitotoxicity: Seizures are characterized by excessive and synchronous neuronal firing, leading to the release of excitatory neurotransmitters such as glutamate. Excitotoxicity occurs when excessive glutamate release leads to overactivation of glutamate receptors, calcium influx, and subsequent neuronal damage. Excitotoxicity is closely linked to oxidative stress, as excessive calcium influx can trigger the production of ROS and mitochondrial dysfunction, leading to oxidative damage to cellular components.Mitochondrial Dysfunction: Mitochondria play a crucial role in cellular energy metabolism and are vulnerable to dysfunction during SE. Seizure-induced mitochondrial dysfunction can impair oxidative phosphorylation, disrupt electron transport chain activity, and increase ROS production. Dysfunction of mitochondrial antioxidant defenses, such as decreased levels of glutathione (an important cellular antioxidant), can further exacerbate oxidative stress during SE.Inflammation and Immune Activation: SE triggers an inflammatory response in the brain, characterized by the release of pro-inflammatory cytokines, activation of microglia (the resident immune cells of the brain), and infiltration of peripheral immune cells. Inflammatory processes can generate ROS and reactive nitrogen species (RNS), leading to oxidative stress and further exacerbating neuronal injury and dysfunction.Blood-Brain Barrier Disruption: Prolonged or recurrent seizures can disrupt the blood-brain barrier (BBB), allowing the entry of peripheral inflammatory cells and circulating factors into the brain parenchyma. BBB disruption can lead to increased oxidative stress, as inflammatory cells and factors can produce ROS and RNS, contributing to neuronal damage and dysfunction.Antiepileptic Medications: Some antiepileptic medications used to treat SE, such as phenytoin and valproic acid, have been associated with oxidative stress and mitochondrial dysfunction as potential side effects. These medications may contribute to oxidative stress during SE, although their benefits in controlling seizures generally outweigh the risks of oxidative damage.Overall, oxidative stress is thought to play a significant role in the pathophysiology of SE, contributing to neuronal injury, inflammation, and cell death.",""
"Stress Ulcer","Stress UlcerWhat is stress ulcer?A stress ulcer, also known as stress-related mucosal damage (SRMD) or stress-related gastric mucosal injury, is a type of peptic ulcer that develops in the lining of the stomach or duodenum (the first part of the small intestine) as a result of severe physiological stress. These ulcers typically occur in individuals who are critically ill, such as those hospitalized in intensive care units (ICUs), and are often associated with conditions such as severe trauma, major surgery, severe burns, sepsis, or shock.The exact mechanism by which stress ulcers develop is not fully understood, but several factors are believed to contribute to their formation:Decreased Blood Flow: During periods of severe stress, the body may redistribute blood flow away from the gastrointestinal tract to vital organs such as the heart, lungs, and brain. This reduction in blood flow to the stomach and duodenum can lead to ischemia (lack of oxygen) and damage to the mucosal lining, predisposing it to ulcer formation.Increased Gastric Acid Secretion: Stress and critical illness can stimulate the release of stress hormones such as cortisol and catecholamines (e.g., epinephrine), which can increase gastric acid secretion and decrease mucosal blood flow, further contributing to mucosal injury and ulcer formation.Disruption of Mucosal Barrier: Severe physiological stress can disrupt the protective mucosal barrier of the stomach and duodenum, which normally helps to prevent damage from gastric acid and other digestive enzymes. Disruption of this barrier allows gastric acid and other irritants to come into direct contact with the mucosal lining, leading to ulcer formation.Impaired Mucosal Repair: Critical illness and severe stress can impair the body’s ability to repair and regenerate the mucosal lining of the stomach and duodenum, prolonging the duration of mucosal damage and increasing the risk of ulcer formation.What is the relationship between stress ulcer and oxidative stress?The relationship between stress ulcers and oxidative stress is multifaceted and involves several mechanisms that contribute to the development and progression of stress-induced mucosal damage. Oxidative stress refers to an imbalance between the production of reactive oxygen species (ROS) and the body’s antioxidant defenses, leading to cellular damage. In the context of stress ulcers, oxidative stress can exacerbate mucosal injury and impair the healing process through various mechanisms:Ischemia-Reperfusion Injury: During periods of severe stress, such as critical illness or shock, there may be transient reductions in blood flow (ischemia) to the gastrointestinal mucosa. When blood flow is restored (reperfusion), it can lead to the generation of ROS and oxidative stress in the affected tissues. Ischemia-reperfusion injury contributes to mucosal damage and ulcer formation, particularly in the stomach and duodenum, where the mucosa is highly susceptible to ischemic injury.Increased Gastric Acid Secretion: Stress and critical illness can stimulate the release of stress hormones such as cortisol and catecholamines (e.g., epinephrine), which can increase gastric acid secretion. Elevated gastric acid levels can lead to mucosal damage and ulcer formation, and oxidative stress may further exacerbate this process by impairing mucosal defense mechanisms and increasing susceptibility to acid-induced injury.Disruption of Mucosal Barrier: Oxidative stress can disrupt the integrity of the gastrointestinal mucosal barrier, which normally acts as a protective barrier against gastric acid, bile salts, and other irritants. Disruption of this barrier allows harmful substances to penetrate the mucosa and cause tissue damage, promoting ulcer formation.Impaired Mucosal Repair: Oxidative stress can impair the body’s ability to repair and regenerate the mucosal lining of the stomach and duodenum following injury. ROS can directly damage mucosal cells and impair cellular repair mechanisms, prolonging the duration of mucosal damage and delaying ulcer healing.Inflammatory Response: Stress ulcers trigger an inflammatory response in the gastrointestinal mucosa, characterized by the release of pro-inflammatory cytokines, activation of immune cells, and recruitment of inflammatory mediators. Inflammatory processes generate ROS and reactive nitrogen species (RNS), leading to oxidative stress and further exacerbating mucosal injury and ulcer formation.Overall, oxidative stress plays a significant role in the pathogenesis and progression of stress ulcers by exacerbating mucosal damage, impairing mucosal repair mechanisms, and promoting inflammation.",""
"Stroke","StrokeWhat is stroke?A stroke, also known as a cerebrovascular accident (CVA), occurs when the blood supply to part of the brain is disrupted or reduced, leading to damage or death of brain cells. Strokes can be ischemic, caused by blockage or narrowing of a blood vessel in the brain, or hemorrhagic, caused by bleeding into the brain tissue. Strokes are a medical emergency and require immediate medical attention to minimize brain damage and prevent complications.There are two main types of strokes:Ischemic Stroke: This type of stroke occurs when a blood clot or plaque buildup blocks or narrows an artery supplying blood to the brain. Ischemic strokes account for the majority of strokes and can result from various conditions, including atherosclerosis (hardening and narrowing of the arteries), blood clots originating from the heart or blood vessels, or emboli (clots or debris traveling through the bloodstream).Hemorrhagic Stroke: This type of stroke occurs when a blood vessel in the brain ruptures or leaks, leading to bleeding into the surrounding brain tissue. Hemorrhagic strokes can be caused by conditions such as hypertension (high blood pressure), aneurysms (weak spots in blood vessel walls), arteriovenous malformations (abnormal tangles of blood vessels), or trauma.What is the relationship between stroke and oxidative stress?The relationship between stroke and oxidative stress is significant and plays a crucial role in the pathophysiology of stroke-related brain injury. Here’s how stroke contributes to oxidative stress:Ischemia-Reperfusion Injury: In ischemic stroke, the initial reduction or cessation of blood flow to the brain (ischemia) leads to a decrease in oxygen and nutrient supply to brain cells. This deprivation of oxygen and glucose triggers a cascade of biochemical reactions, including the production of reactive oxygen species (ROS) as a byproduct of cellular metabolism. When blood flow is restored (reperfusion) through treatments such as thrombolytic therapy or mechanical thrombectomy, the sudden influx of oxygen-rich blood can exacerbate oxidative stress by promoting the generation of additional ROS.Mitochondrial Dysfunction: Ischemic stroke disrupts mitochondrial function within brain cells. Mitochondria are the primary producers of energy (ATP) in cells but are also a major source of ROS generation. The disruption of mitochondrial electron transport chains during ischemia-reperfusion leads to the overproduction of ROS, contributing to oxidative stress and cellular damage.Inflammatory Response: Stroke triggers an inflammatory response in the brain, characterized by the activation of immune cells and the release of pro-inflammatory cytokines and chemokines. Inflammatory cells, such as microglia and infiltrating leukocytes, generate ROS as part of their antimicrobial and tissue repair functions. However, excessive inflammation can lead to the overproduction of ROS and exacerbate oxidative stress in the brain.Blood-Brain Barrier Dysfunction: Ischemic stroke disrupts the integrity of the blood-brain barrier (BBB), a specialized structure that regulates the movement of molecules between the bloodstream and the brain. BBB dysfunction allows the infiltration of inflammatory cells and plasma components into the brain parenchyma, further amplifying the inflammatory response and oxidative stress.Excitotoxicity: Ischemic stroke leads to the excessive release of excitatory neurotransmitters, such as glutamate, which can trigger neuronal hyperexcitability and calcium overload. Calcium influx into neurons activates enzymes like nitric oxide synthase and NADPH oxidase, leading to the production of ROS and oxidative stress.Overall, oxidative stress plays a critical role in the progression of brain injury following stroke, contributing to neuronal death, blood-brain barrier disruption, and neuroinflammation.",""
"Testicular Injury","Testicular InjuryWhat is testicular injury?Testicular injury refers to physical damage or trauma to the testicles, which are the male reproductive organs responsible for producing sperm and testosterone. Testicular injury can occur due to various causes, including:Trauma: Direct blows or impacts to the groin area, such as those experienced during sports injuries, accidents, or physical assaults, can cause testicular injury. Trauma may result in bruising, swelling, or even rupture of the testicle.Strain or Torsion: Sudden, forceful twisting of the testicle, known as testicular torsion, can disrupt blood flow to the testicle, leading to tissue damage and ischemia (lack of oxygen). Additionally, repetitive strain or overexertion of the groin muscles during activities such as weightlifting or vigorous exercise can cause discomfort or injury to the testicles.Surgical Procedures: Certain medical procedures, such as hernia repairs, vasectomies, or surgeries for testicular conditions, may carry a risk of testicular injury or complications.Infections: Infections of the testicles or surrounding structures, such as epididymitis or orchitis, can cause inflammation, pain, and potential damage to testicular tissue if left untreated.Chemical Exposure: Exposure to certain chemicals, toxins, or environmental hazards may increase the risk of testicular injury or dysfunction.What is the relationship between testicular injury and oxidative stress?Testicular injury, particularly severe trauma or torsion, can lead to oxidative stress within the testicular tissue. Oxidative stress occurs when there is an imbalance between the production of reactive oxygen species (ROS) and the body’s antioxidant defenses, resulting in cellular damage. Here’s how testicular injury can contribute to oxidative stress:Ischemia-Reperfusion Injury: Testicular torsion, which involves the twisting of the spermatic cord, can lead to a temporary interruption of blood flow to the testicle, resulting in ischemia (lack of oxygen). When blood flow is restored (reperfusion) either spontaneously or through surgical intervention, it can trigger the production of reactive oxygen species (ROS) within the testicular tissue. The sudden influx of oxygen-rich blood during reperfusion can lead to oxidative stress and tissue damage.Inflammation: Testicular injury, including trauma or infection, can trigger an inflammatory response within the testicular tissue. Inflammatory cells, such as neutrophils and macrophages, release pro-inflammatory cytokines and generate reactive oxygen species (ROS) as part of the immune response. Chronic or excessive inflammation can lead to sustained oxidative stress and damage to testicular cells, including sperm-producing cells (spermatogonia) and supporting cells (Sertoli cells).Impaired Antioxidant Defenses: Testicular injury can disrupt the normal balance between oxidants and antioxidants within the testicular tissue. Antioxidant enzymes, such as superoxide dismutase (SOD), catalase, and glutathione peroxidase, play a crucial role in neutralizing reactive oxygen species (ROS) and protecting cells from oxidative damage. Severe testicular injury may impair the activity of these antioxidant enzymes, leaving testicular cells more vulnerable to oxidative stress and damage.DNA Damage and Cell Death: Oxidative stress can cause damage to cellular components such as DNA, proteins, and lipids within the testicular tissue. DNA damage in sperm-producing cells (spermatogonia) or supporting cells (Sertoli cells) can lead to apoptosis (programmed cell death) or necrosis, compromising testicular function and fertility.Overall, testicular injury can trigger oxidative stress within the testicular tissue through various mechanisms, including ischemia-reperfusion injury, inflammation, impaired antioxidant defenses, and cellular damage.",""
"Tracheal Stenosis","Tracheal StenosisWhat is tracheal stenosis?Tracheal stenosis is a medical condition characterized by the narrowing or constriction of the trachea, which is the large airway that carries air from the throat (pharynx) into the lungs. This narrowing of the trachea can impede airflow and make breathing difficult. Tracheal stenosis can be congenital (present at birth) or acquired later in life due to various factors. Some common causes and types of tracheal stenosis include:Congenital Tracheal Stenosis: This type of tracheal stenosis is present from birth and may be associated with developmental abnormalities or defects in the structure of the trachea.Acquired Tracheal Stenosis: Acquired tracheal stenosis develops later in life and can be caused by various factors, including:Trauma: Injuries to the neck or chest, such as those resulting from accidents, falls, or surgical procedures involving the trachea, can cause scarring and narrowing of the trachea.Inflammation: Conditions that cause inflammation or irritation of the tracheal lining, such as prolonged intubation (placement of a breathing tube), infections, or autoimmune diseases, can lead to scarring and narrowing of the trachea.Tumors: Benign or malignant tumors that develop within or near the trachea can obstruct the airway and cause tracheal stenosis.Radiation Therapy: Radiation treatment for cancers in the neck or chest area can cause scarring and narrowing of the trachea.Idiopathic Causes: In some cases, the cause of tracheal stenosis may be unknown (idiopathic).What is the relationship between tracheal stenosis and oxidative stress?The relationship between tracheal stenosis and oxidative stress is not well-established in the current medical literature. Tracheal stenosis primarily involves structural narrowing or constriction of the trachea, leading to airflow obstruction and respiratory symptoms. However, oxidative stress, which refers to an imbalance between the production of reactive oxygen species (ROS) and the body’s antioxidant defenses, may play a role in various respiratory conditions, including those that affect the airways.While specific research on the direct relationship between tracheal stenosis and oxidative stress is limited, oxidative stress has been implicated in the pathogenesis and progression of several respiratory diseases, such as chronic obstructive pulmonary disease (COPD), asthma, and idiopathic pulmonary fibrosis. In these conditions, oxidative stress can contribute to airway inflammation, tissue damage, and remodeling, leading to respiratory symptoms and worsening lung function.It is possible that oxidative stress could also be involved in the pathophysiology of tracheal stenosis, particularly in cases where inflammation or tissue injury contributes to the narrowing of the trachea. For example, if tracheal stenosis is secondary to inflammatory conditions, infections, or trauma, oxidative stress may play a role in mediating tissue damage and scarring within the trachea.However, further research is needed to elucidate the specific mechanisms by which oxidative stress may contribute to the development or progression of tracheal stenosis. Studying oxidative stress markers and antioxidant defenses in individuals with tracheal stenosis could provide valuable insights into the underlying pathophysiology and potential therapeutic targets for this condition.",""
"Transplantation/Graft Injury","Transplantation/Graft InjuryWhat is transplantation/graft injury?Transplantation or graft injury refers to damage or dysfunction of transplanted organs or tissues resulting from various factors. Organ transplantation involves the surgical transfer of an organ or tissue from one individual (the donor) to another (the recipient) to replace a failing or diseased organ. Despite advancements in transplantation medicine, transplant injury can occur due to several reasons, including:Ischemia-Reperfusion Injury: Ischemia-reperfusion injury occurs when blood flow to the transplanted organ is temporarily interrupted (ischemia) during the transplant procedure and then restored (reperfusion) after transplantation. The restoration of blood flow can lead to the generation of reactive oxygen species (ROS) and oxidative stress, which can damage cells and tissues within the transplanted organ.Immune Rejection: Immune rejection occurs when the recipient’s immune system recognizes the transplanted organ as foreign and mounts an immune response against it. Rejection can occur acutely, within days to weeks after transplantation, or chronically, over a longer period. Both acute and chronic rejection can lead to injury and dysfunction of the transplanted organ.Infections: Transplant recipients are at increased risk of infections due to immunosuppressive medications used to prevent rejection. Infections can directly damage the transplanted organ or exacerbate immune-mediated injury.Immunosuppressive Medications: Immunosuppressive medications are necessary to prevent rejection of the transplanted organ but can also cause side effects and complications. Long-term use of immunosuppressive drugs can lead to toxicity and injury to the transplanted organ, including nephrotoxicity (kidney damage) and hepatotoxicity (liver damage).Surgical Complications: Surgical complications during the transplantation procedure, such as vascular injury, thrombosis (blood clot formation), or ischemic injury, can lead to damage to the transplanted organ.Primary Graft Dysfunction: Primary graft dysfunction refers to immediate dysfunction of the transplanted organ, usually within the first <a href=""https://hydrogen",""
"Traumatic Brain Injury","Traumatic Brain InjuryWhat is Traumatic Brain Injury (TBI)?Traumatic Brain Injury (TBI) refers to an injury to the brain caused by an external force or trauma. This force can result from a variety of events, such as falls, motor vehicle accidents, sports injuries, or assaults. TBI can vary widely in severity, ranging from mild concussions to severe and life-threatening injuries.TBI can be classified into three main categories based on severity:Mild TBI: Commonly known as a concussion, mild TBI may result in temporary symptoms such as headache, dizziness, confusion, memory problems, and changes in mood or behavior. In many cases, individuals with mild TBI recover fully with time and rest.Moderate TBI: Moderate TBI involves more significant injury to the brain, leading to longer-lasting symptoms and potentially more severe cognitive and physical impairments.Severe TBI: Severe TBI can cause extensive damage to the brain, leading to profound and often permanent physical, cognitive, and behavioral deficits. In severe cases, individuals may experience coma or a prolonged state of unconsciousness.What is the relationship between TBI and oxidative stress?The relationship between Traumatic Brain Injury (TBI) and oxidative stress is well-documented in scientific literature. When the brain experiences trauma, such as a TBI, it can lead to the generation of reactive oxygen species (ROS) and other free radicals. This process is known as oxidative stress.Here’s how it happens:Primary Injury: The primary injury in TBI occurs due to the immediate mechanical forces impacting the brain tissue. This can cause damage to cells, blood vessels, and structures within the brain.Secondary Injury: Following the primary injury, a cascade of secondary injury processes is initiated. These processes can include inflammation, excitotoxicity (excessive release of neurotransmitters), disruption of ion balance, and oxidative stress.Oxidative Stress: Oxidative stress occurs when there is an imbalance between the production of ROS and the ability of antioxidant defenses to neutralize them. In TBI, the primary sources of ROS production include activated microglia (the immune cells of the brain), infiltrating neutrophils, and damaged mitochondria within brain cells.Cellular Damage: Excess ROS can damage various cellular components, including lipids, proteins, and DNA. This oxidative damage contributes to neuronal cell death, disruption of brain function, and the progression of secondary injury mechanisms.Inflammation: Oxidative stress can also exacerbate the inflammatory response in the brain following TBI. Inflammatory cells release cytokines and chemokines that further contribute to tissue damage and dysfunction.Neurodegeneration: Prolonged oxidative stress and inflammation can lead to ongoing neurodegenerative processes, contributing to long-term cognitive and functional deficits observed in individuals with TBI.Overall, oxidative stress is considered a key contributor to the pathophysiology of TBI and is implicated in both acute and chronic phases of injury.",""
"Ulcer","UlcerWhat is ulcer?An ulcer is a sore or lesion that forms on the skin or on the lining of internal organs, such as the stomach, small intestine, or esophagus. Ulcers can occur for various reasons and in different locations in the body, but they share common characteristics, including loss of tissue integrity and the presence of an open wound.Peptic Ulcers: Peptic ulcers are ulcers that develop in the lining of the stomach, small intestine (duodenum), or esophagus. They are typically caused by factors such as infection with Helicobacter pylori bacteria, long-term use of nonsteroidal anti-inflammatory drugs (NSAIDs), excessive alcohol consumption, smoking, or stress. Peptic ulcers can cause symptoms such as abdominal pain, bloating, nausea, vomiting, and bleeding.Pressure Ulcers: Pressure ulcers, also known as bedsores or pressure sores, are ulcers that develop on the skin as a result of prolonged pressure or friction. They commonly occur in individuals who are bedridden or confined to a wheelchair, especially in areas where bone is close to the skin surface, such as the heels, hips, tailbone, and elbows. Pressure ulcers can cause pain, inflammation, and tissue damage, and they are a common complication in individuals with limited mobility or reduced sensation.Venous Ulcers: Venous ulcers are ulcers that develop on the legs or ankles due to venous insufficiency, which occurs when the veins fail to efficiently return blood to the heart. Venous ulcers are often associated with conditions such as chronic venous insufficiency, deep vein thrombosis (DVT), or varicose veins. They typically present as open wounds with irregular borders, surrounded by areas of skin discoloration and edema (swelling).Arterial Ulcers: Arterial ulcers are ulcers that develop on the feet or lower legs as a result of poor blood circulation due to arterial insufficiency. They are commonly seen in individuals with peripheral arterial disease (PAD), atherosclerosis, or diabetes. Arterial ulcers are often painful, with well-defined borders and a pale or necrotic (blackened) appearance.Corneal Ulcers: Corneal ulcers are ulcers that develop on the cornea, the transparent front part of the eye. They are typically caused by infections, trauma, or underlying eye conditions such as dry eye syndrome or contact lens-related problems. Corneal ulcers can cause symptoms such as eye pain, redness, tearing, blurred vision, and sensitivity to light.What is the relationship between ulcer and oxidative stress?The relationship between ulcers and oxidative stress varies depending on the type and underlying cause of the ulcer. However, oxidative stress can play a significant role in the pathogenesis and progression of certain types of ulcers by contributing to tissue damage, impairing healing, and promoting inflammation. Here’s how oxidative stress may be involved in different types of ulcers:Peptic Ulcers: Peptic ulcers, which occur in the stomach or small intestine, can be caused by factors such as infection with Helicobacter pylori bacteria, long-term use of nonsteroidal anti-inflammatory drugs (NSAIDs), or excessive alcohol consumption. Oxidative stress may contribute to the development of peptic ulcers by several mechanisms:Helicobacter pylori infection: H. pylori bacteria can induce oxidative stress in the gastric mucosa by promoting the production of reactive oxygen species (ROS) and reactive nitrogen species (RNS), leading to damage to the gastric epithelial cells and mucosal inflammation.NSAIDs: NSAIDs can cause oxidative stress in the gastric mucosa by inhibiting the activity of cyclooxygenase (COX) enzymes, which are involved in the synthesis of prostaglandins that help protect the stomach lining. Reduced prostaglandin production can lead to increased susceptibility to oxidative damage and ulcer formation.Alcohol: Excessive alcohol consumption can induce oxidative stress in the gastric mucosa by increasing the production of ROS and impairing antioxidant defenses, leading to mucosal injury and ulcer formation.Pressure Ulcers: Pressure ulcers, also known as bedsores, develop on the skin as a result of prolonged pressure or friction. Oxidative stress may contribute to the development of pressure ulcers by impairing tissue viability and wound healing. Prolonged pressure or ischemia can lead to tissue hypoxia and the generation of ROS, which can cause cellular damage, inflammation, and impaired wound healing.Venous and Arterial Ulcers: Venous ulcers, which develop due to venous insufficiency, and arterial ulcers, which develop due to poor blood circulation, can both be influenced by oxidative stress. Chronic venous insufficiency and peripheral arterial disease are associated with oxidative stress and inflammation, which can contribute to endothelial dysfunction, impaired tissue perfusion, and delayed wound healing.Corneal Ulcers: Corneal ulcers, which occur on the transparent front part of the eye, can be caused by microbial infections, trauma, or underlying eye conditions. Oxidative stress may play a role in corneal ulceration by promoting inflammation and tissue damage in the cornea, impairing epithelial repair, and increasing susceptibility to infection.Overall, oxidative stress can exacerbate tissue damage, impair healing mechanisms, and promote inflammation in various types of ulcers.",""
"Ulcerative Colitis","Ulcerative ColitisUlcerative Colitisand Hydrogen Water – Hydrogen Treatments and Therapy ResearchUlcerative colitis is a chronic inflammatory bowel disease (IBD) characterized by inflammation and ulceration of the inner lining of the colon and rectum. It is one of the two main types of IBD, the other being Crohn’s disease. Ulcerative colitis primarily affects the colon (large intestine) and the rectum, leading to symptoms such as abdominal pain, diarrhea, rectal bleeding, and urgency to have a bowel movement.The exact cause of ulcerative colitis is unknown, but it is believed to involve a combination of genetic, environmental, and immune factors. The condition is thought to result from an abnormal immune response in which the body’s immune system mistakenly attacks the lining of the colon and rectum, leading to inflammation and tissue damage.What is the relationship between ulcerative colitis and oxidative stress?The relationship between ulcerative colitis (UC) and oxidative stress is complex and multifaceted. Oxidative stress refers to an imbalance between the production of reactive oxygen species (ROS) and the body’s antioxidant defenses, leading to cellular damage. In UC, oxidative stress plays a significant role in the pathogenesis and progression of the disease by contributing to inflammation, tissue damage, and dysfunction of the colon. Here’s how oxidative stress may be involved in UC:Immune Activation and Inflammation: In UC, the immune system becomes dysregulated, leading to chronic inflammation in the colon. Activated immune cells, such as neutrophils, macrophages, and T cells, produce ROS as part of the inflammatory response. ROS can amplify inflammation by activating inflammatory signaling pathways, promoting cytokine production, and recruiting additional immune cells to the inflamed tissue. Chronic inflammation and oxidative stress contribute to tissue damage, ulceration, and loss of barrier function in the colon.Epithelial Damage and Barrier Dysfunction: The epithelial lining of the colon serves as a barrier that protects the underlying tissue from luminal contents, including bacteria and toxins. Oxidative stress can impair the integrity of the epithelial barrier by damaging tight junction proteins, disrupting cell-cell adhesion, and compromising barrier function. Increased permeability of the intestinal epithelium allows bacterial antigens and inflammatory mediators to penetrate the mucosal barrier, triggering immune responses and perpetuating inflammation in UC.Leukocyte Activation and ROS Production: In UC, leukocytes, particularly neutrophils and macrophages, are recruited to the inflamed colonic mucosa and contribute to tissue damage through the production of ROS and other reactive species. Activated neutrophils release ROS as part of the respiratory burst, which is essential for microbial killing but can also damage surrounding tissues and exacerbate inflammation. Macrophages activated in the inflamed mucosa produce ROS and pro-inflammatory cytokines, perpetuating the inflammatory cascade in UC.Mitochondrial Dysfunction: Oxidative stress can lead to mitochondrial dysfunction in colonic epithelial cells and immune cells, impairing energy production, redox signaling, and cellular homeostasis. Mitochondrial dysfunction exacerbates oxidative stress, promotes inflammation, and contributes to tissue injury and dysfunction in UC.Antioxidant Defenses: Imbalance between ROS production and antioxidant defenses in UC contributes to oxidative stress and tissue damage. Reduced levels of antioxidants, such as superoxide dismutase, catalase, and glutathione, compromise the ability of the colon to neutralize ROS and protect against oxidative damage. Decreased antioxidant capacity in UC may result from genetic factors, dietary deficiencies, or impaired antioxidant enzyme activity.Overall, oxidative stress is a central mechanism underlying the pathogenesis of ulcerative colitis, contributing to inflammation, tissue damage, and barrier dysfunction in the colon.",""
"Unstable Angina","Unstable AnginaWhat is unstable angina?Unstable angina, also known as acute coronary syndrome (ACS), is a serious and potentially life-threatening condition characterized by chest pain or discomfort that occurs at rest, with minimal exertion, or unpredictably, and is often indicative of an impending heart attack (myocardial infarction). Unstable angina is considered a medical emergency and requires prompt evaluation and treatment.The underlying cause of unstable angina is usually the rupture or erosion of atherosclerotic plaques in the coronary arteries, which supply oxygen-rich blood to the heart muscle. When a plaque ruptures or erodes, it can lead to the formation of a blood clot (thrombus) that partially or completely blocks the flow of blood through the affected coronary artery. This reduction in blood flow deprives the heart muscle of oxygen, leading to ischemia (a lack of oxygen), which manifests as chest pain or discomfort known as angina.What is the relationship between unstable angina and oxidative stress?The relationship between unstable angina and oxidative stress is intertwined, with oxidative stress playing a significant role in the pathophysiology of unstable angina and its progression to acute coronary events such as myocardial infarction (heart attack). Here’s how oxidative stress contributes to unstable angina:Endothelial Dysfunction: Oxidative stress can impair the function of the endothelium, the inner lining of blood vessels, leading to endothelial dysfunction. This dysfunction reduces the ability of the endothelium to produce and release vasodilators such as nitric oxide (NO) and prostacyclin, which help regulate vascular tone and maintain blood flow. Endothelial dysfunction results in vasoconstriction, increased vascular tone, and reduced vasodilation, leading to reduced coronary blood flow and increased susceptibility to coronary artery spasm and thrombosis, contributing to unstable angina.Inflammation and Atherosclerosis: Oxidative stress promotes inflammation within the arterial wall, contributing to the initiation and progression of atherosclerosis, a condition characterized by the buildup of plaque (fatty deposits) in the arterial walls. Inflammatory cytokines, chemokines, and adhesion molecules produced in response to oxidative stress recruit immune cells (such as monocytes and macrophages) to the arterial wall, where they contribute to the formation of atherosclerotic plaques. These plaques can become unstable and prone to rupture or erosion, leading to the formation of blood clots (thrombosis) and the onset of unstable angina.Platelet Activation and Thrombosis: Oxidative stress promotes platelet activation and aggregation, leading to the formation of blood clots within the coronary arteries. ROS can activate platelets directly and induce the release of pro-thrombotic factors, such as thromboxane A2 and adenosine diphosphate (ADP), which enhance platelet aggregation and thrombus formation. Platelet activation and thrombosis contribute to the occlusion of coronary arteries, leading to myocardial ischemia and unstable angina.Mitochondrial Dysfunction: Oxidative stress can disrupt mitochondrial function within cardiac myocytes (heart muscle cells), impairing energy production and cellular metabolism. Mitochondrial dysfunction reduces the capacity of cardiac myocytes to cope with ischemic stress and increases their susceptibility to ischemia-induced injury and cell death, contributing to myocardial ischemia and unstable angina.Antioxidant Defenses: Imbalance between ROS production and antioxidant defenses in the coronary arteries can contribute to oxidative stress and endothelial dysfunction in unstable angina. Reduced levels of antioxidants, such as superoxide dismutase, catalase, and glutathione, compromise the ability of the arterial wall to neutralize ROS and protect against oxidative damage, exacerbating vascular dysfunction and thrombosis.Overall, oxidative stress plays a central role in the pathogenesis of unstable angina by promoting endothelial dysfunction, inflammation, atherosclerosis, platelet activation, thrombosis, and mitochondrial dysfunction in the coronary arteries.",""
"Upper Respiratory Tract Infection","Upper Respiratory Tract InfectionWhat is Upper Respiratory Tract Infection (UTRI)?An Upper Respiratory Tract Infection (URTI) is a common infection that affects the respiratory system, specifically the parts of the respiratory tract located above the lungs. This includes the nose, sinuses, throat (pharynx), and voice box (larynx). URTIs are typically caused by viruses, although bacteria can also be responsible in some cases.Common viruses that can cause URTIs include rhinovirus (which causes the common cold), influenza virus (which causes the flu), adenovirus, coronavirus, and respiratory syncytial virus (RSV), among others. Bacterial infections may be caused by bacteria such as Streptococcus pneumoniae or Haemophilus influenzae.URTIs are highly contagious and can spread through respiratory droplets when an infected person coughs, sneezes, or talks. They can also be transmitted by touching surfaces contaminated with the virus and then touching the nose, mouth, or eyes.What is the relationship between UTRI and oxidative stress?The relationship between Upper Respiratory Tract Infections (URTIs) and oxidative stress is complex and multifaceted. When the body is infected with a virus or bacteria causing a URTI, it triggers various immune responses aimed at eliminating the pathogen. However, this immune response can also lead to the generation of reactive oxygen species (ROS) and reactive nitrogen species (RNS), collectively known as oxidative stress.Here’s how URTIs and oxidative stress are related:Immune Response: When the body detects the presence of a virus or bacteria in the upper respiratory tract, immune cells such as neutrophils and macrophages are recruited to the site of infection. These cells produce ROS and RNS as part of the immune response to destroy the invading pathogens.Inflammation: The immune response to URTIs also involves the release of pro-inflammatory cytokines and chemokines, which can further stimulate the production of ROS by immune cells. This inflammatory process contributes to oxidative stress in the respiratory tract.Epithelial Damage: The oxidative stress generated during an URTI can damage the epithelial cells lining the respiratory tract. This damage compromises the integrity of the respiratory mucosa, making it more susceptible to further infection and inflammation.Antioxidant Defense: The body has natural antioxidant defense mechanisms to neutralize ROS and RNS and protect against oxidative damage. However, during an URTI, the antioxidant defense system may become overwhelmed, leading to increased oxidative stress.Complications: Prolonged or severe oxidative stress during an URTI may contribute to the development of complications such as bronchitis, sinusitis, or otitis media. Oxidative stress can exacerbate tissue damage and inflammation, prolonging the duration and severity of symptoms.Recovery: As the URTI resolves and the immune response subsides, oxidative stress typically decreases. However, in some cases, residual oxidative damage may persist, contributing to ongoing respiratory symptoms or susceptibility to recurrent infections.Overall, oxidative stress plays a significant role in the pathogenesis and progression of URTIs.",""
"Ureteral Obstruction","Ureteral ObstructionWhat is ureteral obstruction?Ureteral obstruction refers to a blockage or obstruction in one or both of the ureters, which are the tubes that carry urine from the kidneys to the bladder. This obstruction can occur at any point along the ureter and can be caused by various factors, leading to impaired urinary flow and potential complications. Ureteral obstruction can be either partial or complete, and it can be temporary or chronic.Causes of ureteral obstruction include:Kidney Stones: One of the most common causes of ureteral obstruction is the presence of kidney stones, which are solid deposits of minerals and salts that form within the kidneys and can migrate into the ureters. When a kidney stone becomes lodged in a ureter, it can obstruct the flow of urine, leading to pain, discomfort, and potential complications such as hydronephrosis (swelling of the kidney due to urine buildup) and kidney damage.Benign or Malignant Tumors: Tumors that develop within or adjacent to the ureters, such as benign fibroids or malignant tumors, can cause obstruction by compressing or infiltrating the ureteral walls. Tumors can arise from the ureter itself or from nearby structures such as the bladder, prostate, or uterus.Congenital Anomalies: Certain congenital anomalies or developmental abnormalities of the urinary tract, such as ureteropelvic junction obstruction or ureteral strictures, can predispose individuals to ureteral obstruction. These abnormalities may affect the structure or function of the ureters, leading to impaired urine flow.Infections and Inflammatory Conditions: Infections of the urinary tract, such as urinary tract infections (UTIs) or inflammation of the ureters (ureteritis), can cause swelling and narrowing of the ureters, leading to obstruction. Inflammatory conditions such as retroperitoneal fibrosis or radiation fibrosis can also lead to ureteral obstruction by causing scarring and narrowing of the ureters.External Compression: External factors such as adjacent structures, tumors, or abdominal masses can compress the ureters and cause obstruction. This can occur due to conditions such as pelvic tumors, enlarged lymph nodes, or abdominal aortic aneurysms.What is the relationship between ureteral obstruction and oxidative stress?The relationship between ureteral obstruction and oxidative stress involves complex interplays between various physiological and pathological processes. While direct research specifically linking ureteral obstruction to oxidative stress is limited, several mechanisms suggest how oxidative stress may be involved in the pathophysiology of ureteral obstruction:Ischemia-Reperfusion Injury: Ureteral obstruction can lead to impaired blood flow to the kidneys and subsequent ischemia (reduced blood supply) in the affected kidney. When the obstruction is relieved, reperfusion (restoration of blood flow) occurs, which can lead to the generation of reactive oxygen species (ROS) and oxidative stress. This phenomenon, known as ischemia-reperfusion injury, can contribute to tissue damage and inflammation in the kidney, exacerbating the effects of obstruction.Inflammatory Response: Ureteral obstruction can trigger an inflammatory response in the affected kidney, characterized by the infiltration of immune cells and the release of pro-inflammatory cytokines. Inflammation is closely linked to oxidative stress, as inflammatory cells produce ROS and reactive nitrogen species (RNS) as part of their defense mechanisms. Chronic inflammation associated with ureteral obstruction can perpetuate oxidative stress, leading to further tissue damage and dysfunction.Renal Fibrosis: Prolonged ureteral obstruction can lead to renal fibrosis, a process characterized by the excessive accumulation of extracellular matrix components such as collagen and fibronectin in the kidney tissue. Oxidative stress is implicated in the development of renal fibrosis, as ROS can activate fibroblasts and promote the production of extracellular matrix proteins. Renal fibrosis can further exacerbate renal dysfunction and impair kidney function, perpetuating a cycle of oxidative stress and tissue damage.Apoptosis and Cell Death: Ureteral obstruction can induce apoptosis (programmed cell death) in renal tubular cells, leading to tissue injury and dysfunction. Oxidative stress plays a critical role in mediating apoptosis, as ROS can activate apoptotic pathways and promote cell death. Increased oxidative stress associated with ureteral obstruction may contribute to renal tubular cell apoptosis, further exacerbating kidney damage and dysfunction.Antioxidant Defenses: Ureteral obstruction may also affect the antioxidant defenses of the kidney. Under conditions of oxidative stress, antioxidant enzymes such as superoxide dismutase, catalase, and glutathione peroxidase are upregulated to mitigate the effects of ROS. However, prolonged or severe obstruction may overwhelm the antioxidant defenses, leading to oxidative damage and tissue injury.Overall, while more research is needed to fully elucidate the role of oxidative stress in ureteral obstruction, the available evidence suggests that oxidative stress likely contributes to the pathophysiology of obstruction-induced kidney injury.",""
"Uveal Injury","Uveal InjuryWhat is uveal injury?Uveal injury refers to damage or trauma affecting the uvea, which is the middle layer of the eye comprising the iris, ciliary body, and choroid. The uvea is vital for supplying blood to the retina and regulating the amount of light entering the eye. Injury to the uvea can occur due to various causes, including blunt trauma, penetrating injuries, chemical exposure, or inflammation.Common types of uveal injury include:Iritis: Inflammation of the iris, resulting in eye pain, sensitivity to light, blurred vision, and redness.Choroiditis: Inflammation of the choroid, which can cause vision changes, floaters, and eye discomfort.Choroidal rupture: A tear or break in the choroid layer, often associated with blunt trauma to the eye. This can lead to vision loss or distortion, depending on the extent of the injury.Ciliary body injury: Damage to the ciliary body can affect the production of aqueous humor, leading to changes in intraocular pressure and potential complications such as glaucoma.Uveal melanoma: A type of cancer that develops in the cells of the uvea, often presenting as a pigmented lesion or mass within the eye.Uveitis: Inflammation of the uvea, which can be caused by infections, autoimmune disorders, or systemic diseases. Uveitis can result in eye pain, redness, blurred vision, and photophobia.What is the relationship between uveal injury and oxidative stress?The relationship between uveal injury and oxidative stress involves complex interactions between cellular damage, inflammation, and antioxidant defense mechanisms within the eye. When the uvea is injured, whether due to trauma, inflammation, or other causes, it can lead to oxidative stress, which refers to an imbalance between the production of reactive oxygen species (ROS) and the body’s ability to neutralize them with antioxidants.Here’s how uveal injury and oxidative stress are related:ROS Production: Injury to the uvea can trigger the release of inflammatory mediators and activate immune cells, such as macrophages and neutrophils, which generate ROS as part of the immune response. ROS, including superoxide radicals, hydrogen peroxide, and hydroxyl radicals, are highly reactive molecules that can damage cellular components such as lipids, proteins, and DNA.Inflammation: Oxidative stress and inflammation are closely intertwined processes. Injured tissues release pro-inflammatory cytokines and chemokines, which further stimulate ROS production by immune cells. Chronic inflammation can exacerbate oxidative stress, leading to sustained tissue damage and impairment of normal cellular function.Cellular Damage: ROS generated during oxidative stress can directly damage cells of the uvea, including the iris, ciliary body, and choroid. Lipid peroxidation, protein oxidation, and DNA damage can occur, compromising cell integrity and function. This can contribute to vision loss, impaired ocular blood flow, and progression of uveal injury.Antioxidant Defense: The eye has intrinsic antioxidant defense mechanisms to counteract oxidative stress and protect against cellular damage. Antioxidant enzymes, such as superoxide dismutase, catalase, and glutathione peroxidase, work to neutralize ROS and maintain redox balance within ocular tissues. However, excessive or sustained oxidative stress can overwhelm these antioxidant defenses, leading to oxidative damage and pathology.Disease Progression: Oxidative stress is implicated in the pathogenesis and progression of various ocular diseases associated with uveal injury, including uveitis, age-related macular degeneration, diabetic retinopathy, and glaucoma. Chronic oxidative stress can exacerbate tissue damage, promote angiogenesis and fibrosis, and contribute to vision loss and irreversible structural changes within the eye.Overall, oxidative stress plays a significant role in the pathophysiology of uveal injury and associated ocular diseases.",""
"Vascular Dysfunction","Vascular DysfunctionWhat is vascular dysfunction?Vascular dysfunction refers to abnormal or impaired function of blood vessels, which can lead to various cardiovascular and systemic disorders. Blood vessels play crucial roles in regulating blood flow, blood pressure, and nutrient delivery to tissues and organs throughout the body. Dysfunction of the vascular system can disrupt these processes, contributing to a wide range of health problems.There are several types of vascular dysfunction, each with its own underlying mechanisms and consequences:Endothelial Dysfunction: Endothelial cells line the inner surface of blood vessels and play key roles in regulating vascular function. Endothelial dysfunction refers to impairment of endothelial cell function, characterized by reduced production of vasodilators (such as nitric oxide) and increased production of vasoconstrictors (such as endothelin-1). Endothelial dysfunction is associated with various cardiovascular risk factors, including hypertension, diabetes, hyperlipidemia, and smoking, and contributes to the development of atherosclerosis, hypertension, and other cardiovascular diseases.Arterial Stiffness: Arterial stiffness refers to reduced elasticity or compliance of the arterial walls, which affects the ability of arteries to expand and contract in response to changes in blood pressure. Increased arterial stiffness is commonly observed with aging and is associated with hypertension, atherosclerosis, and cardiovascular disease. Arterial stiffness can lead to elevated systolic blood pressure, increased pulse pressure, and increased cardiovascular risk.Vascular Remodeling: Vascular remodeling refers to structural changes in blood vessels in response to various physiological or pathological stimuli. Remodeling may involve alterations in vessel diameter, wall thickness, or composition of the vascular wall. Vascular remodeling plays a critical role in adapting vascular function to changes in hemodynamic conditions, such as during growth, development, or hypertension. However, abnormal vascular remodeling can contribute to hypertension, atherosclerosis, and other vascular diseases.Microvascular Dysfunction: Microvascular dysfunction refers to impaired function of small blood vessels, including arterioles, capillaries, and venules. Microvascular dysfunction can impair tissue perfusion, leading to tissue ischemia, inflammation, and organ dysfunction. Microvascular dysfunction is associated with conditions such as coronary microvascular disease, peripheral artery disease, and diabetic microangiopathy.Vasoconstriction and Vasodilation: Abnormal regulation of vascular tone, characterized by excessive vasoconstriction or inadequate vasodilation, can contribute to vascular dysfunction. Dysregulation of vascular tone can lead to hypertension, vasoconstrictive disorders (such as Raynaud’s phenomenon), and circulatory shock.Vascular dysfunction is a common feature of many cardiovascular diseases and is often associated with systemic inflammation, oxidative stress, and endothelial dysfunction.What is the relationship between vascular dysfunction and oxidative stress?The relationship between vascular dysfunction and oxidative stress is intricate and bidirectional. Oxidative stress, characterized by an imbalance between the production of reactive oxygen species (ROS) and the body’s antioxidant defenses, plays a significant role in the pathophysiology of vascular dysfunction. Conversely, vascular dysfunction can also contribute to oxidative stress through various mechanisms. Here’s how the relationship between vascular dysfunction and oxidative stress manifests:Endothelial Dysfunction: Oxidative stress is a key mediator of endothelial dysfunction, which is characterized by impaired production and bioavailability of nitric oxide (NO), a potent vasodilator produced by endothelial cells. ROS, such as superoxide anions and hydrogen peroxide, can directly react with NO, leading to its inactivation and reduced vasodilation. Additionally, ROS can impair endothelial cell function, promote inflammation, and stimulate vasoconstriction, contributing to endothelial dysfunction and impaired vascular relaxation.Arterial Stiffness: Oxidative stress is implicated in the pathogenesis of arterial stiffness, a hallmark of vascular aging and atherosclerosis. ROS can promote oxidative modifications of structural proteins in the arterial wall, such as collagen and elastin, leading to increased cross-linking and reduced elasticity. Additionally, ROS can activate signaling pathways involved in vascular smooth muscle cell proliferation and hypertrophy, further contributing to arterial stiffening and impaired vascular function.Vascular Remodeling: Oxidative stress plays a role in maladaptive vascular remodeling, characterized by abnormal structural changes in blood vessels in response to hemodynamic stress or pathological stimuli. ROS can promote endothelial cell activation, inflammation, and apoptosis, leading to endothelial dysfunction and disruption of vascular homeostasis. Additionally, ROS can stimulate vascular smooth muscle cell proliferation and migration, contributing to intimal hyperplasia, vascular fibrosis, and atherosclerotic plaque formation.Microvascular Dysfunction: Oxidative stress contributes to microvascular dysfunction through multiple mechanisms, including impaired endothelial NO production, increased vasoconstriction, and enhanced endothelial permeability. ROS can disrupt microvascular tone regulation, leading to capillary rarefaction, tissue ischemia, and organ dysfunction. Additionally, oxidative stress can promote inflammation and oxidative damage in the microvasculature, contributing to microangiopathy and tissue injury.Mitochondrial Dysfunction: Oxidative stress can impair mitochondrial function in vascular cells, leading to increased ROS production, energy depletion, and cellular dysfunction. Mitochondrial dysfunction exacerbates oxidative stress and contributes to vascular dysfunction by promoting endothelial dysfunction, smooth muscle cell proliferation, and vascular inflammation.Overall, oxidative stress is a central mediator of vascular dysfunction, contributing to endothelial dysfunction, arterial stiffness, maladaptive vascular remodeling, microvascular dysfunction, and mitochondrial dysfunction.",""
"Vasculitis","VasculitisWhat is vasculitis?Vasculitis is a group of rare diseases characterized by inflammation of blood vessels, including arteries, veins, and capillaries. This inflammation can lead to narrowing, weakening, or even blockage of blood vessels, disrupting blood flow and causing damage to organs and tissues throughout the body. The severity and specific symptoms of vasculitis vary depending on the type and size of blood vessels affected, as well as the extent of inflammation.There are many types of vasculitis, classified based on the size of the blood vessels involved and the underlying cause. Some common types of vasculitis include:Large vessel vasculitis: Affects large arteries such as the aorta and its branches. Examples include giant cell arteritis and Takayasu arteritis.Medium vessel vasculitis: Affects medium-sized arteries. Examples include polyarteritis nodosa and Kawasaki disease.Small vessel vasculitis: Affects small blood vessels, including capillaries and small arteries. Examples include granulomatosis with polyangiitis (formerly known as Wegener’s granulomatosis), microscopic polyangiitis, and eosinophilic granulomatosis with polyangiitis (formerly known as Churg-Strauss syndrome).Vasculitis associated with systemic diseases: Some forms of vasculitis are associated with underlying systemic diseases, such as rheumatoid arthritis, systemic lupus erythematosus, or infections like hepatitis B or C.The exact cause of vasculitis is often unknown, but it is believed to involve a combination of genetic, environmental, and immunological factors. In many cases, vasculitis is thought to result from an abnormal immune response, where the immune system mistakenly attacks blood vessel walls, triggering inflammation. This can lead to a wide range of symptoms, including fever, fatigue, weight loss, joint pain, skin rashes, nerve damage, and organ dysfunction, depending on the organs affected.What is the relationship between vasculitis and oxidative stress?The relationship between vasculitis and oxidative stress involves a complex interplay between inflammation, immune dysregulation, and oxidative damage within blood vessels. Oxidative stress refers to an imbalance between the production of reactive oxygen species (ROS) and the body’s ability to neutralize them with antioxidants. In the context of vasculitis, oxidative stress can contribute to tissue injury, endothelial dysfunction, and progression of vascular damage. Here’s how vasculitis and oxidative stress are related:Inflammation-induced ROS production: In vasculitis, the immune system launches an inflammatory response against blood vessel walls, leading to the release of pro-inflammatory cytokines and the recruitment of immune cells to the site of inflammation. Activated immune cells, such as neutrophils and macrophages, generate ROS as part of their antimicrobial defense mechanisms. However, excessive ROS production can overwhelm antioxidant defenses and contribute to oxidative stress.Endothelial dysfunction: The endothelium, which lines the inner surface of blood vessels, plays a crucial role in regulating vascular tone, inflammation, and coagulation. Oxidative stress can disrupt endothelial function by damaging endothelial cells and impairing the release of vasodilators such as nitric oxide (NO). This endothelial dysfunction further exacerbates inflammation and promotes vascular injury in vasculitis.Lipid peroxidation: ROS can react with lipids in cell membranes, initiating a chain reaction known as lipid peroxidation. This process generates lipid hydroperoxides and other toxic byproducts, which can damage endothelial cells and promote atherosclerosis and thrombosis. In vasculitis, lipid peroxidation contributes to vascular remodeling and the formation of inflammatory lesions within blood vessel walls.Antioxidant defense mechanisms: The body has intrinsic antioxidant defense mechanisms to counteract oxidative stress and protect against cellular damage. However, in vasculitis, the balance between ROS production and antioxidant defense may be disrupted, leading to sustained oxidative stress and tissue injury. Reduced levels of endogenous antioxidants, such as superoxide dismutase, catalase, and glutathione peroxidase, have been observed in individuals with vasculitis, further exacerbating oxidative damage.Role in disease progression: Oxidative stress is implicated in the pathogenesis and progression of vasculitis, contributing to endothelial dysfunction, vascular remodeling, and tissue damage. Chronic oxidative stress can perpetuate inflammation, promote immune dysregulation, and increase susceptibility to vascular complications such as thrombosis, aneurysm formation, and tissue ischemia.Overall, oxidative stress plays a significant role in the pathophysiology of vasculitis, contributing to vascular injury and disease progression.",""
"Ventilator-Induced Lung Injury","Ventilator-Induced Lung InjuryWhat is Ventilator-Induced Lung Injury (VILI)?Ventilator-induced lung injury (VILI) is a form of lung damage that can occur as a complication of mechanical ventilation, particularly in individuals with pre-existing lung injury or acute respiratory distress syndrome (ARDS). Mechanical ventilation is a life-saving intervention used to support breathing in patients who are unable to adequately exchange oxygen and carbon dioxide on their own. However, if not carefully managed, mechanical ventilation can cause or exacerbate lung injury, leading to VILI.Several mechanisms contribute to the development of VILI:Barotrauma: Mechanical ventilation delivers air or oxygen to the lungs under pressure, which can cause overdistension of the alveoli (air sacs) beyond their physiological limits. This overdistension, known as barotrauma, can lead to alveolar rupture, resulting in air leaks into the surrounding tissues (pneumothorax) or the mediastinum (pneumomediastinum).Volutrauma: Volutrauma refers to lung injury caused by excessive tidal volumes delivered during mechanical ventilation. High tidal volumes can stretch and damage the lung parenchyma, particularly in regions with heterogeneous lung compliance, leading to alveolar damage, inflammation, and impaired gas exchange.Atelectrauma: Atelectrauma occurs when mechanical ventilation leads to repetitive opening and closing of collapsed alveoli, causing shear stress and inflammation in the lung tissue. This cyclic recruitment and derecruitment of alveoli can exacerbate lung injury and contribute to the release of pro-inflammatory mediators.Oxygen Toxicity: High concentrations of oxygen delivered during mechanical ventilation can lead to oxidative stress and lung injury. Oxygen toxicity results from the generation of reactive oxygen species (ROS), which can damage cellular components such as lipids, proteins, and DNA, leading to inflammation and tissue injury.Biotrauma: Mechanical ventilation can trigger an inflammatory response in the lungs, known as biotrauma, characterized by the release of pro-inflammatory cytokines, chemokines, and other mediators. This inflammatory response can further exacerbate lung injury and contribute to systemic inflammation and organ dysfunction.What is the relationship between VILI and oxidative stress?The relationship between ventilator-induced lung injury (VILI) and oxidative stress involves complex interactions between mechanical ventilation-induced lung trauma and the generation of reactive oxygen species (ROS), leading to oxidative damage in the lung tissue. Several mechanisms contribute to the development of oxidative stress in VILI:Mechanical Strain: Mechanical ventilation with high tidal volumes and pressures can cause excessive stretching and shearing forces on the lung tissue, leading to cellular damage and activation of inflammatory pathways. This mechanical strain induces the release of ROS from activated inflammatory cells, such as neutrophils and macrophages, as well as from damaged epithelial and endothelial cells.Ischemia-Reperfusion Injury: Ventilation-induced changes in lung volume and pressure can disrupt blood flow to certain areas of the lung, resulting in ischemia and subsequent reperfusion injury upon lung expansion. Ischemia-reperfusion injury is a known trigger of oxidative stress, as the reintroduction of oxygen to previously ischemic tissue leads to the generation of ROS via mitochondrial dysfunction, xanthine oxidase activation, and NADPH oxidase activation.Inflammatory Response: VILI triggers a robust inflammatory response characterized by the release of pro-inflammatory cytokines, chemokines, and reactive oxygen species. ROS are produced by inflammatory cells (such as neutrophils and macrophages) as part of their antimicrobial defense mechanisms. However, excessive ROS production can overwhelm endogenous antioxidant defenses and contribute to oxidative stress-induced lung injury.Mitochondrial Dysfunction: Mechanical ventilation-induced lung injury can disrupt mitochondrial function in lung cells, leading to impaired cellular respiration and increased ROS production. Mitochondrial dysfunction can occur due to alterations in mitochondrial membrane permeability, disruption of electron transport chain complexes, and depletion of ATP levels, exacerbating oxidative stress and cellular damage in the lung tissue.Antioxidant Depletion: Mechanical ventilation-induced oxidative stress can deplete endogenous antioxidant defenses in the lung tissue, exacerbating oxidative damage and inflammation. Antioxidant enzymes such as superoxide dismutase, catalase, and glutathione peroxidase play crucial roles in neutralizing ROS and protecting cells from oxidative damage. However, excessive ROS production during VILI can overwhelm these antioxidant defenses, leading to oxidative stress-induced lung injury.Overall, oxidative stress is a central mechanism underlying the pathogenesis of VILI, contributing to lung tissue damage, inflammation, and dysfunction.",""
"Vitiligo","VitiligoVitiligoand Hydrogen Water – Hydrogen Treatments and Therapy ResearchVitiligo is a long-term skin condition characterized by patches of depigmented or white skin. It occurs when melanocytes, the cells responsible for producing melanin (the pigment that gives skin its color), are destroyed or stop functioning. As a result, affected areas of skin lose their color and become lighter or white in appearance. Vitiligo can affect any part of the body, but it commonly occurs on sun-exposed areas such as the face, hands, arms, feet, and areas around body openings.The exact cause of vitiligo is not fully understood, but it is believed to involve a combination of genetic, autoimmune, and environmental factors. Factors that may contribute to the development of vitiligo include:Autoimmune disorder: In many cases, vitiligo is considered an autoimmune disorder, where the body’s immune system mistakenly attacks and destroys melanocytes. This autoimmune response may be triggered by genetic predisposition, environmental factors, or other immune-related conditions.Genetic factors: Family history of vitiligo is considered a risk factor for the condition, suggesting a genetic component to its development. Certain genetic variations may increase susceptibility to vitiligo or contribute to abnormalities in melanocyte function.Environmental triggers: Environmental factors such as sun exposure, exposure to certain chemicals, or emotional stress may trigger or exacerbate vitiligo in susceptible individuals. However, these factors alone are not sufficient to cause vitiligo and usually act in combination with genetic predisposition and immune dysregulation.What is the relationship between vitiligo and oxidative stress?The relationship between vitiligo and oxidative stress is a topic of ongoing research and is believed to play a role in the pathogenesis of the condition. Oxidative stress occurs when there is an imbalance between the production of reactive oxygen species (ROS) and the body’s ability to neutralize them with antioxidants. In the context of vitiligo, oxidative stress can contribute to the destruction of melanocytes (the pigment-producing cells in the skin) and the loss of skin pigmentation. Here’s how oxidative stress is thought to be related to vitiligo:Melanocyte damage: Oxidative stress can directly damage melanocytes by inducing oxidative damage to their cellular components, including DNA, proteins, and lipids. This oxidative damage can impair melanocyte function and survival, leading to their destruction and the development of depigmented patches characteristic of vitiligo.Inflammatory response: Oxidative stress can trigger an inflammatory response in the skin, leading to the release of pro-inflammatory cytokines and chemokines. These inflammatory mediators can further contribute to the destruction of melanocytes and the progression of depigmentation in vitiligo.Antioxidant defense mechanisms: The body has intrinsic antioxidant defense mechanisms to counteract oxidative stress and protect against cellular damage. However, in individuals with vitiligo, these antioxidant defenses may be impaired or overwhelmed, leading to increased susceptibility to oxidative damage. Reduced levels of antioxidants and antioxidant enzymes have been observed in the skin of individuals with vitiligo, suggesting an imbalance between oxidants and antioxidants.Genetic susceptibility: Genetic factors may also contribute to oxidative stress in vitiligo. Several genes involved in antioxidant defense pathways, DNA repair mechanisms, and immune regulation have been implicated in the development of vitiligo. Variations in these genes may affect an individual’s susceptibility to oxidative stress and their risk of developing vitiligo.Environmental triggers: Environmental factors such as sun exposure, chemical exposure, and emotional stress can exacerbate oxidative stress in individuals with vitiligo. These factors may increase the production of ROS and impair antioxidant defenses, further contributing to melanocyte damage and depigmentation.Overall, oxidative stress is believed to play a significant role in the pathogenesis of vitiligo by contributing to melanocyte damage, inflammation, and impaired antioxidant defenses.",""