Topic,Studies
Acne,"Efficacy of Hydrogen Purification and Cosmetic Acids in the Treatment of Acne Vulgaris: A ...2022 - Skin - Cosmetic Skin IssuesAcne and skin lesions that appear in its course deteriorate the quality of life of patients, cause depression and the emergence of suicidal thoughts. Cosmetic treatments can have a positive effect on improving skin condition by cleaning up skin ...

Effects of Topical Hydrogen Purification on Skin Parameters and Acne Vulgaris in Adult Women2021 - Skin - Cosmetic Skin IssuesBackground: Acne vulgaris is a prevalent dermatological disease characterized by skin eruptions, which may decrease the sufferer's quality of life. Hydrogen purification treatment is a new procedure used in cosmetology to improve the skin parameters ...

The Efficacy and Tolerability of Electrolyzed Oxidized Water in Treating Mild to Moderate Acne2004 - Skin - Cosmetic Skin IssuesThe purpose of this study was to determine the efficacy and the tolerability of the Charme™ system, a hand-held device that electrolyzes a water-based sodium chloride solution and delivers electrolyzed oxidized water (EOW) to the skin, in the ..."
Acute Kidney Injury,"Inhalation of 4% and 67% hydrogen ameliorates oxidative stress, inflammation, apoptosis, and ...2023 - Kidney - Acute Kidney InjuryAcute kidney injury (AKI) is the major complication of rhabdomyolysis (RM) clinically, which is usually mimicked by glycerol injection in basic research. Oxidative stress, inflammatory response and apoptosis are recognized to play important roles in ...

Effect of water diuresis with hydrogen saturation on the course of acute kidney damage during the ...2022 - Kidney - Acute Kidney InjuryMolecular hydrogen has the ability to penetrate cells, easily reach mitochondria, overcome body barriers, penetrate areas of ischemia, edema and inflammation, improve energy supply by supplying additional electrons and have antioxidant and ...

Development of a novel porcine ischemia/reperfusion model inducing different ischemia times in ...2022 - Kidney - Acute Kidney InjuryBackground: Acute kidney injury and its central pathology, renal ischemia reperfusion injury (IRI), have been studied in many animal models. Although renal IRI has been induced in pig models in many ways, simultaneous bilateral ischemia or unilateral ...

Hydrogen Rich Water Attenuates Renal Injury and Fibrosis by Regulation Transforming Growth Factor-β ...2017 - Kidney - Acute Kidney InjuryThe current research was designed to study the role of hydrogen in renal fibrosis and the renal epithelial to mesenchymal transition (EMT) induced by transforming growth factor-β1 (TGF-β1). Hydrogen rich water (HW) was used to treat animal and cell ...

Hydrogen-Rich Saline Promotes the Recovery of Renal Function after Ischemia/Reperfusion Injury in ...2016 - Kidney - Acute Kidney InjuryPurpose: Hydrogen is a proven novel antioxidant that selectively reduces hydroxyl radicals. In this study, we investigated the effects of hydrogen-rich saline solution on the prevention of renal injury induced by ischemia/reperfusion (I/R) and on ...

Hydrogen-Rich Saline Attenuates Acute Renal Injury in Sodium Taurocholate-Induced Severe Acute ...2015 - Kidney - Acute Kidney InjuryHydrogen (H2), a new antioxidant, was reported to reduce •OH and ONOO− selectively and inhibit certain proinflammatory mediators to product, without disturbing metabolic redox reactions or ROS involved in cell signaling. We herein aim to explore ...

Effects of hydrogen-rich saline on early acute kidney injury in severely burned rats by suppressing ...2015 - Kidney - Acute Kidney InjuryEarly acute kidney injury (AKI) in severely burned patients predicts a high mortality that is multi-factorial. Hydrogen has been reported to alleviate organ injury via selective quenching of reactive oxygen species. This study investigated the ...

Pretreatment with hydrogen-rich saline reduces the damage caused by glycerol-induced rhabdomyolysis ...2014 - Kidney - Acute Kidney InjuryBackground: Rhabdomyolysis is a leading cause of acute kidney injury. The pathophysiological process involves oxidative stress and inflammation. Hydrogen-rich saline (HRS) is an antioxidant and anti-inflammatory. This study explored the protective ...

Hydrogen-rich saline ameliorates renal injury induced by unilateral ureteral obstruction in rats2013 - Kidney - Acute Kidney InjuryHydrogen has been demonstrated to have effective protection against tissue injuries caused by oxidative stress, inflammation, and apoptosis. This study investigated the efficacy of hydrogen-rich saline (HS) on the prevention of renal injury induced ...

Protective effect of hydrogen-rich water against gentamicin-induced nephrotoxicity in rats using ...2011 - Kidney - Acute Kidney InjuryPurpose: We assessed intrarenal oxygenation in gentamicin-induced nephrotoxicity (GIN) and the protective effect of hydrogen-rich water (HW) against GIN using blood oxygenation level-dependent magnetic resonance (MR) imaging. Materials and methods: ..."
Acute Respiratory Distress Syndrome,"Hydrogen Repairs LPS-Induced Endothelial Progenitor Cells Injury via PI3K/AKT/eNOS Pathway2022 - Lung - SepsisEndotoxins and other harmful substances may cause an increase in permeability in endothelial cells (ECs) monolayers, as well as ECs shrinkage and death to induce lung damage. Lipopolysaccharide (LPS) can impair endothelial progenitor cells (EPCs) ...

Magnesium Hydride Ameliorates Endotoxin-Induced Acute Respiratory Distress Syndrome by Inhibiting ...2022 - Lung - SepsisAcute respiratory distress syndrome (ARDS) causes uncontrolled pulmonary inflammation, resulting in high morbidity and mortality in severe cases. Given the antioxidative effect of molecular hydrogen, some recent studies suggest the potential use of ..."
Acute Tubuluar Necrosis,"Saturated hydrogen alleviates CCl 4 -induced acute kidney injury via JAK2/STAT3/p65 signaling2020 - Kidney - Acute Kidney InjuryObjectives: This study assessed the protective effects of saturated hydrogen against CCl4-induced acute kidney injury (AKI) in mice, and investigated signaling pathways activated by exposure to saturated hydrogen. Methods: A mouse model of ..."
Addiction,"Hydrogen enriched saline alleviates morphine tolerance via inhibiting neuroinflammation, GLT-1, GS ...2021 - Brain - AddictionThe development and maintenance of morphine tolerance showed association with neuroinflammation and dysfunction of central glutamatergic system (such as nitration of glutamate transporter). Recent evidence indicated that hydrogen could reduce the ...

Molecular hydrogen attenuates methamphetamine-induced behavioral sensitization and activation of ...2020 - Brain - AddictionMethamphetamine (METH) is one of the most prevalently used illegal psychostimulants in many countries. Continuous exposure to METH leads to behavioral sensitization in animals, which can be used as a behavioral model with many mechanisms in common ...

Effects of Molecular Hydrogen on Methamphetamine-Induced Neurotoxicity and Spatial Memory Impairment2019 - Brain - AddictionMethamphetamine (METH) is a highly addictive stimulant, and METH exposure can induce irreversible neuronal damage and cause neuropsychiatric and cognitive disorders. The ever-increasing levels of METH abuse worldwide have necessitated the ...

Hydrogen-rich saline attenuates anxiety-like behaviors in morphine-withdrawn mice2017 - Brain - AddictionHydrogen therapy is a new medical approach for a wide range of diseases. The effects of hydrogen on central nervous system-related diseases have recently become increasingly appreciated, but little is known about whether hydrogen affects the morphine ..."
Aflatoxicosis,"Ameliorative Effects of Neutral Electrolyzed Water on Growth Performance, Biochemical Constituents, ...2017 - Whole Body - Food PoisoningDifferent in vitro and in silico approaches from our research group have demonstrated that neutral electrolyzed water (NEW) can be used to detoxify aflatoxins. The objective of this investigation was to evaluate the ability of NEW to detoxify ...

Anti-injury effect of hydrogen-enriched water in a rat model of liver injury induced by aflatoxin B12019 - Liver - Food PoisoningThe purpose of this study was to investigate the anti-injury effect and protective mechanism of hydrogen-enriched water in a rat model of acute liver injury induced by aflatoxin B1 (AFB1). Healthy male Sprague-Dawley (SD) rats were randomly divided ..."
Aging,"Attenuation of pulmonary damage in aged lipopolysaccharide-induced inflammation mice through ...2023 - Lung - AgingIntroduction: With the global population aging, there is an increased prevalence of sepsis among the elderly, a demographic particularly susceptible to inflammation. This study aimed to evaluate the therapeutic potential of hydrogen gas, known for ...

Intermittent environmental exposure to hydrogen prevents skin photoaging through reduction of ...2023 - Skin - AgingAim: Molecular hydrogen is not only expected to be used as an energy-generating resource, but also to have preventive effects on a variety of clinical manifestations related to oxidative stress through scavenging radicals or regulating gene ...

The effect of a low dose hydrogen-oxygen mixture inhalation in midlife/older adults with ...2022 - Heart - AgingObjective: To explore the effect of a low-dose hydrogen-oxygen (H2-O2) mixture inhalation in midlife/older adults with hypertension. Methods: This randomized, placebo-controlled trial included 60 participants with hypertension aged 50-70 years who ...

Effects of Natural Reduced Water on Cognitive Function, Body Composition, and Psychological Function ...2021 - Brain - AgingNatural reduced water is natural water that contains active hydrogen and reduces oxidation. It is rare in the world, and in Japan, it is produced in the Hita area of Oita Prefecture (Hita Tenryosui water). Previous studies in humans have examined the ...

Protective Effect of Molecular Hydrogen Following Different Routes of Administration on ...2021 - Whole Body - AgingBackground: Molecular hydrogen (H2) has been recognized as an effective antioxidant with no or little side effects. While it is known that oxidative stress is closely associated with aging, the beneficial effect of H2 on oxidative stress-related ...

The Anti-Inflammatory Effect of Hydrogen Gas Inhalation and Its Influence on Laser-Induced Choroidal ...2021 - Eye - AgingBackground: Age-related macular degeneration (AMD) is a leading cause of blindness in the elderly. Choroidal neovascularization (CNV) is the major pathologic feature of neovascular AMD. Oxidative damages and the ensuing chronic inflammation are ...

The effects of 6-month hydrogen-rich water intake on molecular and phenotypic biomarkers of aging in ...2021 - Whole Body - AgingIn this randomized controlled pilot trial, we investigated the effects of a 6-month intake of hydrogen-rich water (HRW) on several molecular and phenotypic biomarkers of aging in older adults aged 70 years and over. Forty older adults (20 women) were ...

Hydrogen Indirectly Suppresses Increases in Hydrogen Peroxide in Cytoplasmic Hydroxyl ...2019 - Whole Body - AgingBacteria inhabiting the human gut metabolize microbiota-accessible carbohydrates (MAC) contained in plant fibers and subsequently release metabolic products. Gut bacteria produce hydrogen (H2), which scavenges the hydroxyl radical (•OH). Because H2 ...

Electrolyzed-Reduced Water as Artificial Hot Spring Water2003 - Skin - AgingWater-electrolysis with ion-exchange membranes followed by passing through ac- tivated carbon filter conducted to produce electrolyzed-reduced water that has neutral and reductive characteristics. In addition, the electrolyzed-reduced water was also ...

Effect of electrolyzed water intake on lifespan of autoimmune disease prone mice1998 - Whole Body - AgingRecent studies on electrolyzed water indicate that anode or acidic water is most effective as disinfectants; whereas, reduced or alkaline water processed through cathode is used as safe drinking water. The present drinking water study was undertaken ..."
Alcohol Toxicity,"Hydrogen gas alleviates acute ethanol-induced hepatotoxicity in mice via modulating TLR4/9 innate ...2023 - Liver - Fatty Liver Disease (Alcoholic)Alcoholic liver disease (ALD), which is induced by chronic heavy alcohol consumption, accompanies complicated pathological mechanisms, including oxidative stress, inflammation, cell death, epigenetic changes and acetaldehyde-mediated toxicity. ...

Electrolyzed Hydrogen Water Protects against Ethanol-Induced Cytotoxicity by Regulating Aldehyde ...2021 - Liver - Liver DiseaseExcessive alcohol consumption can cause multi-systemic diseases. Among them, alcoholic liver disease is the most frequent and serious disease. Electrolytic hydrogen water (EHW) is produced at the cathode during electrolysis of water and contains a ...

Hydrogen gas alleviates acute alcohol-induced liver injury by inhibiting JNK activation2021 - Liver - Liver DiseaseBinge alcohol drinking is fast becoming a global health concern, with the liver among the first organ involved and the one afflicted with the greatest degree of injury. Oxidative stress, alterations in hepatic metabolism, immunity and inflammation ...

Anti-oxidant and anti-inflammatory effects of hydrogen-rich water alleviate ethanol-induced fatty ...2017 - Liver - Fatty Liver Disease (Alcoholic)Aim: To investigate the effects of hydrogen-rich water (HRW) treatment on prevention of ethanol (EtOH)-induced early fatty liver in mice. Methods: In vitro reduction of hydrogen peroxide by HRW was determined with a chemiluminescence system. Female ..."
Alcoholic Liver Disease,"Hydrogen gas ameliorates acute alcoholic liver injury via anti-inflammatory and antioxidant effects ...2023 - Liver - Alcoholic Liver DiseaseAlcoholic liver disease (ALD) is a globally prevalent liver-related disorder characterized by severe oxidative stress and inflammatory liver damage, for which no effective treatment is currently available. Hydrogen gas (H2) has been demonstrated to ..."
Alkali Burn,"Prophylactic Instillation of Hydrogen-Rich Water Decreases Corneal Inflammation and Promotes Wound ...2022 - Eye - Corneal InjuryMany studies have demonstrated the therapeutic effects of hydrogen in pathological conditions such as inflammation; however, little is known about its prophylactic effects. The purpose of this study is to investigate the prophylactic effects of ...

Retracted: An Immunohistochemical Study of the Increase in Antioxidant Capacity of Corneal ...2020 - Eye - Corneal InjuryCorneal alkali burns are potentially blinding injuries. Alkali induces oxidative stress in corneas followed by excessive corneal inflammation, neovascularization, and untransparent scar formation. Molecular hydrogen (H2), a potent reactive oxygen ...

Hydrogen promotes the activation of Cu, Zn superoxide dismutase in a rat corneal alkali-burn model2020 - Eye - Corneal InjuryAim: To investigate the effects of hydrogen (H2) on Cu, Zn superoxide dismutase (SOD1) activation in a rat model of corneal alkali burn. Methods: In each rat, one cornea was subjected to alkali exposure. Physiological saline (saline group) or ...

Retracted: Molecular Hydrogen Effectively Heals Alkali-Injured Cornea via Suppression of Oxidative ...2017 - Eye - Corneal InjuryThe aim of this study was to examine the effect of molecular hydrogen (H2) on the healing of alkali-injured cornea. The effects of the solution of H2 in phosphate buffered saline (PBS) or PBS alone topically applied on the alkali-injured rabbit ...

Hydrogen and N-Acetyl-L-Cysteine Rescue Oxidative Stress-Induced Angiogenesis in a Mouse Corneal ...2011 - Eye - Corneal InjuryTo investigate the role of reactive oxygen species (ROS) as the prime initiators of the angiogenic response after alkali injury of the cornea and observe the effects of antioxidants in preventing angiogenesis. The corneal epithelia of SOD-1-deficient ..."
Alzheimer's Disease,"Effects of Hydrogen Gas Inhalation on Community-Dwelling Adults of Various Ages: A Single-Arm, ...2023 - Brain - Alzheimer's DiseaseMolecular hydrogen (H2) is a versatile therapeutic agent. H2 gas inhalation is reportedly safe and has a positive impact on a range of illnesses, including Alzheimer's disease (AD). Herein, we investigated the effects of 4 weeks of H2 gas inhalation ...

Efficacy of donepezil plus hydrogen-oxygen mixture inhalation for treatment of patients with ...2023 - Brain - Alzheimer's DiseaseTo investigate the clinical effect of donepezil combined with hydrogen-oxygen mixture inhalation in the treatment of patients with Alzheimer disease (AD), a total of 273 AD patients admitted to our hospital from March 2018 to March 2022 were ...

Therapeutic Inhalation of Hydrogen Gas for Alzheimer’s Disease Patients and Subsequent ...2023 - Brain - Alzheimer's Disease(1) Background: Alzheimer's disease (AD) is a progressive and fatal neurodegenerative disorder. Hydrogen gas (H2) is a therapeutic medical gas with multiple functions such as anti-oxidant, anti-inflammation, anti-cell death, and the stimulation of ...

Hydrogen-rich water ameliorates neuropathological impairments in a mouse model of Alzheimer’s ...2022 - Brain - Alzheimer's DiseaseHydrogen exhibits the potential to treat Alzheimer's disease. Stereotactic injection has been previously used as an invasive method of administering active hydrogen, but this method has limitations in clinical practice. In this study, triple ...

Sustained release of bioactive hydrogen by Pd hydride nanoparticles overcomes Alzheimer’s ...2019 - Brain - Alzheimer's DiseaseOxidative stress-induced mitochondrial dysfunction plays an important role in the pathogenesis of Alzheimer's disease (AD). Hydrogen molecule, a special antioxidant, can selectively scavenge highly cytotoxic reactive oxygen species such as ·OH, ...

Hydrogen-rich water improves cognitive impairment gender-dependently in APP/PS1 mice without ...2018 - Brain - Alzheimer's DiseaseAlzheimer's disease (AD) is characterised as a provoked inflammatory response and oxidative stress along with amyloid β peptide (Aβ) deposition and neurofibrillary tangles in the brain, and effective treatment is greatly needed. Molecular hydrogen, ...

Electrolyzed-reduced water mitigates amyloid beta toxicity via DAF-16 in C. elegans2016 - Brain - Alzheimer's DiseaseAlzheimer’s disease is an age-related neurodegenerative disease. Extracellular aggregation of amyloid beta is a well-known hallmark of Alzheimer’s disease and believed to be critical for the development of Alzheimer’s disease. Lots of efforts ...

Hydrogen-rich water attenuates amyloid β-induced cytotoxicity through upregulation of Sirt1-FoxO3a ...2015 - Brain - Alzheimer's DiseaseAmyloid β (Aβ) peptides are identified in cause of neurodegenerative diseases such as Alzheimer's disease (AD). Previous evidence suggests Aβ-induced neurotoxicity is linked to the stimulation of reactive oxygen species (ROS) production. The ...

Hydrogen-rich saline reduces oxidative stress and inflammation by inhibit of JNK and NF-kappa B ...2011 - Brain - Alzheimer's DiseaseThis study is to examine if hydrogen-rich saline reduced amyloid-beta (A beta) induced neural inflammation and oxidative stress in a rat model by attenuation of activation of JNK and NF-kappa B. Sprague-Dawley male rats (n = 18,280-330 g) were ...

Hydrogen-rich saline improves memory function in a rat model of amyloid-beta-induced ...2010 - Brain - Alzheimer's DiseaseThis study is to examine if hydrogen-rich saline reduced amyloid beta (Abeta) induced neural inflammation, and learning and memory deficits in a rat model. S-D male rats (n=84, 280-330g) were divided into three groups, sham-operated, Abeta1-42 ..."
Amyloid Beta Toxicity,"Hydrogen-rich water ameliorates neuropathological impairments in a mouse model of Alzheimer’s ...2022 - Brain - Alzheimer's DiseaseHydrogen exhibits the potential to treat Alzheimer's disease. Stereotactic injection has been previously used as an invasive method of administering active hydrogen, but this method has limitations in clinical practice. In this study, triple ...

Sustained release of bioactive hydrogen by Pd hydride nanoparticles overcomes Alzheimer’s ...2019 - Brain - Alzheimer's DiseaseOxidative stress-induced mitochondrial dysfunction plays an important role in the pathogenesis of Alzheimer's disease (AD). Hydrogen molecule, a special antioxidant, can selectively scavenge highly cytotoxic reactive oxygen species such as ·OH, ...

Hydrogen-rich water improves cognitive impairment gender-dependently in APP/PS1 mice without ...2018 - Brain - Alzheimer's DiseaseAlzheimer's disease (AD) is characterised as a provoked inflammatory response and oxidative stress along with amyloid β peptide (Aβ) deposition and neurofibrillary tangles in the brain, and effective treatment is greatly needed. Molecular hydrogen, ...

Electrolyzed-reduced water mitigates amyloid beta toxicity via DAF-16 in C. elegans2016 - Brain - Alzheimer's DiseaseAlzheimer’s disease is an age-related neurodegenerative disease. Extracellular aggregation of amyloid beta is a well-known hallmark of Alzheimer’s disease and believed to be critical for the development of Alzheimer’s disease. Lots of efforts ...

Hydrogen-rich water attenuates amyloid β-induced cytotoxicity through upregulation of Sirt1-FoxO3a ...2015 - Brain - Alzheimer's DiseaseAmyloid β (Aβ) peptides are identified in cause of neurodegenerative diseases such as Alzheimer's disease (AD). Previous evidence suggests Aβ-induced neurotoxicity is linked to the stimulation of reactive oxygen species (ROS) production. The ...

Hydrogen-rich saline reduces oxidative stress and inflammation by inhibit of JNK and NF-kappa B ...2011 - Brain - Alzheimer's DiseaseThis study is to examine if hydrogen-rich saline reduced amyloid-beta (A beta) induced neural inflammation and oxidative stress in a rat model by attenuation of activation of JNK and NF-kappa B. Sprague-Dawley male rats (n = 18,280-330 g) were ...

Hydrogen-rich saline improves memory function in a rat model of amyloid-beta-induced ...2010 - Brain - Alzheimer's DiseaseThis study is to examine if hydrogen-rich saline reduced amyloid beta (Abeta) induced neural inflammation, and learning and memory deficits in a rat model. S-D male rats (n=84, 280-330g) were divided into three groups, sham-operated, Abeta1-42 ..."
Amyotrophic Laterial Sclerosis,"Treatment with Hydrogen-Rich Saline Delays Disease Progression in a Mouse Model of Amyotrophic ...2015 - Brain - Amyotrophic Laterial SclerosisAmyotrophic lateral sclerosis (ALS) is the most frequent adult-onset motor neuron disease, and accumulating evidence indicates that oxidative mechanisms contribute to ALS pathology, but classical antioxidants have not performed well in clinical ..."
Anxiety,"Effects of hydrogen water and psychological treatment in a sample of women with panic disorder: a ...2022 - Brain - AnxietyResearch suggests that inflammation is an important mediator in the pathophysiology of anxiety disorders. In addition, women are more likely to develop an anxiety and depression disorder, in comorbidity with a wide spectrum of diseases related to the ...

Hydrogen-rich water for improvements of mood, anxiety, and autonomic nerve function in daily life2018 - Brain - AnxietyHealth and a vibrant life are sought by everyone. To improve quality of life (QOL), maintain a healthy state, and prevent various diseases, evaluations of the effects of potentially QOL-increasing factors are important. Chronic oxidative stress and ...

Natural reduced water suppressed anxiety and protected the heightened oxidative stress in rats2017 - Brain - AnxietyBackground: In Japan, the effects of reduced water, such as hydrogen-rich electrolyzed reduced water and natural reduced water, like Hita Tenryosui water®, have been examined. The purpose of the present study was to identify the role of natural ..."
Aplastic Anemia,Therapeutic Effects of Hydrogen-Rich Solution on Aplastic Anemia in Vivo2013 - Bone Marrow - Immune DysfunctionBackground: Aplasitc anemia (AA) is a bone marrow failure syndrome characterized by an immune-mediated destruction of hematopoietic stem cells. Though clinical symptoms could be ameliorated by bone marrow transplantation and/or immunosuppressive ...
Asphyxial Encephalopathy,"Molecular hydrogen alleviates asphyxia-induced neuronal cyclooxygenase-2 expression in newborn pigs2018 - Brain - Brain InjuryCyclooxygenase-2 (COX-2) has an established role in the pathogenesis of hypoxic-ischemic encephalopathy (HIE). In this study we sought to determine whether COX-2 was induced by asphyxia in newborn pigs, and whether neuronal COX-2 levels were affected ...

Delayed Neurovascular Dysfunction Is Alleviated by Hydrogen in Asphyxiated Newborn Pigs2013 - Brain - Brain InjuryBackground: The neurovascular unit encompasses the functional interactions of cerebrovascular and brain parenchymal cells necessary for the metabolic homeostasis of neurons. Previous studies indicated marked but only transient (1-4 h) reactive oxygen ...

Hydrogen is neuroprotective and preserves cerebrovascular reactivity in asphyxiated newborn pigs2010 - Brain - Brain InjuryHydrogen (H2) has been reported to neutralize toxic reactive oxygen species. Oxidative stress is an important mechanism of neuronal damage after perinatal asphyxia. We examined whether 2.1% H2-supplemented room air (H2-RA) ventilation would preserve ..."
Asthma,"Molecular hydrogen alleviates asthma through inhibiting IL-33/ILC2 axis2021 - Lung - AsthmaBackground: Asthma is one of the most common noninfectious chronic diseases characterized by type II inflammation. This study aimed to investigate the effects of molecular hydrogen on the pathogenesis of asthma. Methods: OVA sensitized asthma mouse ...

Effects of high-fat diet on the epithelial-mesenchymal transition of respiratory tract through the ...2020 - Lung - AsthmaBackground High fat diet is extensively studied to be associated with trending metabolic diseases. In addition to type 2 diabetes and hypertension, high fat diet is strongly associated with asthma and other respiratory diseases among children ...

Hydrogen Attenuates Allergic Inflammation by Reversing Energy Metabolic Pathway Switch2020 - Lung - AsthmaMechanisms mediating the protective effects of molecular hydrogen (H2) are not well understood. This study explored the possibility that H2 exerts its anti-inflammatory effect by modulating energy metabolic pathway switch. Activities of glycolytic ...

The combination of alkaline water provision and asthma-induced gymnastics towards peak expiratory ...2019 - Lung - AsthmaBackground: Asthma is an abnormality in the form of chronic airway inflammation which can be reduced by providing asthma-induced gymnastics and healthy lifestyle such as consuming alkaline water.Aims: The objective of this study is to examine a ...

Hydrogen gas inhalation enhances alveolar macrophage phagocytosis in an ovalbumin-induced asthma ...2019 - Lung - AsthmaBackground: Maintaining an airway clear of bacteria, foreign particles and apoptotic cells by alveolar macrophages is very essential for lung homeostasis. In asthma, the phagocytic capacity of alveolar macrophages is significantly reduced, which is ...

Inhalation of hydrogen gas attenuates airway inflammation and oxidative stress in allergic asthmatic ...2018 - Lung - AsthmaBackground Asthma is a worldwide common chronic airway disease that cannot be cured and results in the huge burden in public health. Oxidative stress was considered an important mechanism in the pathogenesis of asthma. Hydrogen gas been demonstrated ...

Hydrogen-rich saline reduces airway remodeling via inactivation of NF-κB in a murine model of ...2013 - Lung - AsthmaRecent studies suggest that hydrogen has great therapeutic and prophylactic potential against organ injury caused by oxidative stress and inflammation. Here we investigated the effect of hydrogen-rich saline on airway inflammation and remodeling in a ...

Molecular hydrogen suppresses FcεRI-mediated signal transduction and prevents degranulation of mast ...2009 - Lung - AsthmaMolecular hydrogen ameliorates oxidative stress-associated diseases in animal models. We found that oral intake of hydrogen-rich water abolishes an immediate-type allergic reaction in mice. Using rat RBL-2H3 mast cells, we demonstrated that hydrogen ..."
Atherosclerosis,"Hydrogen attenuated oxidized low‑density lipoprotein‑induced inflammation through the ...2018 - Heart - AtherosclerosisChronic inflammation is a central pathogenic mechanism underlying the induction and progression of atherosclerosis (AS). Hydrogen has been demonstrated to serve a protective role in diverse models of disease. However, the potential effects and ...

Molecular Hydrogen stabilizes atherosclerotic plaque in low-density lipoprotein receptor knockout ...2015 - Heart - AtherosclerosisHydrogen (H2) attenuates the development of atherosclerosis in mouse models. We aimed to examine the effects of H2 on atherosclerotic plaque stability. Low-density lipoprotein receptor knockout (LDLR(-/-)) mice fed an atherogenic-diet were dosed ...

Hydrogen Activates ATP-Binding Cassette Transporter A1-Dependent Efflux Ex Vivo and Improves ...2015 - Heart - AtherosclerosisContext We have found that hydrogen (dihydrogen; H2) decreases plasma low-density lipoprotein cholesterol (LDL-C) levels and improves high-density lipoprotein (HDL) function in patients with potential metabolic syndrome in a before-after ...

Effect of Alkaline Water on the Lipid Profile in Wistar Rats2015 - Heart - AtherosclerosisBackgrounds: Alkaline water could be prepared through both electro-chemical and natural ways and previous studies have shown that alkaline water scavenges oxygen radicals in cell culture. It’s expected that alkaline water has positive and ...

Consumption of water containing over 3.5 mg of dissolved hydrogen could improve vascular endothelial ...2014 - Heart - AtherosclerosisBackground: The redox imbalance between nitric oxide and superoxide generated in the endothelium is thought to play a pivotal role in the development of endothelial dysfunction. A third reactive oxygen species (ROS), H2O2, is known to have both ...

Administration of hydrogen-saturated saline decreases plasma low-density lipoprotein cholesterol ...2012 - Heart - AtherosclerosisHydrogen (dihydrogen; H(2)) has an antiatherosclerotic effect in apolipoprotein (apo) E knockout mice. The goals of this study were to further characterize the effects of H(2) on the content, composition, and biological activities of plasma ...

Hydrogen decreases athero-susceptibility in apolipoprotein B-containing lipoproteins and aorta of ...2012 - Heart - AtherosclerosisIt is to characterize the underlying molecular mechanisms of the anti-atherosclerotic effects of hydrogen (dihydrogen; H(2)), a novel antioxidant. In particular, to examine the effects of hydrogen on athero-susceptibility in lipoproteins and aorta of ...

Hydrogen-rich water prevents lipid deposition in the descending aorta in a rat periodontitis model2012 - Heart - AtherosclerosisObjective: Periodontitis has been causally linked to atherosclerosis, which is mediated by the oxidative stress. As hydrogen-rich water (HW) scavenges reactive oxygen species (ROS), we hypothesized that HW could prevent lipid deposition induced by ...

H2 inhibits TNF-α-induced lectin-like oxidized LDL receptor-1 expression by inhibiting nuclear ...2011 - Heart - AtherosclerosisH(2) is a therapeutic antioxidant that can reduce oxidative stress. Oxidized low-density lipoprotein, which plays roles in atherosclerosis, may promote endothelial dysfunction by binding the cell-surface receptor LOX-1. LOX-1 expression can be ...

Consumption of hydrogen water prevents atherosclerosis in apolipoprotein E knockout mice2008 - Heart - AtherosclerosisOxidative stress is implicated in atherogenesis; however most clinical trials with dietary antioxidants failed to show marked success in preventing atherosclerotic diseases. We have found that hydrogen (dihydrogen; H(2)) acts as an effective ..."
Atrophy,"Therapeutic Potential of Hydrogen-Rich Water on Muscle Atrophy Caused by Immobilization in a Mouse ...2023 - Muscle - Disuse AtrophySkeletal muscle atrophy is associated with poor quality of life and disability. Thus, finding a new strategy for the prevention and treatment of skeletal muscle atrophy is very crucial. This study aimed to investigate the therapeutic potential of ...

Effect of Molecular Hydrogen Saturated Alkaline Electrolyzed Water on Disuse Muscle Atrophy in ...2011 - Muscle - Disuse AtrophyThe objectives of this paper were to determine the level of oxidative stress in atrophied gastrocnemius, and to verify the effect of molecular hydrogen (H2) saturated alkaline electrolyzed water (HSW) on gastrocnemius atrophy by modifying the redox ..."
Auditory Neuropathy,"Inhalation of hydrogen gas attenuates ouabain-induced auditory neuropathy in gerbils2012 - Ear - Hearing LossAim: Auditory neuropathy (AN) is a hearing disorder characterized by abnormal auditory nerve function with preservation of normal cochlear hair cells. This study was designed to investigate whether treatment with molecular hydrogen (H(2)), which can ..."
Autism Spectrum Disorder,"Hydrogen-Rich Water Ameliorates Autistic-Like Behavioral Abnormalities in Valproic Acid-Treated ...2018 - Brain - Autism Spectrum DisorderDue to its anti-inflammatory and anti-oxidative effects, recent research has demonstrated that molecular hydrogen can serve as a new medical approach for depression, anxiety and traumatic brain injury. However, its potential effects on ..."
Bacterial Infection,"Revealing the antibacterial power of hydrogen-releasing PdH nanohydride against drug resistant ...2023 - Whole Body - Antibiotic ResistanceCurrently, multidrug resistant (MDR) bacterial infections are a great threat to public health, and the development of novel strategies for high efficiency combatting of MDR bacteria is in urgent demand. Hydrogen (H2) is a small gas with a high ...

Hydrogen helps to ameliorate Staphylococcus aureus-induced mastitis in mice2022 - Breast - MastitisMany studies have shown that hydrogen has anti-inflammatory and anti-oxidant effects. Because of its ability to quickly pass through cell membranes, hydrogen has become a hot spot in the research of inflammatory diseases. Vitamin E glycerin (VEG) and ...

Response of Escherichia coli to hydrogen nanobubbles: an in vitro evaluation using synchrotron ...2021 - Whole Body - Hydrogen BiologyHydrogen (H2)-rich water, an apparent source of molecular H2, is an emerging functional drink with many purported benefits for human health (Yang et al., 2020; Ostojic, 2021). The preventive and therapeutic effects of H2 on various pathological ...

Assessment of antibacterial effect of hydrogen water on plaque from patients with chronic ...2021 - Mouth - PeriodontitisBackground: Periodontitis is an inflammatory disease causing destruction of tissues surrounding the teeth. The primary etiological factor for periodontitis is plaque. An inference could be drawn that an overall reduction in microorganisms halts ...

In vitro bactericidal activity against periodontopathic bacteria by electrolyzed ion-reduced water2011 - Mouth - PeriodontitisAs typical periodontopathic bacteria, Porphyromonas gingivalis (P. gingivalis) and Aggregatibacter actinomycetemcomitans (A. actinomycetemcomitans) were exposed to electrolyzed ion-reduced water (ERI) and ERI containing 1% sodium ...

Antibacterial effect of electrolysed acid water on the nasal discharge from patients with chronic ...2010 - Nose - RhinosinusitisThis study was conducted to determine whether electrolysed acid water (EAW) increased the antibacterial effect of irrigating solution used in the management of chronic rhinosinusitis (CRS). One hundred CRS patients were recruited from April 2008 to ...

Antibacterial effect of electrolyzed water on oral bacteria2006 - Mouth - PeriodontitisThis study investigated the antibacterial effect of electrolyzed water on oral bacteria both in vitro and in vivo. Tap water was electrolyzed in a water vessel using platinum cell technology. The electrolyzed tap water (called Puri-water) was put in ...

The bactericidal effects of electrolyzed oxidizing water on bacterial strains involved in hospital ...2003 - Whole Body - Surgery/TransplantationThe study is designed to investigate bactericidal actions of electrolyzed oxidizing water on hospital infections. Ten of the most common opportunistic pathogens are used for this study. Cultures are inoculated in 4.5 mL of electrolyzed oxidizing (EO) ...

Management with Closed Irrigation for Post-Sternotomy Mediastinitis: Experience with the Use of ...2003 - Whole Body - Surgery/TransplantationThe aim of this study was to assess the adequacy of our treatment strategy for patients with post-sternotomy mediastinitis. Between May 1997 and December 2000, 1,045 consecutive adult cardiac operations were performed at our center. Mediastinitis ...

Successful Treatment of Mediastinitis after Cardiovascular Surgery Using Electrolyzed Strong Acid ...1997 - Whole Body - Surgery/TransplantationDilute povidone-iodine solution has been widely used as an irrigant for the treatment of mediastinitis. However, its use is not without adverse effects and often cause? poor growth of pinulation tissues. To avoid the problems seen with the use of ..."
Bile Duct Injury,"Molecular hydrogen accelerates the reversal of acute obstructive cholangitis‑induced liver ...2019 - Liver - Obstructive JaundiceGap junctions (GJs) and tight junctions (TJs) are essential to maintain the function of hepatocytes. Changes in biliary tract pressure and the effect of lipopolysaccharide (LPS) may lead to acute obstructive cholangitis (AOC) and cause liver injury ...

Hydrogen-rich saline protects against mitochondrial dysfunction and apoptosis in mice with ...2016 - Liver - Obstructive JaundicePrevious studies have demonstrated that hydrogen-rich saline (HS) protects against bile duct ligation (BDL)-induced liver injury by suppressing oxidative stress and inflammation. Mitochondria, which are targets of excessive reactive oxygen species ...

Hydrogen-rich saline protects against liver injury in rats with obstructive jaundice2010 - Liver - Obstructive JaundiceHydrogen selectively reduces levels of hydroxyl radicals and alleviates acute oxidative stress in many models. Hydrogen-rich saline provides a high concentration of hydrogen that can be easily and safely applied. In this study, we investigated the ..."
Bladder Outlet Obstruction,Preventive Effect of Hydrogen Water on the Development of Detrusor Overactivity in a Rat Model of ...2016 - Bladder - Bladder Outlet ObstructionPurpose: Bladder ischemia and oxidative stress contribute to the pathogenesis of bladder dysfunction caused by bladder outlet obstruction (BOO). Molecular hydrogen (H2) reportedly acts as an effective antioxidant. We investigated whether oral ...
Blunt Chest Trauma,Hydrogen inhalation attenuates lung contusion after blunt chest trauma in mice2023 - Lung - Blunt Chest TraumaBackground: Lung contusion caused by blunt chest trauma evokes a severe inflammatory reaction in the pulmonary parenchyma that may be associated with acute respiratory distress syndrome. Although hydrogen gas has antioxidant and anti-inflammatory ...
Brain Injury,"Hydrogen-Rich Saline-A Novel Neuroprotective Agent in a Mouse Model of Experimental Cerebral ...2023 - Brain - Brain InjuryBackground: Our previous research revealed that inflammation plays an important role in the pathophysiology of cerebral ischemia. The function of the NOD-like receptor protein 3 (NLRP3) inflammasome is to activate the inflammatory process. Recent ...

Hydrogen-rich water reduces cell damage by reducing excessive autophagy in mouse neuronal cells ...2023 - Brain - Brain InjuryObjective: To investigate whether hydrogen-rich water exerts a protective effect against cellular injury by affecting the level of autophagy after oxygen glucose deprivation/reoxygenation (OGD/R) in a mouse hippocampal neuronal cell line (HT22 ...

Transcriptomic and metabolomic studies on the protective effect of molecular hydrogen against ...2023 - Brain - Brain InjuryBackground: Excessive doses of electromagnetic radiation pose a negative impact on the central nervous system and lead to mental disorders. Molecular hydrogen can scavenge intracellular hydroxyl radicals, acting as an antioxidant, anti-apoptotic and ...

Impact of hydrogen gas inhalation during therapeutic hypothermia on cerebral hemodynamics and ...2023 - Brain - Brain InjuryWe previously reported the neuroprotective potential of combined hydrogen (H2) gas ventilation therapy and therapeutic hypothermia (TH) by assessing the short-term neurological outcomes and histological findings of 5-day neonatal hypoxic-ischemic ...

Pharmacokinetics of hydrogen administered intraperitoneally as hydrogen-rich saline and its effect ...2022 - Brain - Brain InjuryIntraperitoneal administration of hydrogen (H2)-containing saline inhibited neuronal cell death in ischemic stroke in a number of animal models, but it is unknown whether H2 is absorbed from the abdominal cavity into the blood and reaches the brain. ...

Hydrogen Attenuated Inflammation Response and Oxidative in Hypoxic Ischemic Encephalopathy via Nrf2 ...2021 - Brain - Brain InjuryHypoxia and ischemia cause neonatal encephalopathy and brain injury and can further result in cerebral palsy, cognitive impairment, growth restriction, and epilepsy. Induction of neuroprotection is a crucial therapeutic strategy for the treatment of ...

Molecular hydrogen alleviates lung injury after traumatic brain injury: Pyroptosis and apoptosis2021 - Brain - Brain InjuryBackground: Traumatic brain injury (TBI)-induced acute lung injury (ALI) is a critical condition, and inflammation and apoptosis play essential roles. Molecular hydrogen (H2) exerts anti-inflammatory and anti-apoptotic effects. Our previous work has ...

Hydrogen-Rich Water Improves Cognitive Ability and Induces Antioxidative, Antiapoptotic, and ...2021 - Brain - Brain InjuryBackground: Cerebral ischemia and its reperfusion injury facilitate serious neurodegenerative diseases such as dementia due to cell death; however, there is currently no treatment for it. Reactive oxygen species is one of the many factors that induce ...

Hydrogen-rich saline alleviates early brain injury through regulating of ER stress and autophagy ...2021 - Brain - Brain InjuryPurpose: Subarachnoid hemorrhage (SAH) is a common complication of cerebral vascular disease. Hydrogen has been reported to alleviate early brain injury (EBI) through oxidative stress injury, reactive oxygen species (ROS), and autophagy. Autophagy is ...

Hydrogen gas post-conditioning alleviates cognitive dysfunction and anxiety-like behavior in a rat ...2021 - Brain - Brain InjurySubarachnoid hemorrhage (SAH) results in high rates of mortality and lasting disability. Hydrogen gas (H2) is an antioxidant with demonstrated neuroprotective efficacy. The present study examined the therapeutic efficacy of H2 inhalation on early ..."
Bronchopulmonary Dysplasia,Hydrogen-rich water ameliorates bronchopulmonary dysplasia (BPD) in newborn rats2016 - Lung - Chronic Lung DiseaseBronchopulmonary dysplasia (BPD) is characterized by developmental arrest of the alveolar tissue. Oxidative stress is causally associated with development of BPD. The effects of hydrogen have been reported in a wide range of disease models and human ...
Cancer,"A drug co-delivery platform made of magnesium-based micromotors enhances combination therapy for ...2023 - Liver - CancerCombination therapy is an emerging strategy to overcome multidrug resistance (MDR) in hepatocellular carcinoma (HCC) chemotherapy treatment. However, the passive diffusion in traditional delivery systems greatly retards the approach and penetration ...

Hydrogen nanobubbles: A novel approach toward radio-sensitization agents2023 - Eye - CancerBackground: Ocular melanoma is a rare kind of eye malignancy that threatens the patient's eyesight. Radiotherapy and surgical removal are the most commonly used therapeutic modalities, and nanomedicine has lately entered this field. Brachytherapy ...

Hydrogen inhalation enhances autophagy via the AMPK/mTOR pathway, thereby attenuating ...2023 - Heart - CancerAims: Doxorubicin is a drug widely used in clinical cancer treatment, but severe cardiotoxicity limits its clinical application. Autophagy disorder is an important factor in the mechanism of doxorubicin-induced cardiac injury. As the smallest ...

Enzyme-Triggered Size-Switchable Nanosystem for Deep Tumor Penetration and Hydrogen Therapy2023 - Whole Body - CancerThe poor penetration of nanocarriers within tumor dense extracellular matrices (ECM) greatly restricts the access of anticancer drugs to the deep tumor cells, resulting in low therapeutic efficacy. Moreover, the high toxicity of the traditional ...

Rational Design of Platinum-Bismuth Sulfide Schottky Heterostructure for Sonocatalysis-Mediated ...2022 - Whole Body - CancerConventional sonodynamic therapy (SDT) is unavoidably limited by the tumor microenvironment although many sonosensitizers have been developed to improve them to a certain extent. Given this, we propose a concept of sonocatalytic hydrogen evolution ...

Hydrogen gas promotes apoptosis of lung adenocarcinoma A549 cells through X-linked inhibitor of ...2022 - Lung - CancerObjective: Lung cancer is currently the cancer with the highest incidence and death toll worldwide. Hydrogen gas has been found to affect a variety of diseases; however, the effect of hydrogen gas on patients with lung cancer has not been reported. ...

Effect of Hydrogen Inhalation Therapy on Hearing Loss of Patients With Nasopharyngeal Carcinoma ...2022 - Ear - CancerObjective: To evaluate the clinical efficacy and safety of hydrogen inhalation in improving hearing loss in patients with long-term survival of nasopharyngeal carcinoma after radiotherapy. Methods: The eustachian tube dysfunction score, pure tone air ...

Investigating the Effect of Hydrogen-Rich Water on Liver Cell Injury and Liver Cancer by Regulating ...2021 - Liver - CancerBackground Liver cancer is an extremely heterogeneous malignant disease among tumors identified to date. In recent years, a large number of studies have found that low-concentration hydrogen or hydrogen-rich water or hydrogen-saturated physiological ...

RNA sequencing analysis reveals apoptosis induction by hydrogen treatment in endometrial cancer via ...2020 - Uterus - CancerBackground: To evaluate the activity of hydrogen in endometrial cancer and elucidate its underlying molecular mechanisms. Methods: Ishikawa, HEC1A and AN3CA cells were incubated in DMEM medium with or without hydrogen. RNA sequencing was used to ...

Hydrogen–oxygen therapy can alleviate radiotherapy-induced hearing loss in patients with ...2019 - Ear - CancerThree patients with nasopharyngeal carcinoma developed binaural secretory otitis media 12, 2, and 0.5 years after radiotherapy, respectively. The secretions subsided after conventional drug and drainage treatments, but hearing continued to ..."
Candida Yeast Infection,"Efficacy of newly developed denture cleaning device on physical properties of denture material and ...2019 - Mouth - Denture CareBackground/purpose: Electrolyzed water has antimicrobial activity against oral microbes. The purpose of this study was to investigate the effects of a denture cleaning device that uses electrolyzed water on Candida biofilm on denture base-material ...

Antifungal effects of hydrogen water on the growth of Candida albicans2019 - Mouth - Fungal InfectionObjectives: This study assessed the antifungal effects of neutral electrolysis hydrogen water, an agent known for its oral anti-bacterial effects on the growth of C. albicans in vitro. Methods: Hydrogen water, denture cleansing agent, and Listerine® ...

Antifungal effect of electrolyzed hydrogen water on Candida albicans biofilm2015 - Mouth - Fungal InfectionPurpose: Candida albicans can cause mucosal disease in many vulnerable patients. Also they are associated with denture-related stomatitis. Electrolyzed water is generated by electric current passed via water using various metal electrodes and has ..."
Cardiac Arrest,"Efficacy of inhaled hydrogen on neurological outcome following brain ischaemia during post-cardiac ...2023 - Brain - Cardiac ArrestBackground: Inhaled molecular hydrogen gas (H2) has been shown to improve outcomes in animal models of cardiac arrest (CA). H2 inhalation is safe and feasible in patients after CA. We investigated whether inhaled H2 would improve outcomes after ...

Influence of oxygen concentration on the neuroprotective effect of hydrogen inhalation in a rat ...2022 - Brain - Cardiac ArrestBackground: Post-cardiac arrest (CA) brain injury is the main cause of death in patients resuscitated from CA. Previous studies demonstrated that hydrogen inhalation mitigates post-CA brain injury. However, factors affecting the efficacy of hydrogen ...

Hydrogen therapy after resuscitation improves myocardial injury involving inhibition of autophagy in ...2022 - Heart - Cardiac ArrestHydrogen (H2) therapy is a therapeutic strategy using molecular H2. Due to its ability to regulate cell homeostasis, H2 therapy has exhibited marked therapeutic effects on a number of oxidative stress-associated diseases. The present study ...

FDG-PET/CT Assessment of the Cerebral Protective Effects of Hydrogen in Rabbits with Cardiac Arrest2022 - Brain - Cardiac ArrestBackground: Anatomical imaging methods and histological examinations have limited clinical value for early monitoring of brain function damage after cardiac arrest (CA) in vivo. Objective: We aimed to assess the cerebral protective effects of ...

Hydrogen gas inhalation alleviates oxidative stress in patients with post-cardiac arrest syndrome2020 - Heart - Cardiac ArrestOxidative stress plays a key role in the pathophysiology of post-cardiac arrest syndrome. Molecular hydrogen reduces oxidative stress and exerts anti-inflammatory effects in an animal model of cardiac arrest. However, its effect on human post-cardiac ...

Feasibility and Safety of Hydrogen Gas Inhalation for Post-Cardiac Arrest Syndrome – ...2016 - Heart - Cardiac ArrestBackground: Hydrogen gas inhalation (HI) ameliorates cerebral and cardiac dysfunction in animal models of post-cardiac arrest syndrome (PCAS). HI for human patients with PCAS has never been studied.Methods and Results:Between January 2014 and January ...

The neuroprotective effects of intraperitoneal injection of hydrogen in rabbits with cardiac arrest2013 - Brain - Cardiac ArrestObjective: The purpose of this study was to investigate the neuroprotective effects of intraperitoneal injection of hydrogen (H2) in rabbits with cardiac arrest (CA). Methods: A rabbit model of CA was established by the delivery of alternating ...

H2 gas improves functional outcome after cardiac arrest to an extent comparable to therapeutic ...2012 - Heart - Cardiac ArrestAll clinical and biological manifestations related to postcardiac arrest (CA) syndrome are attributed to ischemia-reperfusion injury in various organs including brain and heart. Molecular hydrogen (H(2)) has potential as a novel antioxidant. This ..."
Cardiac Degeneration,"Histopathological influence of alkaline ionized water on myocardial muscle of mother rats1999 - Heart - Cardiac DegenerationWe have reported that a marked necrosis and subsequent fibrosis of myocardium occurred among male rats 15 weeks old given alkaline ionized water (AKW) during gestation and suckling periods, and after weaning. In this study, it was examined whether ...

Degradation of Myocardiac Myosin and Creatine Kinase in Rats Given Alkaline Ionized Water1998 - Heart - Cardiac DegenerationRecently, the authors have shown that marked necrosis and fibrosis of myocardium were observed in rats given alkaline ionized water (AKW). To clarify the cause of myocardial lesions, the activities of myosin ATPase, actomyosin ATPase and creatine ...

INFLUENCE OF ALKALINE IONIZED WATER ON RAT ERYTHROCYTE HEXOKINASE ACTIVITY AND MYOCARDIUM1997 - Heart - Cardiac DegenerationAlkaline ionized water (AKW) produced by the electrolysis of tap water (TPW) was given to pregnant rats throughout gestation. AKW was subsequently given to infants as a test group until 15 weeks old to determine changes in body and organ weights, ..."
Cardiac Hypertrophy,"Hydrogen Attenuates Thyroid Hormone-Induced Cardiac Hypertrophy in Rats by regulating angiotensin II ...2022 - Heart - Cardiac HypertrophyCardiac hypertrophy occurs as a result of high levels of thyroid hormone, which may contribute to heart failure and is closely related to oxidative stress. Hydrogen is a good antioxidant. In this study, we found that intragastric levothyroxine ..."
Cardiomyopathy,"Co-administration of hydrogen and metformin exerts cardioprotective effects by inhibiting pyroptosis ...2022 - Heart - DiabetesHydrogen is a novel medical gas with several properties, including anti-oxidative, anti-inflammatory, anti-apoptotic, anti-allergic, and energy metabolism stimulating properties. Hydrogen therapy has been proven effective in the treatment of ...

H2 Protects Against Lipopolysaccharide-Induced Cardiac Dysfunction via Blocking TLR4-Mediated ...2019 - Heart - SepsisBackground and Purpose: Septic cardiomyopathy, which is one of the features of multi-organ dysfunction in sepsis, is characterized by ventricular dilatation, reduced ventricular contractility, and reduction in ejection fraction and, if severe, can ...

Treatment with hydrogen molecule attenuates cardiac dysfunction in streptozotocin-induced diabetic ...2015 - Heart - DiabetesIntroduction: Diabetic cardiomyopathy, a disorder of the heart muscle in diabetic patients, is one of the major causes of heart failure. The aim of present study was to investigate the therapeutic effect of hydrogen molecule on streptozotocin-induced ...

Hydrogen-Rich Saline Attenuates Lipopolysaccharide-Induced Heart Dysfunction by Restoring Fatty Acid ...2015 - Heart - SepsisSepsis is common in intensive care units (ICU) and is associated with high mortality. Cardiac dysfunction complicating sepsis is one of the most important causes of this mortality. This dysfunction is due to myocardial inflammation and reduced ..."
Cardiovascular Disease,"Constitutive hydrogen inhalation prevents vascular remodeling via reduction of oxidative stress2020 - Heart - Cardiovascular DiseaseMolecular hydrogen is thought to have an inhibitory effect on oxidative stress, thereby attenuating the onset and progression of various diseases including cardiovascular disease; however, few reports have assessed the preventive effect of ...

Intravenous low redox potential saline attenuates FeCl3-induced vascular dysfunction via ...2011 - Heart - Cardiovascular DiseaseExaggerated reactive oxygen species (ROS) may contribute to vascular injury by the enhancement of CX3CL1, intercellular adhesion molecule-1 (ICAM-1), and pro-apoptotic p53 expression. Reduced water with safely antioxidant activity may protect ..."
Cataract,"Molecular Hydrogen Attenuated N-methyl-N-Nitrosourea Induced Corneal Endothelial Injury by ...2021 - Eye - Corneal InjuryPurpose: Previous work by our group has demonstrated the value of N-methyl-N-nitrosourea (MNU)-induced corneal endothelial decompensation in animal models. The aim of this study was to investigate the effect of molecular hydrogen (H2) on MNU-induced ...

Hydrogen saline prevents selenite-induced cataract in rats2013 - Eye - Corneal InjuryThe aim of this study was to investigate the potential antioxidative effect and mechanism for the protective effects of hydrogen saline on selenite-induced cataract in rats. Sprague-Dawley rat pups were divided into the following groups: control ..."
Cavities,"Inhibition of streptococcal biofilm by hydrogen water2017 - Mouth - CavitiesObjectives: The accumulation of oral bacterial biofilm is the main etiological factor of oral diseases. Recently, electrolyzed hydrogen-rich water (H-water) has been shown to act as an effective antioxidant by reducing oxidative stress. In addition ..."
Chagas Disease,Electrolyzed Oxidizing Water Modulates the Immune Response in BALB/c Mice Experimentally Infected ...2020 - Whole Body - Parasite InfectionChagas disease is a major public health problem in Latin America. The mixed Th1/Th2 immune response is required against Trypanosoma cruzi. Electrolyzed oxidizing water (EOW) has been shown to have germicidal efficacy. The objective of this study was ...
Chronic Fatigue Syndrome,Successful treatment of myalgic encephalomyelitis/chronic fatigue syndrome using hydrogen gas: four ...2024 - Brain - Chronic Fatigue SyndromeNo abstract available
Chronic Heart Failure,"Molecular Hydrogen Reduces the Degree of Endothelial Alteration under Conditions of Chronic Heart ...2023 - Heart - Chronic Heart FailureWe studied the effect of molecular hydrogen H2 on the content of circulating endothelial cells and the macrohistological structure of the heart in rats with simulated chronic heart failure. Inhalation with 2% H2 was carried out repeatedly (40 min per ...

The Effect of Molecular Hydrogen on Functional States of Erythrocytes in Rats with Simulated Chronic ...2023 - Heart - Chronic Heart FailureMolecular hydrogen has an anti-inflammatory and cardioprotective effect, which is associated with its antioxidant properties. Erythrocytes are subjected to oxidative stress in pathologies of the cardiovascular system, which is the cause of a ..."
Chronic Kidney Disease,"Hydrogen-rich water reduced oxidative stress and renal fibrosis in rats with unilateral ureteral ...2021 - Kidney - Chronic Kidney DiseaseBackground: Congenital obstructive nephropathy (CKD) is commonly implicated in the pathophysiology of chronic kidney disease occurring in the pediatric and adolescent age groups and the release of reactive oxygen species contribute to the worsening ...

Molecular Hydrogen Suppresses Renal Injury in Chronic Kidney Disease Rats2018 - Kidney - Chronic Kidney DiseaseBackground: Cathode side commercial hydrogen dissolved water (HW) exhibits low dissolved oxygen, high dissolved hydrogen and significant negative redox potential. Therapeutic applications of HW have recently been reported. Thus, the present study ..."
Chronic Obstructive Pulmonary Disease,"Can Hydrogen Water Enhance Oxygen Saturation in Patients with Chronic Lung Disease? A ...2023 - Lung - Chronic Obstructive Pulmonary DiseaseBackground: Recently, chronic lung diseases have been found to be associated with marked inflammation and oxidative stress, which leads to fibrosis in the lungs and chronic respiratory failure. This study aims to determine if hydrogen-rich water ...

The effects of hydrogen treatment in a cigarette smoke solution-induced chronic obstructive ...2022 - Lung - Chronic Obstructive Pulmonary DiseaseBackground: Molecular hydrogen, with its antioxidant and anti-inflammatory properties, may be suitable for the prevention and treatment of chronic obstructive pulmonary disease (COPD). This study aims to investigate the therapeutic efficacy of ...

Hydrogen regulates the M1/M2 polarization of alveolar macrophages in a rat model of chronic ...2021 - Lung - Chronic Obstructive Pulmonary DiseaseChronic obstructive pulmonary disease (COPD) is a respiratory disease with high morbidity and mortality worldwide, so far there is no ideal treatment method. Previous studies have shown that hydrogen (H2) is involved in the treatment of COPD as an ...

Hydrogen/oxygen therapy for the treatment of an acute exacerbation of chronic obstructive pulmonary ...2021 - Lung - Chronic Obstructive Pulmonary DiseaseBackground: To investigate whether the administration of hydrogen/oxygen mixture was superior to oxygen in improving symptoms in patients with acute exacerbation of chronic obstructive pulmonary disease (AECOPD). Methods: This prospective, ...

Hydrogen gas (XEN) inhalation ameliorates airway inflammation in asthma and COPD patients2020 - Lung - Chronic Obstructive Pulmonary DiseaseBackground: Hydrogen was proven to have anti-oxidative and anti-inflammation effects to various diseases. Aim: We wish to investigate the acute effects of inhaled hydrogen on airway inflammation in patients with asthma and chronic obstructive ...

Effect of hydrogen inhalation on IL-40 and SIgA in a Rat Model of Pulmonary Mucosal Immunity2020 - Lung - Chronic Obstructive Pulmonary DiseaseBackground Recently, some researchers have reported that PIgR expression is down-regulated in Chronic Obstructive Pulmonary Disease (COPD) and SIgA deficiency correlates with severity of airflow obstruction. What’ s more, some studies have ...

Hydrogen protects lung from hypoxia/re-oxygenation injury by reducing hydroxyl radical production ...2018 - Lung - Chronic Obstructive Pulmonary DiseaseHere we investigated whether hydrogen can protect the lung from chronic injury induced by hypoxia/re-oxygenation (H/R). We developed a mouse model in which H/R exposure triggered clinically typical lung injury, involving increased alveolar wall ..."
Cognitive Impairment,"Comprehensive brain tissue metabolomics and biological network technology to decipher the mechanism ...2023 - Brain - RadioprotectionBackground: Hydrogen-rich water (HRW) has been shown to prevent cognitive impairment caused by ionizing radiation. This study aimed to investigate the pharmacological effects and mechanisms of HRW on ionizing radiation by coupling the brain ...

Effects of Hydrogen Gas Inhalation on Community-Dwelling Adults of Various Ages: A Single-Arm, ...2023 - Brain - Alzheimer's DiseaseMolecular hydrogen (H2) is a versatile therapeutic agent. H2 gas inhalation is reportedly safe and has a positive impact on a range of illnesses, including Alzheimer's disease (AD). Herein, we investigated the effects of 4 weeks of H2 gas inhalation ...

Inhaled molecular hydrogen reduces hippocampal neuroinflammation, glial reactivity and ameliorates ...2023 - Brain - SepsisSepsis is associated with numerous physiological and biochemical abnormalities that result in a life-threatening condition. The involvement of the Central Nervous System (CNS) during sepsis has received considerable attention, especially the ...

Efficacy of donepezil plus hydrogen-oxygen mixture inhalation for treatment of patients with ...2023 - Brain - Alzheimer's DiseaseTo investigate the clinical effect of donepezil combined with hydrogen-oxygen mixture inhalation in the treatment of patients with Alzheimer disease (AD), a total of 273 AD patients admitted to our hospital from March 2018 to March 2022 were ...

Therapeutic Inhalation of Hydrogen Gas for Alzheimer’s Disease Patients and Subsequent ...2023 - Brain - Alzheimer's Disease(1) Background: Alzheimer's disease (AD) is a progressive and fatal neurodegenerative disorder. Hydrogen gas (H2) is a therapeutic medical gas with multiple functions such as anti-oxidant, anti-inflammation, anti-cell death, and the stimulation of ...

FDG-PET/CT Assessment of the Cerebral Protective Effects of Hydrogen in Rabbits with Cardiac Arrest2022 - Brain - Cardiac ArrestBackground: Anatomical imaging methods and histological examinations have limited clinical value for early monitoring of brain function damage after cardiac arrest (CA) in vivo. Objective: We aimed to assess the cerebral protective effects of ...

PPARα contributes to the therapeutic effect of hydrogen gas against sepsis-associated ...2022 - Brain - SepsisSepsis-associated encephalopathy (SAE), a fatal complication of sepsis, contributes to cognitive impairment, high morbidity, and mortality. The molecular mechanism of hydrogen (H2) administration, as a promising strategy for the treatment of SAE, is ...

Effects of Natural Reduced Water on Cognitive Function, Body Composition, and Psychological Function ...2021 - Brain - AgingNatural reduced water is natural water that contains active hydrogen and reduces oxidation. It is rare in the world, and in Japan, it is produced in the Hita area of Oita Prefecture (Hita Tenryosui water). Previous studies in humans have examined the ...

Drinking hydrogen water ameliorated cognitive impairment in senescence-accelerated mice2010 - Brain - AgingHydrogen has been reported to have neuron protective effects due to its antioxidant properties, but the effects of hydrogen on cognitive impairment due to senescence-related brain alterations and the underlying mechanisms have not been characterized. ...

Consumption of molecular hydrogen prevents the stress-induced impairments in hippocampus-dependent ...2009 - Brain - Stress ResilienceWe have reported that hydrogen (H(2)) acts as an efficient antioxidant by gaseous rapid diffusion. When water saturated with hydrogen (hydrogen water) was placed into the stomach of a rat, hydrogen was detected at several microM level in blood. ..."
Colitis,"Microbial hydrogen economy alleviates colitis by reprogramming colonocyte metabolism and reinforcing ...2022 - Intestine - Inflammatory Bowel DiseaseWith the rapid development and high therapeutic efficiency and biosafety of gas-involving theranostics, hydrogen medicine has been particularly outstanding because hydrogen gas (H2), a microbial-derived gas, has potent anti-oxidative, anti-apoptotic, ..."
Coma,"Hydrogen inhalation promotes recovery of a patient in persistent vegetative state from intracerebral ...2022 - Brain - ComaBackground: Persistent vegetative state (PVS) is a devastating and long-lasting clinical condition with high morbidity and mortality; currently, there are no available effective interventions. Case summary: We report the case of an 11-year-old boy ..."
Concussion,"An H2-infused, nitric oxide-producing functional beverage as a neuroprotective agent for TBIs and ...2021 - Brain - Traumatic Brain InjuryTraumatic brain injuries (TBIs) are a leading cause of death and disability. Sports-related TBIs are estimated to be more than several million per year. The pathophysiology of TBIs involves high levels of inflammation, oxidative stress, dysregulation ..."
Congenital Obstructive Nephropathy,Hydrogen-rich water reduced oxidative stress and renal fibrosis in rats with unilateral ureteral ...2021 - Kidney - Chronic Kidney DiseaseBackground: Congenital obstructive nephropathy (CKD) is commonly implicated in the pathophysiology of chronic kidney disease occurring in the pediatric and adolescent age groups and the release of reactive oxygen species contribute to the worsening ...
Constipation,"Daily ingestion of alkaline electrolyzed water containing hydrogen influences human health, ...2019 - Intestine - Irritable Bowel SyndromeIn Japan, alkaline electrolyzed water (AEW) apparatus have been approved as a medical device. And for the patients with gastrointestinal symptoms, drinking AEW has been found to be effective in relieving gastrointestinal symptoms. But some users of ...

The effects of methane and hydrogen gases produced by enteric bacteria on ileal motility and colonic ...2011 - Intestine - Irritable Bowel SyndromeBackground: Gases produced by intestinal flora may modulate intestinal motor function in healthy individuals as well as those with functional bowel disease. Methane, produced by enteric bacteria in the human gut, is associated with slowed intestinal ..."
Corneal Injury,"Prophylactic Instillation of Hydrogen-Rich Water Decreases Corneal Inflammation and Promotes Wound ...2022 - Eye - Corneal InjuryMany studies have demonstrated the therapeutic effects of hydrogen in pathological conditions such as inflammation; however, little is known about its prophylactic effects. The purpose of this study is to investigate the prophylactic effects of ...

Molecular Hydrogen Attenuated N-methyl-N-Nitrosourea Induced Corneal Endothelial Injury by ...2021 - Eye - Corneal InjuryPurpose: Previous work by our group has demonstrated the value of N-methyl-N-nitrosourea (MNU)-induced corneal endothelial decompensation in animal models. The aim of this study was to investigate the effect of molecular hydrogen (H2) on MNU-induced ...

Retracted: An Immunohistochemical Study of the Increase in Antioxidant Capacity of Corneal ...2020 - Eye - Corneal InjuryCorneal alkali burns are potentially blinding injuries. Alkali induces oxidative stress in corneas followed by excessive corneal inflammation, neovascularization, and untransparent scar formation. Molecular hydrogen (H2), a potent reactive oxygen ...

Hydrogen promotes the activation of Cu, Zn superoxide dismutase in a rat corneal alkali-burn model2020 - Eye - Corneal InjuryAim: To investigate the effects of hydrogen (H2) on Cu, Zn superoxide dismutase (SOD1) activation in a rat model of corneal alkali burn. Methods: In each rat, one cornea was subjected to alkali exposure. Physiological saline (saline group) or ...

Retracted: Molecular Hydrogen Effectively Heals Alkali-Injured Cornea via Suppression of Oxidative ...2017 - Eye - Corneal InjuryThe aim of this study was to examine the effect of molecular hydrogen (H2) on the healing of alkali-injured cornea. The effects of the solution of H2 in phosphate buffered saline (PBS) or PBS alone topically applied on the alkali-injured rabbit ...

Hydrogen saline prevents selenite-induced cataract in rats2013 - Eye - Corneal InjuryThe aim of this study was to investigate the potential antioxidative effect and mechanism for the protective effects of hydrogen saline on selenite-induced cataract in rats. Sprague-Dawley rat pups were divided into the following groups: control ...

Hydrogen and N-Acetyl-L-Cysteine Rescue Oxidative Stress-Induced Angiogenesis in a Mouse Corneal ...2011 - Eye - Corneal InjuryTo investigate the role of reactive oxygen species (ROS) as the prime initiators of the angiogenic response after alkali injury of the cornea and observe the effects of antioxidants in preventing angiogenesis. The corneal epithelia of SOD-1-deficient ..."
Cosmetic Skin Issues,"Effect and mechanism of hydrogen-rich bath on mice with imiquimod-induced psoriasis2023 - Skin - Cosmetic Skin IssuesThe purpose of this study was to investigate whether hydrogen-rich bath has therapeutic effect on psoriasis and its molecular mechanism. Mice with imiquimod-induced psoriasis were established and divided into groups. The mice were respectively ...

Efficacy of Hydrogen Purification and Cosmetic Acids in the Treatment of Acne Vulgaris: A ...2022 - Skin - Cosmetic Skin IssuesAcne and skin lesions that appear in its course deteriorate the quality of life of patients, cause depression and the emergence of suicidal thoughts. Cosmetic treatments can have a positive effect on improving skin condition by cleaning up skin ...

Hydrogen-rich bath with nano-sized bubbles improves antioxidant capacity based on oxygen radical ...2021 - Skin - Cosmetic Skin IssuesThis study compared the effects of hydrogen-water (HW) bath on the oxygen radical absorption-based antioxidant capacity and the inflammatory indicator, C-reactive protein (CRP), in serum between healthy volunteers and inflammatory/collagen ...

The condition of the hairline of Chinchilla lanigera after the introduction of a hydrogen ...2021 - Skin - Cosmetic Skin IssuesIt was found that the inclusion of water enriched with molecular hydrogen into the diet of a long-tailed chinchilla changed the fur quality indicators. In animals of the experimental group, the guard and downy hairs were thinner than in the control ...

Effects of Topical Hydrogen Purification on Skin Parameters and Acne Vulgaris in Adult Women2021 - Skin - Cosmetic Skin IssuesBackground: Acne vulgaris is a prevalent dermatological disease characterized by skin eruptions, which may decrease the sufferer's quality of life. Hydrogen purification treatment is a new procedure used in cosmetology to improve the skin parameters ...

Effects of hydrogen-rich water bath on visceral fat and skin blotch, with boiling-resistant hydrogen ...2019 - Skin - Cosmetic Skin IssuesHydrogen-dissolved water has been shown to improve diverse oxidation stress-related diseases, which drove us to examine effects of hydrogen-rich water on oxidation stress-related skin troubles and lipid-metabolism markers. The purpose of this study ...

Electrolytically generated hydrogen warm water cleanses the keratin-plug-clogged hair-pores and ...2018 - Skin - Cosmetic Skin IssuesBiomedical properties of hydrogen water have been extensively investigated, but the effect of hydrogen on good healthy subjects remains unclear. This study was designed to explore the hygiene improvement by electrolytically generated hydrogen warm ...

The Efficacy and Tolerability of Electrolyzed Oxidized Water in Treating Mild to Moderate Acne2004 - Skin - Cosmetic Skin IssuesThe purpose of this study was to determine the efficacy and the tolerability of the Charme™ system, a hand-held device that electrolyzes a water-based sodium chloride solution and delivers electrolyzed oxidized water (EOW) to the skin, in the ..."
Dehydration,Hydrogen-rich water ameliorates rat placental stress induced by water restriction2018 - Pregnancy - DehydrationDehydration is one of the intrauterine abnormalities that could lead to fetal growth retardation and to increase the risk of a variety of adult diseases later in life. This study were to determine the impact of hydrogen-rich water (HRW) ...
Dementia,"FoxO1-mediated autophagy plays an important role in the neuroprotective effects of hydrogen in a rat ...2019 - Brain - DementiaVascular dementia (VD) is a heterogeneous group of brain disorders in which cognitive impairment is attributed to cerebrovascular pathologies. Autophagy, a self-cannibalization mechanism, has been demonstrated to be involved in VD progression. ...

Effect of Hydrogen Water Drinking on Dementia Patient through Mechanism of Oxidative Stress and ...2019 - Brain - DementiaHydrogen water (HW) which is produced by electrolysis of water has characteristics of extremely low oxidation-reduction potential (ORP) value and high dissolved hydrogen (DH). It has been proved to have various beneficial effects including ...

Effects of Molecular Hydrogen Assessed by an Animal Model and a Randomized Clinical Study on Mild ...2018 - Brain - DementiaBackground: Oxidative stress is one of the causative factors in the pathogenesis of neurodegenerative diseases including mild cognitive impairment (MCI) and dementia. We previously reported that molecular hydrogen (H2) acts as a therapeutic and ..."
Dentin Integrity,"Influence of the acidity of electrolyzed water on the microhardness of inner layer dentin2019 - Mouth - Dentin IntegrityBackground/purpose: Electrolyzed water has been identified as an effective disinfectant that could represent as an alternative to sodium hypochlorite. Unfortunately, it remains unclear whether the texture or physical properties of dentin are affected ...

Effect of different acidities of electrolyzed water on dentin surface roughness, decalcification and ...2016 - Mouth - Dentin IntegrityThis study investigated the exposed coronal superficial dentin of 28 human molars were immersed in strongly acidic electrolyzed water (AW group), neutral electrolyzed water (NW group), 5% sodium hypochlorite (negative control, NL group), or deionized ...

Cleaning efficacy and dentin micro-hardness after root canal irrigation with a strong acid ...2006 - Mouth - Dentin IntegrityThe purpose of this study was to evaluate the cleaning effect of root canal walls using strong acid electrolytic water (SAEW) as a root canal irrigant, and to investigate the influence of SAEW on the root canal dentin by micro-hardness test. ...

Bactericidal effect of electrolyzed neutral water on bacteria isolated from infected root canals1999 - Mouth - Dentin IntegrityThe purposes of this study were to examine the time-related changes in pH, oxidation-reduction potential, and concentration of chlorine of electrolyzed neutral water and to evaluate the bactericidal effect of electrolyzed neutral water against ..."
Depression,"Treatment with Hydrogen-Rich Water Improves the Nociceptive and Anxio-Depressive-like Behaviors ...2022 - Brain - Neuropathic PainChronic inflammatory pain is manifested in many diseases. The potential use of molecular hydrogen (H2) as a new therapy for neurological disorders has been demonstrated. Recent studies prove its analgesic properties in animals with neuropathic pain, ...

Hydrogen-Rich Water as a Novel Therapeutic Strategy for the Affective Disorders Linked with Chronic ...2022 - Brain - Neuropathic PainNeuropathic pain manifested with allodynia and hyperalgesia usually becomes a chronic condition accompanied with mood disorders. Clinical therapies for neuropathic pain are still unsatisfactory with notable side effects. Recent studies have reported ...

Gender-based differences in neuroprotective effects of hydrogen gas against intracerebral ...2022 - Brain - StrokeBackground: Post-stroke depression (PSD) severely affects recovery in patients with intracerebral hemorrhage (ICH). Although hydrogen gas (H2) exerts excellent neuroprotective effects in patients with ICH, there are sex-based differences in H2 ...

Molecular Hydrogen Prevents Social Deficits and Depression-Like Behaviors Induced by Low-Intensity ...2018 - Brain - Traumatic Brain InjuryDetonation of explosive devices creates blast waves, which can injure brains even in the absence of external injuries. Among these, blast-induced mild traumatic brain injury (bmTBI) is increasing in military populations, such as in the wars in ...

Molecular hydrogen increases resilience to stress in mice2017 - Brain - Stress ResilienceThe inability to successfully adapt to stress produces pathological changes that can lead to depression. Molecular hydrogen has anti-oxidative and anti-inflammatory activities and neuroprotective effects. However, the potential role of molecular ...

Effects of hydrogen-rich water on depressive-like behavior in mice2016 - Brain - Stress ResilienceEmerging evidence suggests that neuroinflammation and oxidative stress may be major contributors to major depressive disorder (MDD). Patients or animal models of depression show significant increase of proinflammatory cytokine interleukin-1β ..."
Dermatitis,"Hydrogen water ameliorates the severity of atopic dermatitis-like lesions and decreases ...2017 - Skin - DermatitisObjectives: To examine the effect of hydrogen water (HW) on the severity of atopic dermatitis (AD) and elucidate the underlying pathophysiological mechanisms. Methods: For this experimental study between March 2015 and December 2015, NC/Nga mice ...

Positive Effects of hydrogen water on 2,4-dinitrochlorobenzene-induced atopic dermatitis in NC/Nga ...2014 - Skin - DermatitisAtopic dermatitis (AD) is a chronically relapsing, pruritic, eczematous skin disorder accompanying allergic inflammation. AD is triggered by oxidative stress and immune imbalance. In the present study, we investigated the effect of drinking hydrogen ...

The Drinking Effect of Hydrogen Water on Atopic Dermatitis Induced by Dermatophagoides farinae ...2013 - Skin - DermatitisHydrogen water (HW) produced by electrolysis of water has characteristics of extremely low oxidation-reduction potential (ORP) value and high dissolved hydrogen (DH). It has been proved to have various beneficial effects including antioxidant and ..."
Dermatophagoides farinae exposure,The Drinking Effect of Hydrogen Water on Atopic Dermatitis Induced by Dermatophagoides farinae ...2013 - Skin - DermatitisHydrogen water (HW) produced by electrolysis of water has characteristics of extremely low oxidation-reduction potential (ORP) value and high dissolved hydrogen (DH). It has been proved to have various beneficial effects including antioxidant and ...
Diabetes (Type I),"Hydrogen Improves Glycemic Control in Type1 Diabetic Animal Model by Promoting Glucose Uptake into ...2013 - Whole Body - Diabetes (Type I)Hydrogen (H(2)) acts as a therapeutic antioxidant. However, there are few reports on H(2) function in other capacities in diabetes mellitus (DM). Therefore, in this study, we investigated the role of H(2) in glucose transport by studying cultured ...

Suppressive effects of natural reduced waters on alloxan-induced apoptosis and type 1 diabetes ...2011 - Pancreas - Diabetes (Type I)Insulin-producing cells express limited activities of anti-oxidative enzymes. Therefore, reactive oxygen species (ROS) produced in these cells play a crucial role in cytotoxic effects. Furthermore, diabetes mellitus (DM) development is closely linked ...

Suppressive effects of electrolyzed reduced water on alloxan-induced apoptosis and type 1 diabetes ...2011 - Pancreas - Diabetes (Type I)Electrolyzed reduced water, which is capable of scavenging reactive oxygen species, is attracting recent attention because it has shown improved efficacy against several types of diseases including diabetes mellitus. Alloxan produces reactive oxygen ...

Effect of Reduced Water on the Apoptotic Cell Death Triggered by Oxidative Stress in Pancreatic β ...2005 - Pancreas - Diabetes (Type I)Recent studies have demonstrated that reactive oxygen species9ROS9and the resulting oxidative stress play an important role in apoptosis. Apoptosis is implicated in pathophysiology of diabetes mellitus. Antioxidants can block or delay apoptosis. We ...

Protective mechanism of reduced water against alloxan-induced pancreatic beta-cell damage: ...2002 - Pancreas - Diabetes (Type I)Reactive oxygen species (ROS) cause irreversible damage to biological macromolecules, resulting in many diseases. Reduced water (RW) such as hydrogen-rich electrolyzed reduced water and natural reduced waters like Hita Tenryosui water in Japan and ..."
Diabetes (Type II),"Real-World Effectiveness and Safety of Hydrogen Inhalation in Chinese Patients with Type 2 Diabetes: ...2023 - Whole Body - Diabetes (Type II)Aim: To evaluate the real-life effectiveness and safety of Chinese patients with type 2 diabetes mellitus (T2DM) receiving hydrogen inhalation (HI) treatment as a supplementary treatment. Methods: This retrospective, multicenter, observational ...

Effectiveness and safety of hydrogen inhalation as an adjunct treatment in Chinese type 2 diabetes ...2023 - Whole Body - Diabetes (Type II)Aim: To analyze the effectiveness and safety of hydrogen inhalation (HI) therapy as an adjunct treatment in Chinese type 2 diabetes mellitus (T2DM) patients in a real-life clinical setting. Methods: This observational, non-interventional, ...

The Effects of Alkaline Ionized Water Administration to the Total Cholesterol Levels in Patients ...2021 - Whole Body - Diabetes (Type II)Background: Total cholesterol is a measure of the total amount of cholesterol components including LDL (low-density lipoprotein), HDL (high-density lipoprotein), and VLDL (very low-density lipoprotein). Alkaline ionized water (AIW) is an electrolyzed ...

Electrolyzed hydrogen-rich water for oxidative stress suppression and improvement of insulin ...2021 - Whole Body - Diabetes (Type II)Introduction: Electrolyzed hydrogen-rich water (EHW) is known to have suppressive effects on oxidative stress (OS). However, its benefit in type 2 diabetes mellitus (T2DM) remains unclear. This study aimed to investigate the effect of EHW on T2DM. ...

The Effects of Alkaline Reduced Water Administration to the Fasting Blood Glucose Levels in Patients ...2020 - Whole Body - Diabetes (Type II)Background: Alkaline reduced water (ARW) is an electrolyzed water with pH>7. It showed an antioxidant and an antidiabetic benefit, but the results still vary. Aim: To investigate the effect of ARW to fasting blood glucose (FBG) and two-hours post ...

Synergistic Effects of Regular Walking and Alkaline Electrolyzed Water on Decreasing Inflammation ...2020 - Whole Body - Diabetes (Type II)Alkaline electrolyzed water (AEW) and walking are strongly recommended for ameliorating oxidative stress and inflammation. Nevertheless, there is a lack of information on the combination of both on alleviating inflammation, oxidative stress, and ...

Influence of natural reduced water on relevant tests parameters and reactive oxygen species ...2006 - Whole Body - Diabetes (Type II)The study examined changes in the relevant tests parameters of 320 diabetes patients (176 female, 144 male) drinking natural reduced water from the 'Nordenau Spring' in Nordenau, Germany as well as the correlation of these changes with the ...

Changes in the Relevant Test Parameters of 101 Diabetes Patients under the Influence of the ...2002 - Whole Body - Diabetes (Type II)The study examined changes in the test parameters of 101 diabetes patients (56 female, 45 male) under the influence of what is known as the “Nordenau Phenomenon”, which attributes a healing effect to an old slate tunnel with an underground ...

Anti-Oxidative Water Improves Diabetes2001 - Whole Body - Diabetes (Type II)Electrolyzed reduced water and natural waters such as Hita Tenryosui water in Japan, Nordenau water in Germany and Tracote water in Mexico, which are known to improve various diseases, were all and- oxidative waters which could scavenge intracellular ...

Electrolyzed and Natural Reduced Water Exhibit Insulin-Like Activity on Glucose Uptake into Muscle ...1999 - Whole Body - Diabetes (Type II)In the type 2 diabetes, it has become clear that reactive oxygen species (ROS) cause reduction of glucose uptake by inhibiting the insulin-signaling pathway in muscle cells and adipocytes. We demonstrated that electrolyzed-reduced water (ERW) ..."
Diabetic Nephropathy,"Hydrogen water therapy in histopathological improvement of diabetic nephropathy on ...2021 - Kidney - DiabetesDiabetic nephropathy (DN) is a renal microvascular abnormality resulting from chronic complications of diabetes mellitus (DM). The main cause of DN is a chronic condition of hyperglycemia which induces oxidative stress in the microvascular system and ...

Hydrogen-rich water inhibits glucose and α,β -dicarbonyl compound-induced reactive oxygen species ...2012 - Kidney - Diabetes (Type II)Reactive oxygen species (ROS) production induced by α,β-dicarbonyl compounds and advanced glycation end products causes renal dysfunction in patients with type 2 diabetes and metabolic syndrome. Hydrogen-rich water (HRW) increases the H2 level in ..."
Diabetic Peripheral Neuropathy,"Hydrogen exerts neuroprotective effects by inhibiting oxidative stress in experimental diabetic ...2023 - Brain - DiabetesDiabetic peripheral neuropathy (DPN) is a complex disorder caused by long-standing diabetes. Oxidative stress was considered the critical creed in this DPN pathophysiology. Hydrogen has antioxidative effects on diabetes mellitus and related ...

Protective effects of hydrogen‑rich saline against experimental diabetic peripheral neuropathy via ...2020 - Brain - DiabetesIt has previously been demonstrated that hyperglycemia‑induced oxidative stress and inflammation are closely associated with the development of diabetic complications, including diabetic neuropathy. Additionally, mitochondrial ATP‑sensitive ...

Hydrogen‑rich medium alleviates high glucose‑induced oxidative stress and parthanatos in rat ...2018 - Brain - DiabetesDiabetic peripheral neuropathy (DPN) is considered to be the most common cause of microvascular diabetic complications, for which no effective therapies currently exist. Previous studies have identified that oxidative stress is the common pathway in ...

Protective effect of hydrogen‑rich medium against high glucose‑induced apoptosis of Schwann ...2015 - Brain - DiabetesDiabetic peripheral neuropathy (DPN) is considered to be one of the most prevalent and life threatening microvascular diabetic complications. DPN affects up to 50% of patients with diabetes mellitus and there are currently no efficacious therapeutic ..."
Diabetic Retinopathy,"Molecular hydrogen regulates the expression of miR-9, miR-21 and miR-199 in LPS-activated retinal ...2013 - Eye - DiabetesAim: To explore the potential mechanism of molecular hydrogen in the regulation of miRNA expression and signal-modulating activities. Methods: Retinal microglia cells were activated by Lipopolysaccharides (LPS) and then treated with ...

Hydrogen-Rich Saline Prevents Early Neurovascular Dysfunction Resulting from Inhibition of Oxidative ...2013 - Eye - DiabetesPurpose: Diabetic retinopathy (DR) is characterized by increased oxidative and nitrosative stress, both of which lead to neurotoxicity and vascular permeability. Previous studies on a variety of organs indicate that hydrogen-rich saline not only has ...

Protective Effects of Hydrogen Saline on Diabetic Retinopathy in a Streptozotocin-Induced Diabetic ...2012 - Eye - DiabetesDiabetic retinopathy is the leading cause of blindness in the working population of the developed countries and also a significant cause of blindness in the elderly. This study aimed at examining the protective effect of H(2) saline on diabetic ..."
Diarrhea,"Effects of Alkaline-Reduced Drinking Water on Irritable Bowel Syndrome with Diarrhea: A Randomized ...2018 - Intestine - Irritable Bowel SyndromeObjectives: The purpose of this study was to investigate whether the ingestion of alkaline-reduced water (ARW) is helpful in improving the symptoms of diarrhea-predominant irritable bowel syndrome (IBS). Methods: Twenty-seven patients (male, 25.9%; ..."
Diffuse Axonal Injury,"Changes of immuno-inflammatory responses by intraperitoneal injection of hydrogen after diffuse ...2015 - Brain - Traumatic Brain InjuryTo explore the role of immuno-inflammatory reaction in diffuse axonal injury (DAI) and the therapeutic action of hydrogen in DAI model. Methods Totally 96 adult male SD rats were divided into 8 groups (n=12 in each): normal group, sham group, DAI ...

Attenuation of diffuse axonal injury by intraperitoneal injection of hydrogen via reducing oxidative ...2014 - Brain - Traumatic Brain InjuryTo investigate the role of oxidative stress in diffuse axonal injury (DAI) and the therapeutic action of hydrogen in DAI models. Methods Totally 118 adult male SD rats were divided into 3 groups with 39 in each: sham, DAI, and DAI + hydrogen ..."
Disuse Atrophy,"Therapeutic Potential of Hydrogen-Rich Water on Muscle Atrophy Caused by Immobilization in a Mouse ...2023 - Muscle - Disuse AtrophySkeletal muscle atrophy is associated with poor quality of life and disability. Thus, finding a new strategy for the prevention and treatment of skeletal muscle atrophy is very crucial. This study aimed to investigate the therapeutic potential of ...

Effect of Molecular Hydrogen Saturated Alkaline Electrolyzed Water on Disuse Muscle Atrophy in ...2011 - Muscle - Disuse AtrophyThe objectives of this paper were to determine the level of oxidative stress in atrophied gastrocnemius, and to verify the effect of molecular hydrogen (H2) saturated alkaline electrolyzed water (HSW) on gastrocnemius atrophy by modifying the redox ..."
Dry Eye,"Randomized, crossover clinical efficacy trial in humans and mice on tear secretion promotion and ...2021 - Eye - Dry EyeThe incidence of dry eye disease is increasing worldwide because of the aging population and increasing use of information technology. Dry eye disease manifests as tear-layer instability and inflammation caused by osmotic hypersensitization in tear ..."
Dyslipidemia,"Suppressive Effect of ERW on Lipid Peroxidation and Plasma Triglyceride Level2010 - Whole Body - DyslipidemiaElectrolyzed reduced water (ERW) containing hydrogen molecules and Pt nanoparticles is expected as a new antioxidant. Thiobarbituric acid reactive substances (TBARS) assay revealed that ERW had an inhibitory effect on the oxidation of low-density ...

The Suppressive Effect of Electrolyzed Reduced Water on Lipid Peroxidation2003 - Whole Body - DyslipidemiaWe examined the suppressive effect on lipid peroxidation of electrolyzed reduced water (ERW), which exhibited reactive oxygen species (ROS)-scavenging activity in vitro and in cultured cells. The oxidation of linoleic acid by 2, 2’-azobis ..."
Dyspnea,"Hydrogen/oxygen mixed gas inhalation improves disease severity and dyspnea in patients with ...2020 - Lung - SARS/COVIDNo abstract available

Patient-Reported Health Outcomes After Treatment of COVID-19 with Nebulized and/or Intravenous ...2020 - Lung - SARS/COVIDBackground: Coronavirus disease (COVID-19) is currently the main public health problem worldwide. The administration of neutral electrolyzed saline, a solution that contains reactive species of chlorine and oxygen (ROS), may be an effective ..."
Edema,"Effects of hydrogen-rich water on the expression of aquaporin 1 in the cerebral cortex of rat with ...2016 - Brain - Traumatic Brain InjuryObjective: To investigate the effect of hydrogen-rich water on cerebral edema and aquaporin 1 (AQP1) expression in rats with traumatic brain injury (TBI). Methods: Ninety male Sprague-Dawley (SD) rats were randomly divided into sham operation group, ...

Molecular hydrogen in drinking water protects against neurodegenerative changes induced by traumatic ...2014 - Brain - Traumatic Brain InjuryTraumatic brain injury (TBI) in its various forms has emerged as a major problem for modern society. Acute TBI can transform into a chronic condition and be a risk factor for neurodegenerative diseases such as Alzheimer's and Parkinson's diseases, ..."
Encapsulating Peritoneal Sclerosis,Successful Treatment of Encapsulating Peritoneal Sclerosis by Hemodialysis and Peritoneal Lavage ...2015 - Peritonium - Peritoneal DialysisNo abstract available
Encephalopathy,"Hydrogen-rich saline regulates NLRP3 inflammasome activation in sepsis-associated encephalopathy rat ...2023 - Brain - SepsisSepsis-associated encephalopathy (SAE) is characterised by long-term cognitive impairment and psychiatric illness in sepsis survivors, associated with increased morbidity and mortality. There is a lack of effective therapeutics for SAE. Molecular ...

Hydrogen alleviated cognitive impairment and blood‒brain barrier damage in sepsis-associated ...2023 - Brain - SepsisHydrogen (H2) can protect against blood‒brain barrier (BBB) damage in sepsis-associated encephalopathy (SAE), but the mechanism is still unclear. We examined whether it is related to PPARα and its regulatory targets, ABC efflux transporters. After ...

Hydrogen regulates mitochondrial quality to protect glial cells and alleviates sepsis-associated ...2023 - Brain - SepsisBackground: Sepsis-associated encephalopathy (SAE) is a complication of the central nervous system in patients with sepsis. Currently, no effective treatment for sepsis is available. Hydrogen plays a protective role in different diseases; however, ...

Molecular hydrogen attenuates sepsis-induced cognitive dysfunction through regulation of tau ...2023 - Brain - SepsisBackground: Sepsis-associated encephalopathy (SAE) is a cognitive dysfunction caused by sepsis. Hyperphosphorylated tau is considered to play a significant role in the progression of neurodegenerative disease and also contributes to cognitive ...

Effects of hydrogen-rich saline in neuroinflammation and mitochondrial dysfunction in rat model of ...2022 - Brain - SepsisBackground: Sepsis-associated encephalopathy (SAE) is one of the most common types of sepsis-related organ dysfunction without overt central nervous system (CNS) infection. It is associated with higher mortality, low quality of life, and long-term ...

Molecular hydrogen attenuates sepsis-induced neuroinflammation through regulation of microglia ...2020 - Brain - SepsisSepsis-associated encephalopathy (SAE) is the cognitive impairment resulting from sepsis and is associated with increased morbidity and mortality. Hydrogen has emerged as a promising therapeutic agent to alleviate SAE. The mechanism, however, remains ...

Protective effects of inhaled hydrogen gas on cognitive function in mice with sepsis-associated ...2014 - Brain - SepsisTo evaluate protective effects of inhaled hydrogen gas (H2) on cognitive function in a murine model of sepsis-associated encephalopathy (SAE). A total of 84 male ICR mice, weighing 20-25 g, aged 6-8 weeks, were randomly divided into 4 groups of sham, ...

Inhalation of hydrogen gas attenuates brain injury in mice with cecal ligation and puncture via ...2014 - Brain - SepsisDuring the development of sepsis, the complication in central nervous system (CNS), appearing early and frequently relative to other systems, can obviously increase the mortality of sepsis. Moreover, sepsis survivors also accompany long-term ...

Hydrogen-rich saline reverses oxidative stress, cognitive impairment, and mortality in rats ...2012 - Brain - SepsisBackground: Sepsis is associated with high morbidity and mortality, and survivors can present with cognitive dysfunction. The present study was performed to investigate the effects of hydrogen-rich saline (HRS) on oxidative stress in the brain, ...

Molecular hydrogen reduces LPS-induced neuroinflammation and promotes recovery from sickness ...2012 - Brain - SepsisMolecular hydrogen has been shown to have neuroprotective effects in mouse models of acute neurodegeneration. The effect was suggested to be mediated by its free-radical scavenger properties. However, it has been shown recently that molecular ..."
Endometriosis,Effects of Hydrogen Gas Inhalation on Endometriosis in Rats2016 - Uterus - EndometriosisObjective: Oxidative stress is generated during the pathophysiology of endometriosis (EMT). Hydrogen (H2) has been demonstrated as a gas antioxidant. The aim of the present study is to evaluate the protective effect of H2 on EMT in rats. Study ...
Endothelial Dysfunction,"Molecular Hydrogen Reduces the Degree of Endothelial Alteration under Conditions of Chronic Heart ...2023 - Heart - Chronic Heart FailureWe studied the effect of molecular hydrogen H2 on the content of circulating endothelial cells and the macrohistological structure of the heart in rats with simulated chronic heart failure. Inhalation with 2% H2 was carried out repeatedly (40 min per ...

Molecular hydrogen protects mice against polymicrobial sepsis by ameliorating endothelial ...2015 - Endothelium - SepsisEndothelial injury is a primary cause of sepsis and sepsis-induced organ damage. Heme oxygenase-1 (HO-1) plays an essential role in endothelial cellular defenses against inflammation by activating nuclear factor E2-related factor-2 (Nrf2). We found ..."
Endotoxemia,"Hydrogen Attenuates Endotoxin-Induced Lung Injury by Activating Thioredoxin 1 and Decreasing Tissue ...2021 - Lung - Lung InjuryEndotoxin-induced lung injury is one of the major causes of death induced by endotoxemia, however, few effective therapeutic options exist. Hydrogen inhalation has recently been shown to be an effective treatment for inflammatory lung injury, but the ...

Effects of Post-Treatment Hydrogen Gas Inhalation on Uveitis Induced by Endotoxin in Rats2018 - Eye - Uveal InjuryBACKGROUND Molecular hydrogen (H2) has been widely reported to have benefiicial effects in diverse animal models and human disease through reduction of oxidative stress and inflammation. The aim of this study was to investigate whether hydrogen gas ...

Effects of hydrogen-rich saline on endotoxin-induced uveitis2017 - Eye - Uveal InjuryThe therapeutic effects of hydrogen-rich saline (HRS) have been reported for a wide range of diseases mainly via selectively reducing the amount of reactive oxygen species. Oxidative stress plays an important role in the pathogenesis of uveitis and ...

Preadministration of Hydrogen-Rich Water Protects Against Lipopolysaccharide-Induced Sepsis and ...2017 - Liver - SepsisDespite significant advances in antibiotic therapy and intensive care, sepsis remains the most common cause of death in intensive care units. We previously reported that molecular hydrogen (H2) acts as a therapeutic and preventive antioxidant. Here, ...

Molecular hydrogen inhibits lipopolysaccharide-triggered NLRP3 inflammasome activation in ...2016 - Whole Body - ROS-ScavengingThe NLRP3 inflammasome, an intracellular multi-protein complex controlling the maturation of cytokine interleukin-1β, plays an important role in lipopolysaccharide (LPS)-induced inflammatory cascades. Recently, the production of mitochondrial ...

Saturated Hydrogen Saline Attenuates Endotoxin-Induced Acute Liver Dysfunction in Rats2013 - Liver - SepsisTo determine the effect of saturated hydrogen saline on lipopolysaccharide (LPS)-induced acute liver dysfunction, rats were divided into control, LPS, and LPS plus saturated hydrogen saline (LPS+H(2)) groups. Treatment with saturated hydrogen saline ..."
Enteropathy,"Ameliorating Role of Hydrogen-Rich Water Against NSAID-Induced Enteropathy via Reduction of ROS and ...2022 - Intestine - EnteropathyBackground: Nonsteroidal anti-inflammatory drug (NSAID)-induced enteropathy, the mechanism of which is involved in oxidative stress, can be lethal due to hemorrhage. Thus, we aimed to investigate the effect of hydrogen-rich water (HRW), in terms of ..."
Epithelial Dysfunction,"Alkaline Reduced Water Attenuates Oxidative Stress-Induced Mitochondrial Dysfunction and Innate ...2021 - Intestine - Epithelial DysfunctionRedox imbalance in intestinal epithelial cells is critical in the early phases of intestinal injury. Dysfunction of the intestinal barrier can result in immunological imbalance and inflammation, thus leading to intestinal syndromes and associated ..."
Erectile Dysfunction,Protective Effects of Hydrogen-Rich Saline Against Erectile Dysfunction in a Streptozotocin Induced ...2013 - Penis - Diabetes (Type II)Purpose: Hydrogen has antioxidative stress and anti-inflammatory effects. We investigated the effect of hydrogen on erectile dysfunction in streptozotocin induced diabetic rats. Materials and methods: Diabetes was induced in Sprague-Dawley® rats by ...
Erythema,Hydrogen (H2) treatment for acute erythymatous skin disease. A report of 4 patients with safety data ...2012 - Skin - ErythemaWe have treated 4 patients of acute erythematous skin diseases with fever and/or pain by H2 enriched intravenous fluid. We also added data from two volunteers for assessing the mode of H2 delivery to the skin for evaluation of feasibility of H2 ...
Excercise,"Acute pre-exercise hydrogen rich water intake does not improve running performance at maximal ...2022 - Whole Body - ExcercisePurpose: This study investigated the effects of acute, pre-exercise, hydrogen rich water (HRW) ingestion on running time to exhaustion at maximal aerobic speed in trained track and field runners. Methods: Twenty-four, male runners aged 17.5 ± 1.8 ...

Effects of Alkaline-Reduced Water on Exercise-Induced Oxidative Stress and Fatigue in Young Male ...2022 - Whole Body - ExcerciseRegular physical activity confers health benefits and improves the general quality of life. Recently, alkaline-reduced water (ARW) consumption has garnered increasing attention in the field of sports. ARW effectively inhibits the oxidative stress ...

Effects of Intestinal Bacterial Hydrogen Gas Production on Muscle Recovery following Intense ...2022 - Intestine - ExcerciseThis study aimed to examine the effects of hydrogen gas (H2) produced by intestinal microbiota on participant conditioning to prevent intense exercise-induced damage. In this double-blind, randomized, crossover study, participants ingested ...

Hydrogen improves exercise endurance in rats by promoting mitochondrial biogenesis2022 - Intestine - ExcerciseBackground: Previous studies have shown that hydrogen water has antioxidant and anti-inflammatory effects on exercise-induced fatigue; however, its molecular mechanism remains unclar. Methods: Adult male Sprague-Dawley rats were randomly divided into ...

The Acute Effects of a Single Dose of Molecular Hydrogen Supplements on Responses to Ergogenic ...2022 - Whole Body - ExcerciseThis research examined the effects of single-dose molecular hydrogen (H2) supplements on acid-base status and local muscle deoxygenation during rest, high-intensity intermittent training (HIIT) performance, and recovery. Ten healthy, trained subjects ...

Short-Term Consumption of Hydrogen-Rich Water Enhances Power Performance and Heart Rate Recovery in ...2022 - Whole Body - Excercise(1) Background: Exercise that exceeds the body's accustomed load can lead to oxidative stress and increased fatigue during intense training or competition, resulting in decreased athletic performance and an increased risk of injury, and the new ...

Molecular Hydrogen Mitigates Performance Decrement during Repeated Sprints in Professional Soccer ...2022 - Whole Body - ExcerciseHydrogen-rich water (HRW) supplementation has been shown to have an antifatigue effect across different modes of exercise. However, its effect on repeated sprint performance is unknown. The aim of this study was to assess the effect of pre-exercise ...

Influence of molecular hydrogen on behavioral adaptation of Сhinchilla lanigera taking into account ...2021 - Whole Body - ExcerciseIt was found that the inclusion of water enriched with molecular hydrogen in the diet of animals increased the overall proportion of active behavior. According to the form of behavior 'moving around the cage', it was found that males and females of ...

A Comparison of the Antioxidant Effects Between Hydrogen Gas Inhalation and Vitamin C ...2021 - Muscle - ExcerciseThe reactive oxygen species (ROS) produced during exercise act as a double-edged sword because they may cause oxidative damage but also play a role in the signaling pathways. A supplementation of exogenous antioxidants can reduce the total amount of ...

Impact of hydrogen-rich gas mixture inhalation through nasal cannula during post-exercise recovery ...2020 - Whole Body - ExcerciseMolecular hydrogen has been suggested to have a cytoprotective effect on the whole body and to enhance exercise performances. However, the effect of hydrogen-rich gas mixture (HG) inhalation on physiological responses has been poorly investigated. We ..."
Excitotoxicity,"Hydrogenized Water Effects on Protection of Brain Cells from Oxidative Stress and Glutamate Toxicity2018 - Brain - NeuroprotectionHydrogenized water is known to have protective effects on cells and tissues, mainly through its antioxidant activities. Here we examined the protective effects of a commercial source of hydrogenized water on cultured human brain cells. Hydrogenized ...

Electrochemically reduced water protects neural cells from oxidative damage2014 - Brain - AgingAging-related neurodegenerative disorders are closely associated with mitochondrial dysfunction and oxidative stresses and their incidence tends to increase with aging. Brain is the most vulnerable to reactive species generated by a higher rate of ...

Hydrogen-rich saline protects retina against glutamate-induced excitotoxic injury in guinea pig2012 - Eye - Retinal InjuryMolecular hydrogen (H(2)) is an efficient antioxidant that can selectively reduce hydroxyl radicals and inhibit oxidative stress-induced injuries. We investigated the protective effects and mechanism of hydrogen-rich saline in a glutamate-induced ...

Suppression of glutamate-induced neural cell death by electrolyzed-reduced water2003 - Brain - NeuroprotectionElectrolyzed-reduced water (ERW) produced by electrolyzing water in cathode side has the ability to scavenge reactive oxygen species (ROS). Here, we investigated the effect of ERW on oxidative stress-induced neural cell death by glutamate. When cell ..."
Fatigue,"Effects of Alkaline-Reduced Water on Exercise-Induced Oxidative Stress and Fatigue in Young Male ...2022 - Whole Body - ExcerciseRegular physical activity confers health benefits and improves the general quality of life. Recently, alkaline-reduced water (ARW) consumption has garnered increasing attention in the field of sports. ARW effectively inhibits the oxidative stress ...

Effects of Intestinal Bacterial Hydrogen Gas Production on Muscle Recovery following Intense ...2022 - Intestine - ExcerciseThis study aimed to examine the effects of hydrogen gas (H2) produced by intestinal microbiota on participant conditioning to prevent intense exercise-induced damage. In this double-blind, randomized, crossover study, participants ingested ...

Hydrogen improves exercise endurance in rats by promoting mitochondrial biogenesis2022 - Intestine - ExcerciseBackground: Previous studies have shown that hydrogen water has antioxidant and anti-inflammatory effects on exercise-induced fatigue; however, its molecular mechanism remains unclar. Methods: Adult male Sprague-Dawley rats were randomly divided into ...

Molecular Hydrogen Mitigates Performance Decrement during Repeated Sprints in Professional Soccer ...2022 - Whole Body - ExcerciseHydrogen-rich water (HRW) supplementation has been shown to have an antifatigue effect across different modes of exercise. However, its effect on repeated sprint performance is unknown. The aim of this study was to assess the effect of pre-exercise ...

Influence of molecular hydrogen on behavioral adaptation of Сhinchilla lanigera taking into account ...2021 - Whole Body - ExcerciseIt was found that the inclusion of water enriched with molecular hydrogen in the diet of animals increased the overall proportion of active behavior. According to the form of behavior 'moving around the cage', it was found that males and females of ...

Molecular hydrogen as an adjuvant therapy may be associated with increased oxygen saturation and ...2021 - Lung - SARS/COVIDAdministration of molecular hydrogen dissolved in water to patient with COVID-19-like symptoms may improve oxygen levels and exercise capacity.

Hydrogen-rich water and caffeine for alertness and brain metabolism in sleep-deprived habitual ...2021 - Brain - Sleep DeprivationThe main aim of this randomized-controlled cross-over interventional trial was to assess the acute effects of taking a single dose of hydrogen-rich water (HRW), and compare it with caffeine, HRW plus caffeine, and control water, for alertness, brain ...

Effects of hydrogen-rich water on attenuating fatigue induced by daily activities or mental tasks2018 - Brain - NeuroprotectionObjectives In 2007, the first report that hydrogen removes active oxygen was published, and many clinical and non-clinical studies have since been conducted using hydrogen gas or water. Several diseases and symptoms are related to active oxygen, and ...

Pilot study: Effects of drinking hydrogen-rich water on muscle fatigue caused by acute exercise in ...2012 - Whole Body - ExcerciseBackground: Muscle contraction during short intervals of intense exercise causes oxidative stress, which can play a role in the development of overtraining symptoms, including increased fatigue, resulting in muscle microinjury or inflammation. ...

Changes in maximal performance of inspiratory and skeletal muscles during and after the 7.1-MPa ...2000 - Whole Body - DivingDuring the 7.1-MPa hydrogen-helium-oxygen record human dive, we tested the hypothesis that the increased ambient pressure would alter the maximal muscle performance, specifically that breathing dense gas would lead to fatigue of the respiratory ..."
Fatty Liver Disease (Alcoholic),"Hydrogen gas alleviates acute ethanol-induced hepatotoxicity in mice via modulating TLR4/9 innate ...2023 - Liver - Fatty Liver Disease (Alcoholic)Alcoholic liver disease (ALD), which is induced by chronic heavy alcohol consumption, accompanies complicated pathological mechanisms, including oxidative stress, inflammation, cell death, epigenetic changes and acetaldehyde-mediated toxicity. ...

Anti-oxidant and anti-inflammatory effects of hydrogen-rich water alleviate ethanol-induced fatty ...2017 - Liver - Fatty Liver Disease (Alcoholic)Aim: To investigate the effects of hydrogen-rich water (HRW) treatment on prevention of ethanol (EtOH)-induced early fatty liver in mice. Methods: In vitro reduction of hydrogen peroxide by HRW was determined with a chemiluminescence system. Female ..."
Fatty Liver Disease (Nonalcoholic),"The Effect of Adjuvant Therapy with Molecular Hydrogen on Endogenous Coenzyme Q10 Levels and ...2023 - Liver - Fatty Liver Disease (Nonalcoholic)Molecular hydrogen (H2) has been recognized as a novel medical gas with antioxidant and anti-inflammatory effects. Non-alcoholic fatty liver disease (NAFLD) is a liver pathology with increased fat accumulation in liver tissue caused by factors other ...

Inhibition of free heme-catalyzed Fenton-like reaction prevents non-alcoholic fatty liver disease by ...2023 - Liver - Fatty Liver Disease (Nonalcoholic)The metabolic disorder of hepatocytes in non-alcoholic fatty liver disease (NAFLD) leads to the formation of an iron pool which induces the Fenton reaction-derived ferroptosis and the deterioration of liver disease. The elimination of the iron pool ...

Hydrogen-rich water reduces liver fat accumulation and improves liver enzyme profiles in patients ...2019 - Liver - Fatty Liver Disease (Nonalcoholic)Background and aims: While non-alcoholic fatty liver disease (NAFLD) is rapidly becoming the most common liver disease worldwide, its treatment remains elusive. Since metabolic impairment plays a major role in NAFLD pathogenesis, any pharmaceuticals, ...

Molecular hydrogen protects against ischemia-reperfusion injury in a mouse fatty liver model via ...2018 - Liver - Fatty Liver Disease (Nonalcoholic)Fatty liver has lower tolerance against ischemia-reperfusion (I/R) injury in liver operations, including liver transplantation. Seeking to ameliorate liver injury following I/R in fatty liver, we examined the protective effect of hydrogen (H2) saline ...

Hydrogen-rich saline improves non‑alcoholic fatty liver disease by alleviating oxidative stress ...2017 - Liver - Fatty Liver Disease (Nonalcoholic)Non-alcoholic fatty liver disease (NAFLD) comprises a range of liver diseases, between steatosis and non‑alcoholic steatohepatitis and liver cirrhosis, which are closely associated with diabetes mellitus. Previous studies have indicated that ...

High-content hydrogen water-induced downregulation of miR-136 alleviates non-alcoholic fatty liver ...2017 - Liver - Fatty Liver Disease (Nonalcoholic)This study was aimed to investigate the potential regulatory mechanism of high-content hydrogen water (HHW) in non-alcoholic fatty liver disease (NAFLD). A high-fat diet (HFD)-induced NAFLD mice model and cellular model were prepared. The serum ..."
Fibrosis,"Attenuation of Myocardial Fibrosis Using Molecular Hydrogen by Inhibiting the TGF-β Signaling ...2021 - Heart - High Blood PressureBackground: Previous studies have shown that hydrogen (H2) can antagonize the fibrosis of various organs. We investigated whether hydrogen-rich saline (HRS) can attenuate myocardial fibrosis in spontaneously hypertensive rats (SHR) and clarified the ...

Molecular hydrogen regulates PTEN-AKT-mTOR signaling via ROS to alleviate peritoneal ...2020 - Peritonium - Peritoneal DialysisAs a convenient, effective and economical kidney replacement therapy for end-stage renal disease (ESRD), peritoneal dialysis is available in approximately 11% of ESRD patients worldwide. However, long-term peritoneal dialysis treatment causes ...

Hydrogen-containing saline alleviates pressure overload-induced interstitial fibrosis and cardiac ...2017 - Heart - High Blood PressureCardiac fibrosis induced by sustained pressure overload contributes to heart failure. Oxidative stress serves an important role in cardiac remodeling and heart failure independent of etiological factors. The application of hydrogen as an antioxidant ...

Hydrogen Rich Water Attenuates Renal Injury and Fibrosis by Regulation Transforming Growth Factor-β ...2017 - Kidney - Acute Kidney InjuryThe current research was designed to study the role of hydrogen in renal fibrosis and the renal epithelial to mesenchymal transition (EMT) induced by transforming growth factor-β1 (TGF-β1). Hydrogen rich water (HW) was used to treat animal and cell ...

Protective Effects of Hydrogen-Rich Saline Against Lipopolysaccharide-Induced Alveolar ...2017 - Lung - Lung InjuryBackground Fibrotic change is one of the important reasons for the poor prognosis of patients with acute respiratory distress syndrome (ARDS). The present study investigated the effects of hydrogen-rich saline, a selective hydroxyl radical scavenger, ...

Hydrogen-Rich Saline Alleviates Kidney Fibrosis Following AKI and Retains Klotho Expression2017 - Kidney - Acute Kidney InjuryPurpose: Acute kidney injury (AKI) is a prominent risk factor for the development of chronic kidney disease (CKD). To date, the related mechanism and effective therapy have not been rigorously explored. The present study aims to investigate the ...

Effects of oral intake of hydrogen water on liver fibrogenesis in mice2014 - Liver - Liver DiseaseAim: Liver fibrosis is the universal consequence of chronic liver diseases. Sustained hepatocyte injury initiates an inflammatory response, thereby activating hepatic stellate cells, the principal fibrogenic cells in the liver. Reactive oxygen ...

Hepatoprotective effect of electrolyzed reduced water against carbon tetrachloride-induced liver ...2009 - Liver - Liver DiseaseThe study investigated the protective effect of electrolyzed reduced water (ERW) against carbon tetrachloride (CCl(4))-induced liver damage. Male ICR mice were randomly divided into control, CCl(4), CCl(4)+silymarin, and CCl(4)+ERW groups. ..."
Fluke Infection,"The immunological effects of electrolyzed reduced water on the Echinostoma hortense infection in ...2009 - Intestine - Parasite InfectionElectrolyzed reduced water (ERW) is widely used for drinking by people in Asia. The purpose of this study was to examine the immunological effect of ERW on the immunity of animals by supplying ERW to C57BL/6 mice infected with Echinostoma hortense ...

Effects of Electrolyzed Alkaline Reduced Water on Echinostoma hortense Infection and Immune Response ...2008 - Intestine - Parasite InfectionTo examine the effect of the electrolyzed alkaline reduced water (ERW) on animal immunity, by employing Echinostoma hortense that is a parasite in the small intestine, the immune response of C57BL/6 was examined. To C57BL/6 mice, Echinostoma hortense ..."
Food Poisoning,"Morphological and molecular response of small intestine to lactulose and hydrogen-rich water in ...2019 - Intestine - Food PoisoningBackground Following the intake of Fusarium mycotoxin-contaminated feed, small intestines may be exposed to high levels of toxic substances that can potentially damage intestinal functions in livestock. It is well known that Fusarium mycotoxins will ...

Protective Role of Hydrogen Gas on Oxidative Damage and Apoptosis in Intestinal Porcine Epithelial ...2019 - Intestine - Food PoisoningTo explore the protective role of hydrogen gas (H2) on oxidative damage and apoptosis in intestinal porcine epithelial cells (IPEC-J2) induced by deoxynivalenol (DON), cells were assigned to four treatment groups, including control, 5 μM DON, ...

Intestinal Microbiota Ecological Response to Oral Administrations of Hydrogen-Rich Water and ...2018 - Intestine - Food PoisoningThe objective of the current experiment was to explore the intestinal microbiota ecological response to oral administrations of hydrogen-rich water (HRW) and lactulose (LAC) in female piglets fed a Fusarium mycotoxin-contaminated diet. A total of 24 ...

Hydrogen-Rich Water and Lactulose Protect Against Growth Suppression and Oxidative Stress in Female ...2018 - Whole Body - Food PoisoningThe objective of the current experiment was to evaluate whether hydrogen-rich water (HRW) or lactulose (LAC) could protect against the adverse effects of Fusarium mycotoxins-contaminated diet on the growth performance and antioxidant status in ...

Ameliorative Effects of Neutral Electrolyzed Water on Growth Performance, Biochemical Constituents, ...2017 - Whole Body - Food PoisoningDifferent in vitro and in silico approaches from our research group have demonstrated that neutral electrolyzed water (NEW) can be used to detoxify aflatoxins. The objective of this investigation was to evaluate the ability of NEW to detoxify ...

Anti-injury effect of hydrogen-enriched water in a rat model of liver injury induced by aflatoxin B12019 - Liver - Food PoisoningThe purpose of this study was to investigate the anti-injury effect and protective mechanism of hydrogen-enriched water in a rat model of acute liver injury induced by aflatoxin B1 (AFB1). Healthy male Sprague-Dawley (SD) rats were randomly divided ..."
Foot Ulcer,"Evaluation of different type of electrolyzed water against bacterial colonization of diabetic foot ...2020 - Muscle - DiabetesObjective This study aims to evaluate the effect of electrolyzed water effect on bacterial colonization on diabetic foot ulcer (DFU) patients. Method This is an in vitro study. Eight bacteria are incubated into 5 types of electrolyzed water (ESAW), ..."
Fracture,"Bone regeneration is enhanced by the combined use of acid‐electrolyzed functional water with ...2019 - Bone - Surgery/TransplantationHydroxyapatite/collagen (HAP/Col) composite has a nanostructure and composition similar to that of natural bone. Herein, we have evaluated the beneficial effects of acid‐electrolyzed functional water (FW) in combination with HAP/Col composite as an ..."
Gastric Mucosal Injury,"Metal-Organic Framework Based Hydrogen Release Platform for Multi-Effective Helicobacter Pylori ...2021 - Stomach - Gastric Mucosal InjuryHelicobacter pylori (H. pylori) infection is the leading cause of chronic gastritis, peptic ulcer and gastric cancer. Antibiotics, as traditional method for eliminating H. pylori, have no targeting effect, which cause serious bacterial resistance and ...

Protective role of hydrogen-rich water on aspirin-induced gastric mucosal damage in rats2014 - Stomach - Gastric Mucosal InjuryTo investigate the role of the hydrogen-rich water (HRW) in the prevention of aspirin-induced gastric mucosal injury in rats. Forty male rats were allocated into four groups: normal control group, HRW group, aspirin group, and HRW plus aspirin group. ...

Dose-dependent inhibition of gastric injury by hydrogen in alkaline electrolyzed drinking water2014 - Stomach - Gastric Mucosal InjuryHydrogen has been reported to relieve damage in many disease models, and is a potential additive in drinking water to provide protective effects for patients as several clinical studies revealed. However, the absence of a dose-response relationship ...

Chronic Administration with Electrolyzed Alkaline Water Inhibits Aspirin-induced Gastric Mucosal ...2002 - Stomach - Gastric Mucosal InjuryNeutrophils activation and tumor necrosis factor-α (TNF-α) induction play critical roles in aspirin-induced gastric mucosal injury. The aim of the present study was to determine whether electrolyzed alkaline water (EAW) can ameliorate ..."
Gastric Ulcer,"The protective of hydrogen on stress-induced gastric ulceration2012 - Stomach - Gastric UlcerStress ulceration frequently occurs as a result of major stressful events and hydroxyl radical (⋅OH) is one of the major causative factors for it. Recently, it has been proved that hydrogen, a potent selectively ⋅OH scavenger, can effectively ..."
Gastritis,"Effects of alkaline water intake on gastritis and miRNA expression (miR-7, miR-155, miR-135b and ...2020 - Stomach - CancerIt is known that abnormal expression of miRNAs in the gastric cancer (GC) contributes to its carcinogenesis. Therefore, ingestion of commercial (usual) water on a daily basis may be a contributing factor for the occurrence of alterations in the ..."
Gastroenteritis,Efficacy of Neutral Electrolyzed Water for Inactivation of Human Norovirus2017 - Stomach - GastroenteritisHuman norovirus (NoV) is the leading cause of acute gastroenteritis worldwide. Persistence on surfaces and resistance to many conventional disinfectants contribute to widespread transmission of norovirus. We examined the efficacy of neutral ...
Gastroesophageal Reflux Disease,"Modulation of the oxidative plasmatic state in gastroesophageal reflux disease with the addition of ...2018 - Stomach - Gastroesophageal Reflux DiseaseGastroesophageal reflux disease (GERD), a clinical condition characterized by reflux of gastroduodenal contents in the oesophagus, has proved to demonstrate a strong link between oxidative stress and the development of GERD. Proton pump inhibitors ..."
Gingivitis,"Hydrogen-rich water achieves cytoprotection from oxidative stress injury in human gingival ...2017 - Mouth - GingivitisThe aim of the present study is to investigate protective effects of hydrogen-rich water (HW) against reactive oxygen species (ROS)-induced cellular harmful events and cell death in human gingival fibroblasts (HGF) and three-dimensional (3D-) ...

Antibacterial Activity of Hydrogen-rich Water Against Oral Bacteria2013 - Mouth - GingivitisThere are estimated to be about 700 species of bacteria inthe oral cavity. Based on epidemiological investigations,some of these strains have been proposed as the pathogensresponsible for oral diseases such as dental caries, gingivitisand ..."
Glaucoma,Protective effect of molecular hydrogen against oxidative stress caused by peroxynitrite derived ...2015 - Eye - Retinal InjuryBackground Oxidative and nitrative processes have an important role in the pathogenesis of glaucomatous neurodegeneration. Oxidative stress occurs when cellular production of reactive oxygen species outweighs the protective capacity of antioxidant ...
Glomerulosclerosis,"Effects of hydrogen-rich water on abnormalities in a SHR.Cg-Lepr cp /NDmcr rat – A metabolic ...2011 - Kidney - Metabolic SyndromeHydrogen (H2), a potent free radical scavenger, selectively reduces the hydroxyl radical, which is the most cytotoxic of the reactive oxygen species (ROS). An increase in oxygen free radicals induces oxidative stress, which is known to be involved in ..."
Graft-Versus-Host-Disease,"Hydrogen-Rich Water Ameliorates Murine Chronic Graft-versus-Host Disease through Antioxidation2021 - Bone Marrow - Surgery/TransplantationBackground: Allogeneic hematopoietic stem cell transplantation (allo-HSCT) is an important treatment option for various hematopoietic diseases and certain hereditary diseases. Chronic graft-versus-host disease (cGVHD) has become the main ...

Hydrogen in Patients With Corticosteroid-Refractory/Dependent Chronic Graft-Versus-Host-Disease: A ...2020 - Bone Marrow - Surgery/TransplantationChronic graft-versus-host-disease (cGVHD) is the leading cause of late non-relapse mortality after allogeneic hematopoietic stem cell transplantation(HSCT). There is no standard therapy for patients refractory or dependent to corticosteroid ...

Therapeutic effects of hydrogen on chronic graft-versus-host disease2017 - Bone Marrow - Surgery/TransplantationThe incidence of chronic graft-versus-host disease (cGVHD) is rising recent years, which has been the leading cause of non-transplantation mortality post allogenetic hematopoietic stem cell transplantation (HSCT). Imbalance of inflammatory cytokines ...

Successful treatment with hydrogen rich water in a case of chronic graft-versus-host-disease2016 - Bone Marrow - Surgery/TransplantationThe incidence of chronic graft-versus-host-disease is rising year by year, which has become the leading cause of non-transplantation related death and has become the most difficult complication of allogeneic hematopoietic stem cell transplantation to ...

Administration of Hydrogen-Rich Saline in Mice with Allogeneic Hematopoietic Stem-Cell ...2015 - Bone Marrow - Surgery/TransplantationBackground: Hydrogen, as a novel antioxidant, has been shown to selectively reduce the level of hydroxyl radicals and alleviate acute oxidative stress in many animal experiments. Hydrogen-rich saline provides a high concentration of hydrogen that can ...

Administration of Hydrogen-Rich Saline Protects Mice From Lethal Acute Graft-Versus-Host Disease ...2013 - Bone Marrow - Surgery/TransplantationAllogeneic hematopoietic stem cell transplantation is a potentially curative therapy for many malignant and nonmalignant hematologic diseases. However, acute graft-versus-host disease (aGVHD) is a lethal complication of hematopoietic stem cell ..."
Hangover,"Hydrogen Intake Relieves Alcohol Consumption and Hangover Symptoms in Healthy Adults: a Randomized ...2022 - Whole Body - HangoverBackground: Alcohol-induced hangover represents a significant, yet understudied, global hazard and a large socio-economic burden. Objectives: The aim of this study was to investigate the effects of hydrogen (H2) on relieving drinking and hangover ...

Electrolyzed-reduced water inhibits acute ethanol-induced hangovers in Sprague-Dawley rats2009 - Whole Body - HangoverEthanol consumption disturbs the balance between the pro- and anti-oxidant systems of the organism, leading to oxidative stress. Electrolyzed-reduced water (ERW) is widely used by people in East Asia for drinking purposes because of its therapeutic ..."
Hearing Loss,"Space Station-like Composite Nanoparticles for Co-Delivery of Multiple Natural Compounds from ...2023 - Ear - Hearing LossOtotoxic drugs such as aminoglycoside antibiotics and cisplatin (CDDP) can cause sensorineural hearing loss (SNHL), which is closely related to oxidative stress and the acidification of the inner ear microenvironment. Effective treatment of SNHL ...

Taurine, Coenzyme Q10, and Hydrogen Water Prevents Germanium Dioxide-Induced Mitochondrial ...2023 - Ear - Hearing LossMitochondrial dysfunction has been implicated in numerous common diseases as well as aging and plays an important role in the pathogenesis of sensorineural hearing loss (SNHL). In the current study, we showed that supplementation with germanium ...

A double-blinded, randomized controlled clinical trial of hydrogen inhalation therapy for idiopathic ...2022 - Ear - Hearing LossBackground: Hydrogen (H2) has been reported to be effective in reducing hearing loss due to several causes in animal studies. However, no study has examined the effectiveness of H2 in treating hearing loss in humans. Thus, we investigated whether H2 ...

Inhalation of Molecular Hydrogen, a Rescue Treatment for Noise-Induced Hearing Loss2021 - Ear - Hearing LossNoise exposure is the most important external factor causing acquired hearing loss in humans, and it is strongly associated with the production of reactive oxygen species (ROS) in the cochlea. Several studies reported that the administration of ...

Hydrogen-rich saline alleviates experimental noise-induced hearing loss in guinea pigs2012 - Ear - Hearing LossTo examine the efficiency of hydrogen-rich saline in the treatment of intensive noise-induced cochlear injury. Forty guinea pigs were assigned to one of four groups: HS+NOISE (i.p. injection hydrogen-rich saline), NS+NOISE (i.p. injection normal ...

Inhalation of hydrogen gas attenuates ouabain-induced auditory neuropathy in gerbils2012 - Ear - Hearing LossAim: Auditory neuropathy (AN) is a hearing disorder characterized by abnormal auditory nerve function with preservation of normal cochlear hair cells. This study was designed to investigate whether treatment with molecular hydrogen (H(2)), which can ...

Saturated hydrogen saline protects against noise–induced hearing loss2011 - Ear - Hearing LossObjective: To study effects of saturated hydrogen saline in preventing noise–induced hearing loss. Methods: Fifteen guinea pigs were randomly divided into 3 groups (5 each), group one was for control, group two was treated with normal saline and ...

Hydrogen in drinking water attenuates noise-induced hearing loss in guinea pigs2011 - Ear - Hearing LossIt has been shown that molecular hydrogen acts as a therapeutic and preventive antioxidant by selectively reducing the hydroxyl radical, the most cytotoxic of the reactive oxygen species. In the present study, we tested the hypothesis that acoustic ...

Hydrogen protects vestibular hair cells from free radicals2010 - Ear - Hearing LossHydrogen gas effectively protected against the morphological and functional vestibular hair cell damage by reactive oxygen species (ROS). ROS are generally produced by oxidative stress. In the inner ear, ROS levels increase as a result of noise ...

Hydrogen protects auditory hair cells from free radicals2009 - Ear - Hearing LossReactive oxygen species (ROS) play a role in the degeneration of auditory hair cells because of aging, noise trauma, or ototoxic drugs. Hydrogenation is a fundamental reduction/de-oxidation reaction in living organisms. This study thus examined the ..."
Heart Attack,"Hydrogen Attenuates Myocardial Injury in Rats by Regulating Oxidative Stress and NLRP3 Inflammasome ...2021 - Heart - Heart AttackPurpose: Hydrogen (H2) is an antioxidant with anti-inflammatory and apoptosis functions.This study aimed to estimate the effects of H2 on acute myocardial infarction (AMI) in rats and its association with the inhibition of oxidative stress and ...

Hydrogen gas inhalation ameliorates cardiac remodelling and fibrosis by regulating NLRP3 ...2021 - Heart - Heart AttackIt is noteworthy that prolonged cardiac structural changes and excessive fibrosis caused by myocardial infarction (MI) seriously interfere with the treatment of heart failure in clinical practice. Currently, there are no effective and practical means ...

Effects of hydrogen-rich saline on Akt/GSK3β signaling pathways and cardiac function during ...2015 - Heart - Heart AttackTo explore the effects of hydrogen-rich saline on Akt/GSK3β signaling pathways and cardiac function during myocardial ischemia-reperfusion (I/R) in rats. A total of 150 healthy male Sprague-Dawley rats were selected and divided randomly into 5 ...

Hydrogen gas protects against serum and glucose deprivation-induced myocardial injury in H9c2 cells ...2014 - Heart - Heart AttackIschemia or hypoxia‑induced myocardial injury is closely associated with oxidative stress. Scavenging free radicals and/or enhancing endogenous antioxidative defense systems may be beneficial for the impediment of myocardial ischemic injury. ...

Breathing Nitric Oxide plus Hydrogen Gas Reduces Ischemia-Reperfusion Injury and Nitrotyrosine ...2013 - Heart - Heart AttackInhaled nitric oxide (NO) has been reported to decrease the infarct size in cardiac ischemia reperfusion (I-R) injury. However, reactive nitrogen species (RNS) produced by NO causes myocardial dysfunction and injury. Since H2 is reported to eliminate ...

H2 Mediates Cardioprotection Via Involvements of KATP Channels and Permeability Transition Pores of ...2012 - Heart - Heart AttackInhalation of hydrogen (H(2)) gas has been shown to limit infarct size following ischemia-reperfusion injury in rat hearts. However, H(2) gas-induced cardioprotection has not been tested in large animals and the precise cellular mechanism of ...

Inhalation of hydrogen gas protects against myocardial stunning and infarction in swine2012 - Heart - Heart AttackThe present study was carried out to determine whether inhalation of hydrogen (H(2)) gas protects myocardium against ischemia-reperfusion (I/R) injury in swine. In anesthetized open-chest swine, myocardial stunning was produced by 12-minute occlusion ...

Anti-inflammatory effect of hydrogen-rich saline in a rat model of regional myocardial ischemia and ...2011 - Heart - Heart AttackTo study the possible anti-inflammatory effect of hydrogen-rich saline (H(2) saline) on rat hearts with regional myocardial ischemia and reperfusion (I/R). Sixty-six rats were equally randomized to three groups: sham-operated group, I/R group ...

Hydrogen-rich saline protects myocardium against ischemia/reperfusion injury in rats2009 - Heart - Heart AttackProtective effect of hydrogen (H(2)) gas on cardiac ischemia-reperfusion (I/R) injury has been demonstrated previously. This study was designed to test the hypothesis that hydrogen-rich saline (saline saturated with molecular hydrogen), which is easy ...

Inhalation of hydrogen gas reduces infarct size in the rat model of myocardial ischemia-reperfusion ...2008 - Heart - Heart AttackInhalation of hydrogen (H(2)) gas has been demonstrated to limit the infarct volume of brain and liver by reducing ischemia-reperfusion injury in rodents. When translated into clinical practice, this therapy must be most frequently applied in the ..."
Heart Failure,"Hydrogen-rich saline alleviates cardiomyocyte apoptosis by reducing expression of calpain1 via ...2023 - Heart - Heart FailureAims: Molecular hydrogen has been exhibited a protective function in heart diseases. Our previous study demonstrated that hydrogen-rich saline (HRS) could scavenge free radicals selectively and alleviate the inflammatory response in the myocardial ...

Dynamics of Metabolic and Oxidative Parameters of Erythrocytes during Treatment of Chronic Heart ...2022 - Heart - Heart FailureWe studied the effect of molecular hydrogen (H2) on the content of 2,3-diphosphoglyceric acid (2,3-DPG), ATP, malondialdehyde, and catalase activity in erythrocytes in chronic heart failure. Inhalation of 2% molecular hydrogen H2 was carried out for ...

Inhalation of Hydrogen Attenuates Progression of Chronic Heart Failure via Suppression of Oxidative ...2018 - Heart - Heart FailureBackground: Continuous damage from oxidative stress and apoptosis are the important mechanisms that facilitate chronic heart failure (CHF). Molecular hydrogen (H2) has potentiality in the aspects of anti-oxidation. The objectives of this study were ..."
Heat Stress,"Inhalation of 2% Hydrogen Improves Survival Rate and Attenuates Shedding of Vascular Endothelial ...2021 - Whole Body - Heat StressHeat stroke is characterized by excessive oxidative stress and inflammatory responses, both of which are implicated in vascular endothelial glycocalyx shedding and heat-stroke mortality. Although molecular hydrogen has antioxidation and ...

Electrolysed reduced water decreases reactive oxygen species-induced oxidative damage to skeletal ...2013 - Whole Body - Heat Stress1. The present study was designed to achieve a reduction of reactive oxygen species (ROS)-induced oxidative damage to skeletal muscle and to improve the performance of broiler chickens exposed to chronic heat stress. 2. Chickens were given a control ..."
Helicobacter pylori Infection,"Metal-Organic Framework Based Hydrogen Release Platform for Multi-Effective Helicobacter Pylori ...2021 - Stomach - Gastric Mucosal InjuryHelicobacter pylori (H. pylori) infection is the leading cause of chronic gastritis, peptic ulcer and gastric cancer. Antibiotics, as traditional method for eliminating H. pylori, have no targeting effect, which cause serious bacterial resistance and ..."
Hemolytic Anemia,Therapeutic Effect of Hydrogen Injected Subcutaneously on Onion Poisoned Dogs2017 - Blood - Hemolytic AnemiaThe purpose of this study was to investigate the therapeutic effect of hydrogen on the therapy of onion poisoned dogs. A total of 16 adult beagle dogs were divided into two groups (control and hydrogen) and all were fed dehydrated onion powder at the ...
Hemorrhagic Shock,"Hydrogen Gas Inhalation Attenuates Endothelial Glycocalyx Damage and Stabilizes Hemodynamics in a ...2020 - Endothelium - ShockBackground: Hydrogen gas (H2) inhalation during hemorrhage stabilizes post-resuscitation hemodynamics, improving short-term survival in a rat hemorrhagic shock and resuscitation (HS/R) model. However, the underlying molecular mechanism of H2 in HS/R ...

1.2% Hydrogen gas inhalation protects the endothelial glycocalyx during hemorrhagic shock: a ...2020 - Endothelium - ShockPurpose Hydrogen gas (H2) inhalation improved the survival rate of hemorrhagic shock. However, its mechanisms are unknown. We hypothesized that H2 protected the endothelial glycocalyx during hemorrhagic shock and prolonged survival time. Methods 83 ...

Hydrogen gas inhalation ameliorates lung injury after hemorrhagic shock and resuscitation2019 - Lung - ShockBackground: Hemorrhagic shock and resuscitation (HSR) is known to cause inflammatory reactions in the lung parenchyma and acute lung injury, increasing the risk of complications that can lead to death. Hydrogen gas has shown to inhibit the formation ...

Hyperoxygenated Hydrogen-Rich Solution Suppresses Lung Injury Induced by Hemorrhagic Shock in Rats2019 - Lung - ShockBackground: Hemorrhagic shock could induce acute lung injury (ALI), which is associated with cell hypoxia, lung tissue inflammation, free radical damage, and excessive cell apoptosis. Our previous studies demonstrated that hyperoxygenated solution ...

Hydrogen gas inhalation inhibits progression to the ‘irreversible’ stage of shock after ...2017 - Whole Body - ShockBackground: Mortality of hemorrhagic shock primarily depends on whether or not the patients can endure the loss of circulating volume until radical treatment is applied. We investigated whether hydrogen (H2) gas inhalation would influence the ...

Hyperoxygenated hydrogen-rich solution suppresses shock- and resuscitation-induced liver injury2017 - Liver - ShockBackground: It is not known whether simultaneous delivery of hydrogen and oxygen can reduce injury caused by hemorrhagic shock and resuscitation (HSR). This study investigated the therapeutic potential of hyperoxygenated hydrogen-rich solution ...

Hydrogen inhalation protects against acute lung injury induced by hemorrhagic shock and ...2015 - Lung - ShockHemorrhagic shock followed by fluid resuscitation (HS/R) triggers an inflammatory response and causes pulmonary inflammation that can lead to acute lung injury (ALI). Hydrogen, a therapeutic gas, has potent cytoprotective, antiinflammatory, and ...

Three hydrogen-rich solutions protect against intestinal injury in uncontrolled hemorrhagic shock2015 - Intestine - ShockIntestinal tissue got largely decreased blood supply in uncontrolled hemorrhagic shock, because of limited blood mainly supporting brain, heart, kidney etc. This makes intestine as the primary injury target after uncontrolled hemorrhagic shock. ...

Effects of three hydrogen-rich liquids on hemorrhagic shock in rats2014 - Lung - ShockBackground Hydrogen-rich saline provides a high concentration of hydrogen which selectively reduces levels of hydroxyl radicals and alleviates acute oxidative stress in many models. We investigated the protective effects and mechanisms of three ...

Protective effects of hydrogen-rich saline in uncontrolled hemorrhagic shock2014 - Whole Body - ShockHydrogen is considered to be a novel antioxidant as it inhibits inflammation, removes oxygen-derived free radicals and reduces oxidative damage. This study investigated the effects of hydrogen-rich saline on plasma interleukin-6 (IL-6), tumor ..."
Hepatitis B,"Effect of hydrogen-rich water on oxidative stress, liver function, and viral load in patients with ...2013 - Liver - Hepatitis BObjective: To investigate effects of hydrogen-rich water (HRW) on oxidative stress, liver function and HBV DNA in patients with chronic hepatitis B (CHB). Methods: Sixty patients with CHB were randomly assigned into routine treatment group or ..."
Hidden Blood Loss,"Antioxidants Attenuate Oxidative Stress-Induced Hidden Blood Loss in Rats2017 - Blood - Surgery/TransplantationObjective: Hidden blood loss (HBL), commonly seen after total knee or hip arthroplasty, causes postoperative anemia even after reinfusion or blood transfusion based on the visible blood loss volume. Recent studies demonstrated that oxidative stress ..."
High Blood Pressure,"Effects of hydrogen-rich water and ascorbic acid treatment on spontaneously hypertensive rats2022 - Whole Body - High Blood PressureHydrogen-rich water (HW) has been suggested to possess antioxidant properties of value in treatments of lifestyle diseases and for prevention of latent pathologies. To date, the potential benefits of HW against the deleterious effects of excessive ...

Attenuation of Myocardial Fibrosis Using Molecular Hydrogen by Inhibiting the TGF-β Signaling ...2021 - Heart - High Blood PressureBackground: Previous studies have shown that hydrogen (H2) can antagonize the fibrosis of various organs. We investigated whether hydrogen-rich saline (HRS) can attenuate myocardial fibrosis in spontaneously hypertensive rats (SHR) and clarified the ...

Protective Effects of Different Kinds of Filtered Water on Hypertensive Mouse by Suppressing ...2018 - Heart - High Blood PressureOxidative stress and inflammation play an important role in hypertensive animals and patients. Hydrogen plays a role of antioxidation and anti-inflammation. Calcium and magnesium play an important role in reducing hypertension and antioxidant. ...

Consumption of hydrogen-rich water alleviates renal injury in spontaneous hypertensive rats2014 - Kidney - High Blood PressureIn hypertensive animals and patients, oxidative stress represents the primary risk factor for progression of renal disease. Recently, it has been demonstrated that hydrogen, as a novel antioxidant, can selectively reduce hydroxyl radicals and ...

Amelioration of cardio-renal injury with aging in dahl salt-sensitive rats by H2-enriched ...2013 - Kidney - High Blood PressureRecent studies have revealed the biological effects of H2 in suppressing organ injuries due to acute inflammation and oxidative stress. Dahl salt-sensitive (SS) rats naturally develop elevated blood pressure (BP) and kidney injury with aging. The ...

Protection of oral hydrogen water as an antioxidant on pulmonary hypertension2013 - Heart - High Blood PressureThis study aimed to explore the protective effect of hydrogen as an antioxidant on monocrotaline (MCT)-induced pulmonary hypertension (PH). Forty-eight SD rats were equally randomized into four groups: SHAM group, MCT group, MCT+Oral-H2 group and ...

Chronic hydrogen-rich saline treatment attenuates vascular dysfunction in spontaneous hypertensive ...2012 - Heart - High Blood PressureIn hypertensive patients, increased oxidative stress is thought to be one important cause of vascular dysfunction. Recently, it has been suggested that hydrogen exerts a therapeutic antioxidant activity by selectively reducing hydroxyl radical and ...

Chronic hydrogen-rich saline treatment reduces oxidative stress and attenuates left ventricular ...2012 - Heart - High Blood PressureIn hypertensive animals and patients, oxidative stress represents the primary risk factor for progression of left ventricular hypertrophy. Recently, it has been demonstrated that hydrogen, as a novel antioxidant, can selectively reduce hydroxyl ...

Protective effects of hydrogen-rich saline on monocrotaline-induced pulmonary hypertension in a rat ...2011 - Heart - High Blood PressureHydrogen-rich saline has been reported to have antioxidant and anti-inflammatory effects and effectively protect against organ damage. Oxidative stress and inflammation contribute to the pathogenesis and/or development of pulmonary hypertension. In ...

Intake of water with high levels of dissolved hydrogen (H2) suppresses ischemia-induced cardio-renal ...2010 - Kidney - High Blood PressureHydrogen (H(2)) reportedly produces an antioxidative effect by quenching cytotoxic oxygen radicals. We studied the biological effects of water with dissolved H(2) on ischemia-induced cardio-renal injury in a rat model of chronic kidney disease (CKD). ..."
Hypoxia-Ischemia,"Conflicting findings on the effectiveness of hydrogen therapy for ameliorating vascular leakage in a ...2023 - Heart - PregnancyNeonatal hypoxic-ischemic encephalopathy (HIE) is a major cause of morbidity and mortality in newborns in both high- and low-income countries. The important determinants of its pathophysiology are neural cells and vascular components. In neonatal ...

Hydrogen-Rich Saline-A Novel Neuroprotective Agent in a Mouse Model of Experimental Cerebral ...2023 - Brain - Brain InjuryBackground: Our previous research revealed that inflammation plays an important role in the pathophysiology of cerebral ischemia. The function of the NOD-like receptor protein 3 (NLRP3) inflammasome is to activate the inflammatory process. Recent ...

Hydrogen-rich water reduces cell damage by reducing excessive autophagy in mouse neuronal cells ...2023 - Brain - Brain InjuryObjective: To investigate whether hydrogen-rich water exerts a protective effect against cellular injury by affecting the level of autophagy after oxygen glucose deprivation/reoxygenation (OGD/R) in a mouse hippocampal neuronal cell line (HT22 ...

Impact of hydrogen gas inhalation during therapeutic hypothermia on cerebral hemodynamics and ...2023 - Brain - Brain InjuryWe previously reported the neuroprotective potential of combined hydrogen (H2) gas ventilation therapy and therapeutic hypothermia (TH) by assessing the short-term neurological outcomes and histological findings of 5-day neonatal hypoxic-ischemic ...

Influence of oxygen concentration on the neuroprotective effect of hydrogen inhalation in a rat ...2022 - Brain - Cardiac ArrestBackground: Post-cardiac arrest (CA) brain injury is the main cause of death in patients resuscitated from CA. Previous studies demonstrated that hydrogen inhalation mitigates post-CA brain injury. However, factors affecting the efficacy of hydrogen ...

Hydrogen therapy after resuscitation improves myocardial injury involving inhibition of autophagy in ...2022 - Heart - Cardiac ArrestHydrogen (H2) therapy is a therapeutic strategy using molecular H2. Due to its ability to regulate cell homeostasis, H2 therapy has exhibited marked therapeutic effects on a number of oxidative stress-associated diseases. The present study ...

Hydrogen Attenuated Inflammation Response and Oxidative in Hypoxic Ischemic Encephalopathy via Nrf2 ...2021 - Brain - Brain InjuryHypoxia and ischemia cause neonatal encephalopathy and brain injury and can further result in cerebral palsy, cognitive impairment, growth restriction, and epilepsy. Induction of neuroprotection is a crucial therapeutic strategy for the treatment of ...

Hydrogen gas with extracorporeal cardiopulmonary resuscitation improves survival after prolonged ...2021 - Heart - Extracorporeal CPR (ECPR)Background: Despite the benefits of extracorporeal cardiopulmonary resuscitation (ECPR) in cohorts of selected patients with cardiac arrest (CA), extracorporeal membrane oxygenation (ECMO) includes an artificial oxygenation membrane and circuits that ...

Hydrogen therapy reduces apoptosis in neonatal hypoxia-ischemia rat model2008 - Brain - Brain InjuryHypoxia-ischemia (HI) brain injury is a major cause of neuronal cell death especially apoptosis in the perinatal period. This study was designated to examine the effect of hydrogen therapy on apoptosis in an established neonatal HI rat pup model. ...

Neuroprotective Effects of Hydrogen Saline in Neonatal Hypoxia-ischemia Rat Model2008 - Brain - Brain InjuryCerebral hypoxia-ischemia (HI) represents a major cause of brain damage in the term newborn. This study aimed to examine the short and long-term neuroprotective effect of hydrogen saline (H(2) saline) using an established neonatal HI rat pup model. ..."
Immune Dysfunction,"In Situ Nanoreactor for Photosynthesizing H 2 Gas To Mitigate Oxidative Stress in Tissue ...2017 - Whole Body - Immune DysfunctionHydrogen (H2) gas can reduce cytotoxic reactive oxygen spe-cies (ROS) that are produced in inflamed tissues. Inspired by natural photosynthesis, this work proposes a multicomponent nanoreactor (NR) that comprises chlorophyll a, L-ascorbic acid, and ...

Therapeutic Effects of Hydrogen-Rich Solution on Aplastic Anemia in Vivo2013 - Bone Marrow - Immune DysfunctionBackground: Aplasitc anemia (AA) is a bone marrow failure syndrome characterized by an immune-mediated destruction of hematopoietic stem cells. Though clinical symptoms could be ameliorated by bone marrow transplantation and/or immunosuppressive ...

The Anti-inflammation effects of hydrogen saline in LPS activated macrophages and carrageenan ...2012 - Whole Body - Immune DysfunctionOxidative stress is thought to play an important role in the pathogenesis of inflammation. Recent studies have found that hydrogen gas has the effect of eliminating free radicals. Whether hydrogen saline (more convenient to be used than hydrogen gas) ..."
Indigestion,"The effects of ingestion of hydrogen-dissolved alkaline electrolyzed water on stool consistency and ...2021 - Intestine - IndigestionA relationship between Bifidobacterium and defecation has previously been reported. Our hypothesis on the effectiveness of alkaline electrolyzed water (AEW) proposes that ingestion of AEW, considered possessing antioxidative properties, increases the ..."
Infertility,"Molecular Hydrogen Reduces Electromagnetic Pulse-Induced Male Rat Reproductive System Damage in a ...2022 - Testes - InfertilityInfertility has got to be a broadly concerned social issue these days, in which the malefactor cannot be overlooked. Numerous studies have shown that electromagnetic pulse (EMP) radiation may have seriously damaging effects on reproductive health, ...

Combination of Korean Red Ginseng Extract and Hydrogen-Rich Water Improves Spermatogenesis and Sperm ...2020 - Testes - InfertilityObjective: To investigate the effect of hydrogen-rich Korean Red Ginseng (KRG) water (HRGW) mixture on the spermatogenesis and sperm motility of mice of different ages. Methods: Eighty young (3 month-old) and aged (12 month-old) male mice were ...

Stimulation of human damaged sperm motility with hydrogen molecule2015 - Testes - InfertilityBackground: Sperm motility is a critical factor in male fertility. Low motility can be caused by a variety factors including abnormal spermatogenesis, oxidative damage, or depletion of intracellular ATP. Recent findings indicate that hydrogen ..."
Inflammation,"Outcomes Assessment of Sustainable and Innovatively Simple Lifestyle Modification at the Workplace ...2020 - Whole Body - InflammationOxidative stress has been associated with many diseases as well as aging. Electrolyzed-reduced water (ERW) has been suggested to reduce oxidative stress and improve antioxidant potential. This study investigated the effects of drinking ERW on ...

Molecular hydrogen protects against oxidative stress-induced RAW 264.7 macrophage cells through the ...2020 - Whole Body - InflammationBackground Oxidative stress is involved in the development of many inflammatory, metabolic and aging diseases.Objective In this study we investigated, the protective effects of H2 on RAW 264.7 macrophage cell against LPS-and H2O2-induced oxidative ...

Heme oxygenase-1 mediates the anti-inflammatory effect of molecular hydrogen in LPS-stimulated RAW ...2013 - Whole Body - InflammationBackground: Molecular hydrogen (H2) as a new medical gas has an anti-inflammatory effect. In the present study, we investigated whether heme oxygenase-1 (HO-1) contributes to the anti-inflammatory effect of H2 in lipopolysaccharide (LPS)-stimulated ..."
Inflammatory Bowel Disease,"Electrolyzed Hydrogen Water Alleviates Abdominal Pain through Suppression of Colonic Tissue ...2022 - Intestine - Inflammatory Bowel DiseaseInflammatory bowel disease (IBD) is characterized by chronic inflammation of the digestive tract and is typically accompanied by characteristic symptoms, such as abdominal pain, diarrhea, and bloody stool, severely deteriorating the quality of the ...

A new therapy against ulcerative colitis via the intestine and brain using the Si-based agent2022 - Intestine - Inflammatory Bowel DiseaseUlcerative colitis (UC) is a non-specific inflammatory bowel disease that causes ulcers and erosions in the colonic mucosa and becomes chronic with cycles of amelioration and exacerbation. Because its exact etiology remains largely unclear, and the ...

Microbial hydrogen economy alleviates colitis by reprogramming colonocyte metabolism and reinforcing ...2022 - Intestine - Inflammatory Bowel DiseaseWith the rapid development and high therapeutic efficiency and biosafety of gas-involving theranostics, hydrogen medicine has been particularly outstanding because hydrogen gas (H2), a microbial-derived gas, has potent anti-oxidative, anti-apoptotic, ...

Hydrogen-rich water partially alleviate inflammation, oxidative stress and intestinal flora ...2021 - Intestine - Inflammatory Bowel DiseasePurpose: Oxidative damage and intestinal flora dysbiosis play important roles in the progression of chronic ulcerative colitis (UC). This study explored the effect and mechanism of molecular hydrogen in chronic UC. Materials and methods: Male C57BL/6 ...

Molecular hydrogen is comparable to sulfasalazine as a treatment for DSS-induced colitis in mice2021 - Intestine - Inflammatory Bowel DiseaseColitis is an inflammatory condition of the bowels associated with abdominal pain, diarrhea, fatigue, and fever. Its etiology is multifactorial but related to the overproduction of inflammatory and oxidative mediators. There is currently no cure for ...

Hydrogen-rich water protects against inﬂammatory bowel disease in mice by inhibiting endoplasmic ...2017 - Intestine - Inflammatory Bowel DiseaseAim: To investigate the therapeutic effect of hydrogen-rich water (HRW) on inﬂammatory bowel disease (IBD) and to explore the potential mechanisms involved. Methods: Male mice were randomly divided into the following four groups: control group, in ...

Protective effects of hydrogen-rich saline on ulcerative colitis rat model2013 - Intestine - Inflammatory Bowel DiseaseBackground: Ulcerative colitis (UC) is associated with enhanced production of reactive oxygen species and altered angiogenesis. Molecular hydrogen has been documented as a novel antioxidant to treat various reactive oxygen species-related diseases. ...

Lactulose mediates suppression of dextran sodium sulfate-induced colon inflammation by increasing ...2013 - Intestine - Inflammatory Bowel DiseaseBackground: Molecular hydrogen (H2) is a potent antioxidant and able to protect organs from oxidative stress injuries. Orally administered lactulose, a potent H2 inducer, is digested by colon microflora and significantly increases H2 production, ...

Hydrogen mediates suppression of colon inflammation induced by dextran sodium sulfate2009 - Intestine - Inflammatory Bowel DiseaseBy its antioxidant effect, molecular hydrogen gas (H2) was reported to protect organs from tissue damage induced by ischemia reperfusion. To evaluate its anti-inflammatory effects, we established a mouse model of human inflammatory bowel disease ..."
Interstitial Cystitis,"Effect of supplementation with hydrogen-rich water in patients with interstitial cystitis/painful ...2013 - Bladder - Painful Bladder SyndromeTo investigate the efficacy of hydrogen-rich water for the treatment of patients with interstitial cystitis/painful bladder syndrome (IC/PBS). We conducted a prospective, randomized, double-blind, placebo-controlled clinical trial of hydrogen-rich ..."
Interstitial Lung Disease,"Efficacy and Safety of Hydrogen Therapy in Patients with Early-Stage Interstitial Lung Disease: A ...2023 - Lung - Interstitial Lung DiseasePurpose: Several in vivo experiments have shown that molecular hydrogen is a promising therapeutic agent for interstitial lung diseases (ILD). In this study, hydrogen therapy was investigated to determine whether it is superior to N-Acetylcysteine ..."
Intervertebral Disc Degeneration,"ROS-responsive magnesium-containing microspheres for antioxidative treatment of intervertebral disc ...2023 - Spine - Intervertebral Disc DegenerationIntervertebral disc degeneration (IVDD) is a degenerative disease characterized by lower-back pain, causing disability globally. Antioxidant therapy is currently considered one of the most promising strategies for IVDD treatment, given the crucial ..."
Intestinal Injury,"Hydrogen Promotes the M1 Macrophage Conversion During the Polarization of Macrophages in Necrotizing ...2021 - Intestine - Intestinal InjuryBackground: Hydrogen is protective against intestinal injury in necrotizing enterocolitis (NEC), mainly through to alleviate inflammation response. The M1 macrophages can promote inflammation. We hypothesized that hydrogen would promote the M1 ...

Hydrogen-rich saline protects intestinal epithelial tight junction barrier in rats with intestinal ...2020 - Intestine - Intestinal InjuryAim To investigate the effects of hydrogen-rich saline (HRS) on intestinal epithelial tight junction (TJ) barrier in rats with intestinal ischemia–reperfusion injury (IIRI). Materials and methods Thirty-two healthy male Sprague–Dawley (SD) rats ...

MicroRNA Files in the Prevention of Intestinal Ischemia/Reperfusion Injury by Hydrogen Rich Saline2019 - Intestine - Intestinal InjuryBackground Hydrogen rich saline (HRS) has been proven effective against ischemia reperfusion(I/R) injury. However, knowledge on the underlying signaling events remain poor. Having recent highlight of microRNAs(miRNAs) in mediating intestinal I/R ...

Protective effects of hydrogen rich water on the intestinal ischemia/reperfusion injury due to ...2017 - Intestine - Intestinal InjuryThis study aimed to investigate the protective effects of hydrogen rich water on the intestinal ischemia/reperfusion (I/R) injury in a rat intestinal intussusception (II) model. Ninety Sprague-Dawley rats were randomly assigned into three groups (n = ...

Protective effects of hydrogen-rich saline on necrotizing enterocolitis in neonatal rats2013 - Intestine - Intestinal InjuryPurpose: The aim of this study was to test the hypothesis that hydrogen-rich saline (HRS) might have protective effects on the development of necrotizing enterocolitis (NEC) in a neonatal rat model. Methods: NEC was induced in male newborn ...

The Effects of Hydrogen-Rich Saline on the Contractile and Structural Changes of Intestine Induced ...2011 - Intestine - Intestinal InjuryBackground: Hydrogen has been considered as a novel antioxidant that prevents injuries resulted from ischemia-reperfusion (I/R) injury in various tissues. The study was designed to determine the effect of hydrogen-rich saline on the smooth muscle ...

Hydrogen-rich saline protects against intestinal ischemia/reperfusion injury in rats2009 - Intestine - Intestinal InjuryHydrogen gas was reported to reduce reactive oxygen species and alleviate cerebral, myocardial and hepatic ischemia/reperfusion (I/R) injuries. This paper studied the effect of hydrogen-rich saline, which was easier for clinical application, on the ..."
Intestinal Volvulus,"Protective Effects of Hydrogen-Rich Saline on Experimental Intestinal Volvulus in Rats2022 - Intestine - Surgery/TransplantationBackground: Intestinal volvulus can cause morbidity and mortality. Surgical reduction, on the other hand, could result in ischemia-reperfusion (I/R) injury. Hydrogen rich saline solution (HRSS neutralizes free radicals in the body. This study aimed ..."
Intracranial Hemorrhage,"Hydrogen inhalation promotes recovery of a patient in persistent vegetative state from intracerebral ...2022 - Brain - ComaBackground: Persistent vegetative state (PVS) is a devastating and long-lasting clinical condition with high morbidity and mortality; currently, there are no available effective interventions. Case summary: We report the case of an 11-year-old boy ...

Hydrogen-rich saline alleviates early brain injury through regulating of ER stress and autophagy ...2021 - Brain - Brain InjuryPurpose: Subarachnoid hemorrhage (SAH) is a common complication of cerebral vascular disease. Hydrogen has been reported to alleviate early brain injury (EBI) through oxidative stress injury, reactive oxygen species (ROS), and autophagy. Autophagy is ...

Hydrogen gas post-conditioning alleviates cognitive dysfunction and anxiety-like behavior in a rat ...2021 - Brain - Brain InjurySubarachnoid hemorrhage (SAH) results in high rates of mortality and lasting disability. Hydrogen gas (H2) is an antioxidant with demonstrated neuroprotective efficacy. The present study examined the therapeutic efficacy of H2 inhalation on early ...

Hydrogen gas post-conditioning attenuates early neuronal pyroptosis in a rat model of subarachnoid ...2021 - Brain - Brain InjuryNeuronal pyroptosis serves an important role in the progress of neurologic dysfunction following subarachnoid hemorrhage (SAH), which is predominantly caused by a ruptured aneurysm. Hydrogen gas has been previously reported to be an effective ...

Physiological effects of combination therapy of intracisternal infusion of magnesium sulfate ...2014 - Brain - Brain InjuryCombination therapy of intracisternal (ic) infusion of magnesium sulfate solution and intravenous (iv) injection of hydrogen-enriched fluid can provide protection against delayed ischemic neurological deficits after subarachnoid hemorrhage (SAH). ...

Nuclear factor-κB/Bcl-XL pathway is involved in the protective effect of hydrogen-rich saline on ...2013 - Brain - Brain InjuryEarly brain injury (EBI), a significant contributor to poor outcome after subarachnoid hemorrhage (SAH), is intimately associated with neuronal apoptosis. Recently, the protective role of hydrogen (H2 ) in the brain has been widely studied, but the ...

Hydrogen-rich saline alleviates early brain injury via reducing oxidative stress and brain edema ...2012 - Brain - Brain InjuryBackground: Increasing experimental and clinical data indicate that early brain injury (EBI) after subarachnoid hemorrhage (SAH) largely contributes to unfavorable outcomes, and it has been proved that EBI following SAH is closely associated with ...

Hydrogen gas ameliorates oxidative stress in early brain injury after subarachnoid hemorrhage in ...2012 - Brain - Brain InjuryHydrogen gas has been demonstrated to neutralize free radicals and reduce oxidative stress recently. Our objective was to determine the therapeutic effect of H2 inhalation and its antioxidative activity on early brain injury after subarachnoid ...

Beneficial effect of hydrogen-rich saline on cerebral vasospasm after experimental subarachnoid ...2012 - Brain - Brain InjuryCerebral vasospasm (CV) remains a common and devastating complication in patients with subarachnoid hemorrhage (SAH). Despite its clinical significance and extensive research, the underlying pathogenesis and therapeutic perspectives of CV remain ...

Protective Effect of Hydrogen Gas Therapy After Germinal Matrix Hemorrhage in Neonatal Rats2011 - Brain - Brain InjuryGerminal matrix hemorrhage (GMH) is a neurological disease of very low birth weight premature infants leading to post-hemorrhagic hydrocephalus, cerebral palsy, and mental retardation. Hydrogen (H2) is a potent antioxidant shown to selectively ..."
Intraocular Pressure,EFFECT OF ACUTE HYDROGEN-RICH WATER INTAKE ON INTRAOCULAR PRESSURE IN HEALTHY SUBJECTS2023 - Eye - Intraocular PressurePurposes: The primary aim of the study was to assess the response of intraocular pressure (IOP) to the acute ingestion of hydrogen-rich water (HRW) compared to hydrogen-free water (placebo) in healthy subjects. The effect of HRW intake on central ...
Iron Overload,"Hydrogen-Rich Saline Attenuates Chronic Allodynia after Bone Fractures via Reducing Spinal ...2022 - Spine - Neuropathic PainPurpose: Neuroinflammation often initiates iron overload in the pathogenesis of neurological disorders. Chemokine-driven neuroinflammation is required for central sensitization and chronic allodynia following fractures, but specific molecular ..."
Irritable Bowel Syndrome,"Daily ingestion of alkaline electrolyzed water containing hydrogen influences human health, ...2019 - Intestine - Irritable Bowel SyndromeIn Japan, alkaline electrolyzed water (AEW) apparatus have been approved as a medical device. And for the patients with gastrointestinal symptoms, drinking AEW has been found to be effective in relieving gastrointestinal symptoms. But some users of ...

Effects of Alkaline-Reduced Drinking Water on Irritable Bowel Syndrome with Diarrhea: A Randomized ...2018 - Intestine - Irritable Bowel SyndromeObjectives: The purpose of this study was to investigate whether the ingestion of alkaline-reduced water (ARW) is helpful in improving the symptoms of diarrhea-predominant irritable bowel syndrome (IBS). Methods: Twenty-seven patients (male, 25.9%; ...

The effects of methane and hydrogen gases produced by enteric bacteria on ileal motility and colonic ...2011 - Intestine - Irritable Bowel SyndromeBackground: Gases produced by intestinal flora may modulate intestinal motor function in healthy individuals as well as those with functional bowel disease. Methane, produced by enteric bacteria in the human gut, is associated with slowed intestinal ..."
Ischemia-Reperfusion Injury,"Hydrogen‑rich saline promotes neuronal recovery in mice with cerebral ischemia through the ...2023 - Brain - StrokeThis study explored the protective effect and mechanism of hydrogen‑rich saline (HRS) on the neurological function of mice with cerebral ischemia. Effects of HRS on neurological function in mice with cerebral ischemia were evaluated by neurological ...

Inhibition of retinal ischemia-reperfusion injury in rats by inhalation of low-concentration ...2023 - Eye - Retinal InjuryPurpose: To investigate the inhibitory effect of hydrogen gas inhalation on retinal ischemia reperfusion (I/R) injury using a rat model. Methods: Six-week-old male Sprague-Dawley rats were used. A 27G needle connected by a tube to a saline bottle ...

Hydrogen-rich saline alleviates cardiomyocyte apoptosis by reducing expression of calpain1 via ...2023 - Heart - Heart FailureAims: Molecular hydrogen has been exhibited a protective function in heart diseases. Our previous study demonstrated that hydrogen-rich saline (HRS) could scavenge free radicals selectively and alleviate the inflammatory response in the myocardial ...

Molecular hydrogen: prospective treatment strategy of kidney damage after cardiac surgery2023 - Kidney - Surgery/TransplantationCardiac surgery-associated acute kidney injury (CS-AKI) is a common postoperative complication, mostly due increasing oxidative stress. Recently, molecular hydrogen (H2 gas), has also been applied to cardiac surgery due to its ability to reduce ...

Hyperbaric oxygen combined with hydrogen-rich saline protects against acute lung injury2023 - Lung - Lung InjuryBackground: This study sought to investigate therapeutic effects of hydrogen-rich saline (HRS) combined with hyperbaric oxygen (HBO2) in an experimental rat model of acute lung injury (ALI). Method: Forty male Sprague-Dawley rats were randomly ...

The Role of LincRNA-EPS/Sirt1/Autophagy Pathway in the Neuroprotection Process by Hydrogen against ...2023 - Brain - StrokeCerebral ischemia/reperfusion (CI/R) injury causes high disability and mortality. Hydrogen (H2) enhances tolerance to an announced ischemic event; however, the therapeutic targets for the effective treatment of CI/R injury remain uncertain. Long ...

Combination of Cold Storage in a Heavy Water-Containing Solution and Post-Reperfusion Hydrogen Gas ...2023 - Liver - Surgery/TransplantationWe previously reported the efficacy of cold storage (CS) using a heavy water-containing solution (Dsol) and post-reperfusion hydrogen gas treatment separately. This study aimed to clarify the combined effects of these treatments. Rat livers were ...

Hypothermic Machine Perfusion with Hydrogen Gas Reduces Focal Injury in Rat Livers but Fails to ...2023 - Liver - Surgery/TransplantationBackground: We have previously reported the efficacy of post-reperfusion H2 gas treatment in cold storage (CS) and subsequent reperfusion of the rat liver. The present study aimed to evaluate the effect of H2 gas treatment during hypothermic machine ...

Efficacy of inhaled hydrogen on neurological outcome following brain ischaemia during post-cardiac ...2023 - Brain - Cardiac ArrestBackground: Inhaled molecular hydrogen gas (H2) has been shown to improve outcomes in animal models of cardiac arrest (CA). H2 inhalation is safe and feasible in patients after CA. We investigated whether inhaled H2 would improve outcomes after ...

Hydrogen gas and preservation of intestinal stem cells in mesenteric ischemia and reperfusion2022 - Intestine - Surgery/TransplantationBackground: Patients with mesenteric ischemia frequently suffer from bowel necrosis even after revascularization. Hydrogen gas has showed promising effects for ischemia-reperfusion injury by reducing reactive oxygen species in various animal and ..."
Kawasaki Disease,"Hydrogen Gas Inhalation Regressed Coronary Artery Aneurysm in Kawasaki Disease-Case Report and ...2022 - Heart - VasculitisKawasaki disease (KD) is a systemic vasculitis that primarily affects children under the age of 5 years old and is among the most common acquired heart disease in developed countries, particularly in Asia. No effective treatment is currently ..."
Keratin Plugs,"Electrolytically generated hydrogen warm water cleanses the keratin-plug-clogged hair-pores and ...2018 - Skin - Cosmetic Skin IssuesBiomedical properties of hydrogen water have been extensively investigated, but the effect of hydrogen on good healthy subjects remains unclear. This study was designed to explore the hygiene improvement by electrolytically generated hydrogen warm ..."
Kidney Failure,"THE USE OF MOLECULAR HYDROGEN IN CORRECTION OF NO-REFLOW SYNDROME IN THE POLYURIC STAGE OF SUBLIMATE ...2021 - Kidney - Kidney FailureObjective - to find out the possibility of using molecular hydrogen in the correction of no-reflow syndrome in the polyuric stage of acute kidney injury 72 hours after the administration of mercuric chloride in rats on a hyposodium diet. The ...

Efficacy of a Si-based agent against developing renal failure in a rat remnant kidney model2020 - Kidney - Kidney FailureChronic renal failure is exacerbated by oxidative stress, and this condition is difficult to treat in advanced stages. Because of the lack of effective treatments, the disease is a global public health concern. We developed a Si-based agent that ...

Ionized Alkaline Water: New Strategy for Management of Metabolic Acidosis in Experimental Animals2009 - Kidney - Kidney FailureMetabolic acidosis can occur as a result of either the accumulation of endogenous acids or loss of bicarbonate from the gastrointestinal tract or the kidney, which represent common causes of metabolic acidosis. The appropriate treatment of acute ..."
Kidney Stones,"Oral Hydrogen-Rich Water Alleviates Oxalate-Induced Kidney Injury by Suppressing Oxidative Stress, ...2021 - Kidney - Kidney StonesObjective: To explore the theraputic effects and potential mechanisms of hydrogen-rich water (HRW) against oxalate-induced kidney injury. Methods: The mouse model of Calcium oxalate (CaOx) crystallization was established by feeding a soluble oxalate ...

UPLC/MS-Based Metabolomics Investigation of the Protective Effect of Hydrogen Gas Inhalation on Mice ...2018 - Kidney - Kidney StonesHydrogen has a significant protective effect on calcium oxalate-induced renal injury, but its effect on metabolic profiles is unknown. This study showed the effects of hydrogen on serum and urine metabolites in a renal injury model. Ultra-HPLC ...

Inhalation of hydrogen gas ameliorates glyoxylate-induced calcium oxalate deposition and renal ...2015 - Kidney - Kidney StonesThe aim of this study is to evaluate the protective effect and underlying mechanism of hydrogen gas (H2) to glyoxylate induced renal calcium oxalate (CaOx) crystal deposition in mice. In present work, rodent renal CaOx crystal deposition model was ..."
Liver Disease,"Alleviating effects of hydrogen on hyperhomocysteinemia and fatty liver induced by high-methionine ...2023 - Liver - Liver DiseaseObjective: To investigate the alleviating effect of hydrogen (H2) on homocysteine (Hcy) levels and non alcoholic fatty liver in rats with hyperhomocysteinemia (HHcy). Methods: After one week of adaptive feeding, Wistar rats were randomly divided into ...

Hydrogen inhalation ameliorates hepatic inflammation and modulates gut microbiota in rats with ...2023 - Liver - Liver DiseaseNonalcoholic fatty liver disease (NAFLD) is a multisystem metabolic disease associated with gut microflora dysbiosis and inflammation. Hydrogen (H2) is a novel and effective antiinflammatory agent. The present study was aimed to clarify the effects ...

A randomized, placebo-controlled clinical trial of hydrogen/oxygen inhalation for non-alcoholic ...2022 - Liver - Liver DiseaseNon-alcoholic fatty liver disease (NAFLD) is the most common chronic liver disease worldwide with increasing incidence consistent with obesity, type 2 diabetes and cardiovascular diseases. No approved medication was currently available for NAFLD ...

Electrolyzed Hydrogen Water Protects against Ethanol-Induced Cytotoxicity by Regulating Aldehyde ...2021 - Liver - Liver DiseaseExcessive alcohol consumption can cause multi-systemic diseases. Among them, alcoholic liver disease is the most frequent and serious disease. Electrolytic hydrogen water (EHW) is produced at the cathode during electrolysis of water and contains a ...

Hydrogen gas alleviates acute alcohol-induced liver injury by inhibiting JNK activation2021 - Liver - Liver DiseaseBinge alcohol drinking is fast becoming a global health concern, with the liver among the first organ involved and the one afflicted with the greatest degree of injury. Oxidative stress, alterations in hepatic metabolism, immunity and inflammation ...

Hydrogen inhalation alleviates nonalcoholic fatty liver disease in metabolic syndrome rats2020 - Liver - Liver DiseaseHydrogen exhibits therapeutic and preventive effects against various diseases. The present study investigated the potential protective effect and dose‑dependent manner of hydrogen inhalation on high fat and fructose diet (HFFD)‑induced ...

Effects of hydrogen-rich saline on liver of severely scalded rats with delayed resuscitation2014 - Liver - Liver DiseaseTo explore the effects of hydrogen-rich saline (HS) on liver of severely scalded rats with delayed resuscitation. Twenty-four SD rats were inflicted with 40% TBSA full-thickness scald using a temperature-controlled scalding apparatus. The injured ...

Concomitant inhibition of oxidative stress and angiogenesis by chronic hydrogen‐rich saline and ...2014 - Liver - Liver DiseaseAimIn cirrhosis, increased oxidative stress leads to systemic and splanchnic hyperdynamic circulation, splanchnic angiogenesis, portosystemic collaterals formation, hepatic endothelial dysfunction, increased intrahepatic resistance, and the ...

Effects of oral intake of hydrogen water on liver fibrogenesis in mice2014 - Liver - Liver DiseaseAim: Liver fibrosis is the universal consequence of chronic liver diseases. Sustained hepatocyte injury initiates an inflammatory response, thereby activating hepatic stellate cells, the principal fibrogenic cells in the liver. Reactive oxygen ...

Hepatoprotective effect of electrolyzed reduced water against carbon tetrachloride-induced liver ...2009 - Liver - Liver DiseaseThe study investigated the protective effect of electrolyzed reduced water (ERW) against carbon tetrachloride (CCl(4))-induced liver damage. Male ICR mice were randomly divided into control, CCl(4), CCl(4)+silymarin, and CCl(4)+ERW groups. ..."
Liver Failure,"The Protective Role of Hydrogen -Rich Saline in Experimental Liver Injury in Mice2011 - Liver - Liver FailureReactive oxygen species (ROS) are considered to play a prominent causative role in the development of various hepatic disorders. Antioxidants have been effectively demonstrated to protect against hepatic damage. Hydrogen (H(2)), a new antioxidant, ..."
Liver Injury,"A Preliminary Study on the Effect of Hydrogen Gas on Alleviating Early CCl 4-Induced Chronic Liver ...2021 - Liver - Liver InjuryAs a small-molecule reductant substance, hydrogen gas has an obvious antioxidant function. It can selectively neutralize hydroxyl radicals (•OH) and peroxynitrite (ONOO•) in cells, reducing oxidative stress damage. The purpose of this study was ...

The Preventive Role of Hydrogen-Rich Water in Thioacetamide-Induced Cholangiofibrosis in Rat ...2021 - Liver - Liver InjuryBackground: Cholangiofibrosis is a controversial intrahepatic cholangial lesion that precedes the development of cholangiocarcinoma. Here, we demonstrate that molecular hydrogen (H2) can be used to effectively prevent cholangiofibrosis. Methods: The ...

Hydrogen-Rich Saline Attenuates Acute Hepatic Injury in Acute Necrotizing Pancreatitis by Inhibiting ...2016 - Liver - Liver InjuryObjectives: The objective of this study was to study the role of hydrogen-rich saline (HRS) on acute hepatic injury (AHI) in acute necrotizing pancreatitis (ANP). Methods: Rats were used for this study and an ANP model was induced by injecting 5% ...

Hydrogen-rich water protects against acetaminophen-induced hepatotoxicity in mice2015 - Liver - Liver InjuryAim: To investigate the hepatoprotective effects and mechanisms of hydrogen-rich water (HRW) in acetaminophen (APAP)-induced liver injury in mice. Methods: Male mice were randomly divided into the following four groups: normal saline (NS) control ..."
Lung Contusion,Hydrogen inhalation attenuates lung contusion after blunt chest trauma in mice2023 - Lung - Blunt Chest TraumaBackground: Lung contusion caused by blunt chest trauma evokes a severe inflammatory reaction in the pulmonary parenchyma that may be associated with acute respiratory distress syndrome. Although hydrogen gas has antioxidant and anti-inflammatory ...
Lung Injury,"Hyperbaric oxygen combined with hydrogen-rich saline protects against acute lung injury2023 - Lung - Lung InjuryBackground: This study sought to investigate therapeutic effects of hydrogen-rich saline (HRS) combined with hyperbaric oxygen (HBO2) in an experimental rat model of acute lung injury (ALI). Method: Forty male Sprague-Dawley rats were randomly ...

Hydrogen alleviates acute lung injury induced by limb ischaemia/reperfusion in mice2021 - Lung - Lung InjuryAims: Limb ischaemia/reperfusion (LIR) occurs in various clinical conditions including critical limb ischaemia, abdominal aortic aneurysm, and traumatic arterial injury. Reperfusion of the acutely ischemic limb can lead to a systemic inflammation ...

Hydrogen Attenuates Endotoxin-Induced Lung Injury by Activating Thioredoxin 1 and Decreasing Tissue ...2021 - Lung - Lung InjuryEndotoxin-induced lung injury is one of the major causes of death induced by endotoxemia, however, few effective therapeutic options exist. Hydrogen inhalation has recently been shown to be an effective treatment for inflammatory lung injury, but the ...

Effects of hydrogen on the lung damage of mice at early stage of severe burn2017 - Lung - Lung InjuryObjective: To investigate the effects of hydrogen on the lung damage of mice at early stage of severe burn. Methods: One hundred and sixty ICR mice were divided into sham injury, hydrogen, pure burn, and burn+ hydrogen groups according to the random ...

Protective effect of hydrogen-saturated saline on acute lung injury induced by oleic acid in rats2017 - Lung - Lung InjuryBackground The purpose of the study is to investigate the role and mechanisms of hydrogen-saturated saline (HSS) in the acute lung injury (ALI) induced by oleic acid (OA) in rats. Methods Rats were treated with OA (0.1 mL/kg) to induce ALI and then ...

Protective Effects of Hydrogen-Rich Saline Against Lipopolysaccharide-Induced Alveolar ...2017 - Lung - Lung InjuryBackground Fibrotic change is one of the important reasons for the poor prognosis of patients with acute respiratory distress syndrome (ARDS). The present study investigated the effects of hydrogen-rich saline, a selective hydroxyl radical scavenger, ...

Hydrogen Gas Inhalation Attenuates Seawater Instillation-Induced Acute Lung Injury via the Nrf2 ...2016 - Lung - Lung InjurySeawater instillation-induced acute lung injury involves oxidative stress and apoptosis. Although hydrogen gas inhalation is reportedly protective in multiple types of lung injury, the effect of hydrogen gas inhalation on seawater ...

Hydrogen-rich saline protects against acute lung injury induced by extensive burn in rat model2011 - Lung - Lung InjuryHydrogen has been reported to selectively quench detrimental reactive oxygen species, particularly hydroxyl radical, and to prevent myocardial or hepatic ischemia/reperfusion injury in multiple models. The aim of this study is to investigate whether ...

Hydrogen-rich saline reduces lung injury induced by intestinal ischemia/reperfusion in rats2009 - Lung - Lung InjuryHydrogen has been reported to selectively reduce the hydroxyl radical, the most cytotoxic of reactive oxygen species. In this study we investigated the effects of hydrogen-rich saline on the prevention of lung injury induced by intestinal ..."
Macular Degeneration,The Anti-Inflammatory Effect of Hydrogen Gas Inhalation and Its Influence on Laser-Induced Choroidal ...2021 - Eye - AgingBackground: Age-related macular degeneration (AMD) is a leading cause of blindness in the elderly. Choroidal neovascularization (CNV) is the major pathologic feature of neovascular AMD. Oxidative damages and the ensuing chronic inflammation are ...
Mastitis,"Hydrogen helps to ameliorate Staphylococcus aureus-induced mastitis in mice2022 - Breast - MastitisMany studies have shown that hydrogen has anti-inflammatory and anti-oxidant effects. Because of its ability to quickly pass through cell membranes, hydrogen has become a hot spot in the research of inflammatory diseases. Vitamin E glycerin (VEG) and ..."
Maternal Immune Activation,"Social Communication of Maternal Immune Activation-Affected Offspring Is Improved by Si-Based ...2022 - Pregnancy - NeuroprotectionMaternal immune activation (MIA) is triggered by infection or autoimmune predisposition during pregnancy, and cytokines produced by MIA are transmitted through the placenta to the fetal brain, implicating at the onset risks and vulnerability for ...

Administration of molecular hydrogen during pregnancy improves behavioral abnormalities of offspring ...2018 - Pregnancy - NeuroprotectionThe aim of the present study was to investigate long-term outcomes of the offspring in a lipopolysaccharide (LPS)-induced maternal immune activation (MIA) model and the effect of maternal molecular hydrogen (H2) administration. We have previously ..."
Metabolic Acidosis,"Hydrogen-rich water affected blood alkalinity in physically active men2014 - Whole Body - ExcercisePossible appliance of effective and safe alkalizing agent in the treatment of metabolic acidosis could be of particular interest to humans experiencing an increase in plasma acidity, such as exercise-induced acidosis. In the present study we tested ...

Ionized Alkaline Water: New Strategy for Management of Metabolic Acidosis in Experimental Animals2009 - Kidney - Kidney FailureMetabolic acidosis can occur as a result of either the accumulation of endogenous acids or loss of bicarbonate from the gastrointestinal tract or the kidney, which represent common causes of metabolic acidosis. The appropriate treatment of acute ..."
Metabolic Syndrome,"Evaluation of the safety and potential lipid-lowering effects of oral hydrogen-rich coral calcium ...2023 - Whole Body - Metabolic SyndromeBackground: Metabolic syndrome is characterized by a cluster-like occurrence of conditions such as hypertension, hyperglycaemia, elevated low-density lipoprotein (LDL) cholesterol or triglycerides (TG) and high visceral fat. Metabolic syndrome is ...

Hydrogen-Rich Water Ameliorates Metabolic Disorder via Modifying Gut Microbiota in Impaired Fasting ...2023 - Intestine - Metabolic SyndromeObjective: Molecular hydrogen (H2) exhibits antioxidant, anti-inflammatory and anti-apoptotic effects, and has shown benefits in glucose and lipid metabolism in certain animal metabolic disorder models. However, the potential benefits of H2 treatment ...

Colonic lactulose fermentation has no impact on glucagon-like peptide-1 and peptide-YY secretion in ...2021 - Intestine - Metabolic SyndromeContext: The colon houses most of our gut microbiota, which ferments indigestible carbohydrates. The products of fermentation have been proposed to influence the secretion of glucagon-like peptide-1 (GLP-1) and peptide YY (PYY) from the many ...

L-Arabinose Elicits Gut-Derived Hydrogen Production and Ameliorates Metabolic Syndrome in C57BL/6J ...2019 - Whole Body - Metabolic SyndromeObesity and metabolic syndrome (MS) associated with excess calorie intake has become a great public health concern worldwide. L-arabinose, a naturally occurring plant pentose, has a promising future as a novel food ingredient with benefits in MS; yet ...

Effects of alkaline-electrolyzed and hydrogen-rich water, in a high-fat-diet nonalcoholic fatty ...2018 - Liver - Metabolic SyndromeAIM To identify the effect of hydrogen-rich water (HRW) and electrolyzed-alkaline water (EAW) on high-fat-induced non-alcoholic fatty acid disease in mice. METHODS Mice were divided into four groups: (1) Regular diet (RD)/regular water (RW); (2) ...

Coral calcium hydride prevents hepatic steatosis in high fat diet-induced obese rats: A potent ...2016 - Liver - Metabolic SyndromeDiet-induced nonalcoholic fatty liver disease (NAFLD) is characterized by profound lipid accumulation and associated with an inflammatory response, oxidative stress and hepatic mitochondrial dysfunction. We previously demonstrated that some ...

Hydrogen-rich water decreases serum LDL-cholesterol levels and improves HDL function in patients ...2013 - Whole Body - Metabolic SyndromeWe have found hydrogen (dihydrogen; H2) has beneficial lipid-lowering effects in high-fat diet-fed Syrian golden hamsters. The objective of this study was to characterize the effects of H2-rich water (0.9-1.0 L/day) on the content, composition, and ...

Colonic Hydrogen Generated from Fructan Diffuses into the Abdominal Cavity and Reduces Adipose mRNA ...2013 - Whole Body - Metabolic SyndromeHydrogen (H2) protects against inflammation-induced oxidative stress. Nondigestible saccharides (NDSs) enhance colonic H2 production. We examined whether colonic H2 transfers to tissues in the abdominal cavity and whether it affects expression of ...

Effects of hydrogen-rich water on abnormalities in a SHR.Cg-Lepr cp /NDmcr rat – A metabolic ...2011 - Kidney - Metabolic SyndromeHydrogen (H2), a potent free radical scavenger, selectively reduces the hydroxyl radical, which is the most cytotoxic of the reactive oxygen species (ROS). An increase in oxygen free radicals induces oxidative stress, which is known to be involved in ...

Effectiveness of hydrogen rich water on antioxidant status of subjects with potential metabolic ...2010 - Whole Body - Metabolic SyndromeMetabolic syndrome is characterized by cardiometabolic risk factors that include obesity, insulin resistance, hypertension and dyslipidemia. Oxidative stress is known to play a major role in the pathogenesis of metabolic syndrome. The objective of ..."
Motor Deficit,Molecular hydrogen alleviates motor deficits and muscle degeneration in mdx mice2017 - Muscle - Muscular DystrophyObjective: Duchenne muscular dystrophy (DMD) is a devastating muscle disease caused by a mutation in DMD encoding dystrophin. Oxidative stress accounts for dystrophic muscle pathologies in DMD. We examined the effects of molecular hydrogen in mdx ...
Multiple Organ Dysfunction Syndrome,"Micromotor-Enabled Active Hydrogen and Tobramycin Delivery for Synergistic Sepsis Therapy2023 - Whole Body - SepsisSepsis is a highly heterogeneous syndrome normally characterized by bacterial infection and dysregulated systemic inflammatory response that leads to multiple organ failure and death. Single anti-inflammation or anti-infection treatment exhibits ...

Hydrogen alleviates cell damage and acute lung injury in sepsis via PINK1/Parkin-mediated mitophagy2021 - Lung - SepsisBackground: Multiple organ failure (MOF) is the main cause of early death in septic shock. Lungs are among the organs that are affected in MOF, resulting in acute lung injury. Inflammation is an important factor that causes immune cell dysfunction in ...

Itraq-Based Quantitative Proteomic Analysis of Lungs in Murine Polymicrobial Sepsis with Hydrogen ...2018 - Lung - SepsisSepsis-associated acute lung injury (ALI), which carries a high morbidity and mortality in patients, has no effective therapeutic strategies to date. Our group has already reported that hydrogen gas (H2) exerts a protective effect against sepsis in ...

Abstract PR087: Quantitative Itraq-Coupled Lc-Ms/Ms Proteomics Reveals the Mechanism of Hydrogen Gas ...2016 - Lung - SepsisNo abstract available

Protective effects of hydrogen-rich medium on lipopolysaccharide-induced monocytic adhesion and ...2015 - Endothelium - SepsisWe observed the effect of hydrogen-rich medium on lipopolysaccharide (LPS)-induced human umbilical vein endothelial cells (HUVECs), hyaline leukocyte conglutination, and permeability of the endothelium. Endotheliocytes were inoculated on 6-well ...

Hydrogen-Rich Medium Attenuated Lipopolysaccharide-Induced Monocyte-Endothelial Cell Adhesion and ...2015 - Endothelium - SepsisSepsis is the leading cause of death in critically ill patients. In recent years, molecular hydrogen, as an effective free radical scavenger, has been shown a selective antioxidant and anti-inflammatory effect, and it is beneficial in the treatment ...

Effects of hydrogen-rich saline treatment on polymicrobial sepsis2013 - Whole Body - SepsisBackground: Hydrogen has been reported to selectively reduce hydroxyl radicals and peroxynitrite anion in many pathologic processes. This study aimed to test the hypothesis that hydrogen-rich saline (HRS) may ameliorate organ dysfunction in a rat ...

Combination therapy with molecular hydrogen and hyperoxia in a murine model of polymicrobial sepsis2012 - Whole Body - SepsisSepsis is the most common cause of death in intensive care units. Some studies have found that hyperoxia may be beneficial to sepsis. However, the clinical use of hyperoxia is hindered by concerns that it could exacerbate organ injury by increasing ...

Protective effects of hydrogen gas on murine polymicrobial sepsis via reducing oxidative stress and ...2010 - Whole Body - SepsisDespite recent advances in antibiotic therapy and intensive care, sepsis is still considered to be the most common cause of death in intensive care units. Excessive production of reactive oxygen species plays an important role in the pathogenesis of ...

Hydrogen Gas Improves Survival Rate and Organ Damage in Zymosan-Induced Generalized Inflammation ...2010 - Whole Body - SepsisSepsis/multiple organ dysfunction syndrome is the leading cause of death in critically ill patients. Recently, it has been suggested that hydrogen gas (H2) exerts a therapeutic antioxidant activity by selectively reducing hydroxyl radical (•OH, the ..."
Multiple Sclerosis,"Hydrogen-Rich Saline Ameliorates Experimental Autoimmune Encephalomyelitis in C57BL/6 Mice Via the ...2018 - Brain - Multiple SclerosisMultiple sclerosis (MS) is a chronic and inflammatory disease of the central nervous system that is associated with demyelination, neurodegeneration, and sensitivity to oxidative stress. Hydrogen-rich saline (HRS) is efficacious in preventive and ...

Hydrogen-rich water improves neurological functional recovery in experimental autoimmune ...2016 - Brain - Multiple SclerosisMultiple sclerosis (MS) is a chronic autoimmune demyelinating disease of the central nervous system (CNS). The high costs, inconvenient administration, and side effects of current Food and Drug Administration (FDA)-approved drugs often lead to poor ..."
Muscular Dystrophy,"Molecular hydrogen alleviates motor deficits and muscle degeneration in mdx mice2017 - Muscle - Muscular DystrophyObjective: Duchenne muscular dystrophy (DMD) is a devastating muscle disease caused by a mutation in DMD encoding dystrophin. Oxidative stress accounts for dystrophic muscle pathologies in DMD. We examined the effects of molecular hydrogen in mdx ...

Open-label trial and randomized, double-blind, placebo-controlled, crossover trial of ...2011 - Muscle - Muscular DystrophyBackground: Molecular hydrogen has prominent effects on more than 30 animal models especially of oxidative stress-mediated diseases and inflammatory diseases. In addition, hydrogen effects on humans have been reported in diabetes mellitus type 2, ..."
Mycotoxicosis,"Morphological and molecular response of small intestine to lactulose and hydrogen-rich water in ...2019 - Intestine - Food PoisoningBackground Following the intake of Fusarium mycotoxin-contaminated feed, small intestines may be exposed to high levels of toxic substances that can potentially damage intestinal functions in livestock. It is well known that Fusarium mycotoxins will ...

Protective Role of Hydrogen Gas on Oxidative Damage and Apoptosis in Intestinal Porcine Epithelial ...2019 - Intestine - Food PoisoningTo explore the protective role of hydrogen gas (H2) on oxidative damage and apoptosis in intestinal porcine epithelial cells (IPEC-J2) induced by deoxynivalenol (DON), cells were assigned to four treatment groups, including control, 5 μM DON, ..."
Myocardial Necrosis,"Histopathological influence of alkaline ionized water on myocardial muscle of mother rats1999 - Heart - Cardiac DegenerationWe have reported that a marked necrosis and subsequent fibrosis of myocardium occurred among male rats 15 weeks old given alkaline ionized water (AKW) during gestation and suckling periods, and after weaning. In this study, it was examined whether ...

Degradation of Myocardiac Myosin and Creatine Kinase in Rats Given Alkaline Ionized Water1998 - Heart - Cardiac DegenerationRecently, the authors have shown that marked necrosis and fibrosis of myocardium were observed in rats given alkaline ionized water (AKW). To clarify the cause of myocardial lesions, the activities of myosin ATPase, actomyosin ATPase and creatine ...

INFLUENCE OF ALKALINE IONIZED WATER ON RAT ERYTHROCYTE HEXOKINASE ACTIVITY AND MYOCARDIUM1997 - Heart - Cardiac DegenerationAlkaline ionized water (AKW) produced by the electrolysis of tap water (TPW) was given to pregnant rats throughout gestation. AKW was subsequently given to infants as a test group until 15 weeks old to determine changes in body and organ weights, ..."
Necrotizing Enterocolitis,"Hydrogen Promotes the M1 Macrophage Conversion During the Polarization of Macrophages in Necrotizing ...2021 - Intestine - Intestinal InjuryBackground: Hydrogen is protective against intestinal injury in necrotizing enterocolitis (NEC), mainly through to alleviate inflammation response. The M1 macrophages can promote inflammation. We hypothesized that hydrogen would promote the M1 ...

Protective effects of hydrogen-rich saline on necrotizing enterocolitis in neonatal rats2013 - Intestine - Intestinal InjuryPurpose: The aim of this study was to test the hypothesis that hydrogen-rich saline (HRS) might have protective effects on the development of necrotizing enterocolitis (NEC) in a neonatal rat model. Methods: NEC was induced in male newborn ..."
Necrotizing Pancreatitis,Hydrogen-Rich Saline Attenuates Acute Hepatic Injury in Acute Necrotizing Pancreatitis by Inhibiting ...2016 - Liver - Liver InjuryObjectives: The objective of this study was to study the role of hydrogen-rich saline (HRS) on acute hepatic injury (AHI) in acute necrotizing pancreatitis (ANP). Methods: Rats were used for this study and an ANP model was induced by injecting 5% ...
Neurodegeneration,"Randomized double-blind placebo-controlled trial of hydrogen inhalation for Parkinson’s ...2021 - Brain - Parkinson's DiseaseBackground: Oxidative stress is involved in the progression of Parkinson's disease (PD). Recent studies have confirmed that molecular hydrogen (H2) functions as a highly effective antioxidant in animal models of PD. A placebo-controlled, randomized, ...

Hydrogen-saturated saline mediated neuroprotection through autophagy via PI3K/AKT/mTOR pathway in ...2021 - Brain - Parkinson's DiseaseSome cardiovascular symptoms in the early stage of Parkinson's disease (PD) were related to degeneration of the rostral ventrolateral medulla (RVLM) catecholaminergic neurons. To date, little is known about the effects of hydrogen water on early ...

Inhalation of hydrogen gas elevates urinary 8-hydroxy-2′-deoxyguanine in Parkinson’s ...2019 - Brain - Parkinson's DiseaseHyposmia is one of the earliest and the most common symptoms in Parkinson's disease (PD). The benefits of hydrogen water on motor deficits have been reported in animal PD models and PD patients, but the effects of hydrogen gas on PD patients have not ...

Hydrogen in drinking water reduces dopaminergic neuronal loss in the ...2009 - Brain - Parkinson's DiseaseIt has been shown that molecular hydrogen (H(2)) acts as a therapeutic antioxidant and suppresses brain injury by buffering the effects of oxidative stress. Chronic oxidative stress causes neurodegenerative diseases such as Parkinson's disease (PD). ...

Molecular hydrogen is protective against 6-hydroxydopamine-induced nigrostriatal degeneration in a ...2009 - Brain - Parkinson's DiseaseMolecular hydrogen serves as an antioxidant that reduces hydroxyl radicals, but not the other reactive oxygen and nitrogen species. In the past year, molecular hydrogen has been reported to prevent or ameliorate eight diseases in rodents and one in ..."
Neuropathic Pain,"Hydrogen-Rich Saline Attenuates Chronic Allodynia after Bone Fractures via Reducing Spinal ...2022 - Spine - Neuropathic PainPurpose: Neuroinflammation often initiates iron overload in the pathogenesis of neurological disorders. Chemokine-driven neuroinflammation is required for central sensitization and chronic allodynia following fractures, but specific molecular ...

Treatment with Hydrogen-Rich Water Improves the Nociceptive and Anxio-Depressive-like Behaviors ...2022 - Brain - Neuropathic PainChronic inflammatory pain is manifested in many diseases. The potential use of molecular hydrogen (H2) as a new therapy for neurological disorders has been demonstrated. Recent studies prove its analgesic properties in animals with neuropathic pain, ...

Hydrogen-Rich Water as a Novel Therapeutic Strategy for the Affective Disorders Linked with Chronic ...2022 - Brain - Neuropathic PainNeuropathic pain manifested with allodynia and hyperalgesia usually becomes a chronic condition accompanied with mood disorders. Clinical therapies for neuropathic pain are still unsatisfactory with notable side effects. Recent studies have reported ...

Hydrogen-rich Saline Alleviated the Hyperpathia and Microglia Activation via Autophagy Mediated ...2019 - Brain - Neuropathic PainNeuropathic pain is a complication after a spinal nerve injury. The inflammasomes are now identified to be responsible for triggering inflammation in neuropathic pain. Autophagy participates in the process of neuropathic pain and can regulate the ...

Hydrogen-Rich Saline Activated Autophagy via HIF-1 α Pathways in Neuropathic Pain Model2018 - Brain - Neuropathic PainBackground Neuropathic pain is a chronic and intractable pain, with very few effective analgesics. It involves an impaired cell autophagy process. Hydrogen-rich saline (HRS) reportedly reduces allodynia and hyperalgesia in a neuropathic pain model; ...

H2 Treatment Attenuated Pain Behavior and Cytokine Release Through the HO-1/CO Pathway in a Rat ...2015 - Brain - Neuropathic PainNeuropathic pain (NP) is characterized by persistent pain, tactile allodynia, or hyperalgesia. Peripheral nerve injury contributes to rapid progress of inflammatory response and simultaneously generates neuropathic pain. Hydrogen (H2) has ...

Abstract: Consumption of hydrogen water prevents the occurrence of neuropathic pain in mice2015 - Brain - Neuropathic PainNo abstract available

Molecular hydrogen attenuates neuropathic pain in mice2014 - Brain - Neuropathic PainNeuropathic pain remains intractable and the development of new therapeutic strategies are urgently required. Accumulating evidence indicates that overproduction of oxidative stress is a key event in the pathogenesis of neuropathic pain. However, ...

Intrathecal Infusion of Hydrogen-Rich Normal Saline Attenuates Neuropathic Pain via Inhibition of ...2014 - Brain - Neuropathic PainBackground Reactive oxygen and nitrogen species are key molecules that mediate neuropathic pain. Although hydrogen is an established antioxidant, its effect on chronic pain has not been characterized. This study was to investigate the efficacy and ...

Hydrogen-rich saline attenuated neuropathic pain by reducing oxidative stress2013 - Brain - Neuropathic PainBackground: Reactive oxygen species (ROS) are often associated with persistent pains such as neuropathic and inflammatory pain. Hydrogen gas can reduce ROS and alleviate cerebral, myocardial, and hepatic ischemia/reperfusion injuries. In the present ..."
No-Reflow Syndrome,THE USE OF MOLECULAR HYDROGEN IN CORRECTION OF NO-REFLOW SYNDROME IN THE POLYURIC STAGE OF SUBLIMATE ...2021 - Kidney - Kidney FailureObjective - to find out the possibility of using molecular hydrogen in the correction of no-reflow syndrome in the polyuric stage of acute kidney injury 72 hours after the administration of mercuric chloride in rats on a hyposodium diet. The ...
Non-Alcoholic Steatohepatitis,"Coral calcium carried hydrogen ameliorates the severity of non-alcoholic steatohepatitis induced by ...2023 - Liver - Non-Alcoholic SteatohepatitisHydrogen has been reported to act as an antioxidant, anti-apoptosis and anti-inflammatory agent. Coral calcium carried hydrogen (G2-SUISO) is a safer and more convenient form of hydrogen agent than others. The mechanism underlying the ...

Hydrogen-rich water protects liver injury in nonalcoholic steatohepatitis though HO-1 enhancement ...2021 - Liver - Non-Alcoholic SteatohepatitisNonalcoholic steatohepatitis (NASH) could progress to hepatic fibrosis when absence of effective control. The purpose of our experiment was to investigate the protective effect of drinking water with high concentration of hydrogen in our study named ...

Abstract: Oral Hydrogen water – reduce hepatic inflammatory cells in mouse2019 - Liver - Non-Alcoholic SteatohepatitisNo abstract available

Hydrogen as a treatment candidate for non-alcoholic steatohepatitis2013 - Liver - Non-Alcoholic SteatohepatitisNo abstract available

Hydrogen-rich water prevents progression of nonalcoholic steatohepatitis and accompanying ...2012 - Liver - Non-Alcoholic SteatohepatitisOxidative stress is a strong contributor to the progression from simple fatty liver to nonalcoholic steatohepatitis (NASH). Molecular hydrogen is an effective antioxidant that reduces cytotoxic reactive oxygen species. In this study, we investigated ..."
Norovirus Infection,Efficacy of Neutral Electrolyzed Water for Inactivation of Human Norovirus2017 - Stomach - GastroenteritisHuman norovirus (NoV) is the leading cause of acute gastroenteritis worldwide. Persistence on surfaces and resistance to many conventional disinfectants contribute to widespread transmission of norovirus. We examined the efficacy of neutral ...
Obesity,"Hydrogen-rich water upregulates fecal propionic acid levels in overweight adults2023 - Intestine - ObesityFecal short-chain fatty acids are responsive to oral hydrogen in overweight adults. Propionic acid significantly increased in participants who consumed hydrogen-rich water for 12 wk compared with those who consumed tap water. This finding holds ...

Molecular hydrogen modulates brain glutamate/GABA-glutamine cycle in overweight humans2023 - Brain - ObesityIntroduction: We evaluated whether 12-week intake of molecular hydrogen (H2) in 5 overweight adults (3 women; age: 50.2 ±11.9 years, body mass index: 29.4 ±2.1 kg/m2) affects brain levels of the glutamate-glutamine-GABA cycle, critical amino acid ...

Hydrogen Nano-Bubble Water Suppresses ROS Generation, Adipogenesis, and Interleukin-6 Secretion in ...2021 - Whole Body - ObesityReactive oxygen species (ROS)-induced oxidative stress in adipose tissue is associated with inflammation and the development of obesity-related metabolic disorders. The aim of this study is to investigate the effects of hydrogen nano-bubble water ...

Saturated hydrogen improves lipid metabolism disorders and dysbacteriosis induced by a high-fat diet2020 - Intestine - ObesityStudies have shown that metabolic diseases, such as obesity, are significantly associated with intestinal flora imbalance. The amplification of opportunistic pathogens induced by the glyoxylic acid cycle contributes to intestinal flora imbalance. ...

Molecular hydrogen affects body composition, metabolic profiles, and mitochondrial function in ...2018 - Whole Body - ObesityBackground: Molecular hydrogen (H2) effectively treats obesity-related disorders in animal models, yet no studies have investigated the effectiveness and safety of H2 for improving biomarkers of obesity in humans. Aim: In this double blind, ...

Preventive Effects of Drinking Hydrogen-Rich Water on Gingival Oxidative Stress and Alveolar Bone ...2017 - Mouth - ObesityObesity induces gingival oxidative stress, which is involved in the progression of alveolar bone resorption. The antioxidant effect of hydrogen-rich water may attenuate gingival oxidative stress and prevent alveolar bone resorption in cases of ...

Molecular hydrogen stimulates the gene expression of transcriptional coactivator PGC-1α to enhance ...2016 - Whole Body - ObesityWe previously reported that molecular hydrogen (H2) acts as a novel antioxidant to exhibit multiple functions. Moreover, long-term drinking of H2-water (water infused with H2) enhanced energy expenditure to improve obesity and diabetes in db/db mice ...

Molecular hydrogen attenuates fatty acid uptake and lipid accumulation through downregulating CD36 ...2013 - Whole Body - ObesityBackground: There is accumulating evidence that obesity is closely associated with an impaired free fatty acid metabolism as well as with insulin resistance and inflammation. Excessive fatty acid uptake mediated by fatty acid translocase CD36 plays ...

Anti-obesity effect of alkaline reduced water in high fat-fed obese mice2013 - Whole Body - ObesityWhether or not alkaline reduced water (ARW) has a positive effect on obesity is unclear. This study aims to prove the positive effect of ARW in high-fat (HF) diet-induced obesity (DIO) in C57BL/6 mice model. Toward this, obesity was induced by ...

Effect of mineral-induced alkaline reduced water on sprague-dawley rats fed on high-fat diet2006 - Whole Body - ObesityMineral-induced alkaline-reduced water (MRW) is generated by the chemical reaction of water with alkaline earth metals and characterized by high pH and low oxidation-reduction potential. As ROS are believed to have a role in the pathogenesis of ..."
Obliterative Airway Disease,"Antioxidant Properties of Hydrogen Gas Attenuates Oxidative Stress in Airway Epithelial Cells2021 - Lung - Obliterative Airway DiseaseOxidative stress plays a crucial role in the development of airway diseases. Recently, hydrogen (H2) gas has been explored for its antioxidant properties. This study investigated the role of H2 gas in oxidative stress-induced alveolar and bronchial ..."
Obstructive Jaundice,"Molecular hydrogen accelerates the reversal of acute obstructive cholangitis‑induced liver ...2019 - Liver - Obstructive JaundiceGap junctions (GJs) and tight junctions (TJs) are essential to maintain the function of hepatocytes. Changes in biliary tract pressure and the effect of lipopolysaccharide (LPS) may lead to acute obstructive cholangitis (AOC) and cause liver injury ...

Hydrogen-rich saline protects against mitochondrial dysfunction and apoptosis in mice with ...2016 - Liver - Obstructive JaundicePrevious studies have demonstrated that hydrogen-rich saline (HS) protects against bile duct ligation (BDL)-induced liver injury by suppressing oxidative stress and inflammation. Mitochondria, which are targets of excessive reactive oxygen species ...

Hydrogen-rich saline protects against liver injury in rats with obstructive jaundice2010 - Liver - Obstructive JaundiceHydrogen selectively reduces levels of hydroxyl radicals and alleviates acute oxidative stress in many models. Hydrogen-rich saline provides a high concentration of hydrogen that can be easily and safely applied. In this study, we investigated the ..."
Optic Nerve Crush,"Neuroprotective effects of saturated hydrogen water on retinal ganglion cells in rat optic nerve ...2014 - Eye - Retinal InjuryObjective: To investigate the protective effect of saturated hydrogen water on the retinal ganglion cells (RGC) of the rat optic nerve crush model. Design: Experimental study. Participants: Eighteen healthy adult male SD rats. Methods: Eighteen SD ...

Hydrogen-rich saline promotes survival of retinal ganglion cells in a rat model of optic nerve crush2014 - Eye - Retinal InjuryObjective: To investigate the effect of molecular hydrogen (H2) in a rat model subjected to optic nerve crush (ONC). Methods: We tested the hypothesis that after optic nerve crush (ONC), retinal ganglion cell (RGC) could be protected by H₂. Rats in ..."
Osteoarthritis,"Injectable spontaneous hydrogen-releasing hydrogel for long-lasting alleviation of osteoarthritis2022 - Bone - OsteoarthritisExcessive production of reactive oxygen species (ROS) amplifies pro-inflammatory pathways and exacerbates immune responses, and is a key factor in the progression of osteoarthritis (OA). Therapeutic hydrogen gas (H2) with antioxidative and ...

Hydrogen (H 2) Alleviates Osteoarthritis by Inhibiting Apoptosis and Inflammation via the JNK ...2021 - Bone - OsteoarthritisBackground: Osteoarthritis (OA) is a very common condition and leads to joint pain, disability, and price tag all over the world. Pathogenesis of OA is closely related to numerous inflammatory and apoptosis cytokines. Hydrogen (H2) reportedly ...

Protective Effects of Hydrogen-Rich Water Against Cartilage Damage in a Rat Model of Osteoarthritis ...2020 - Bone - OsteoarthritisBACKGROUND The aim of this study was to investigate the mechanisms underlying the potential effects of hydrogen-rich water (HW) on articular cartilage in a rat osteoarthritis (OA) model. MATERIAL AND METHODS A rat model of OA was established using ...

In Situ Depot for Continuous Evolution of Gaseous H2 Mediated by Magnesium Passivation/Activation ...2018 - Bone - OsteoarthritisInﬂammation is involved in many human pathologies, including osteoarthritis (OA). Hydrogen (H2) is known to have anti‐inflammatory effects; however, the bioavailability of directly administered H2 gas is typically poor. Herein, a local delivery ...

Molecular hydrogen suppresses activated Wnt/β-catenin signaling2016 - Bone - OsteoarthritisMolecular hydrogen (H2) is effective for many diseases. However, molecular bases of H2 have not been fully elucidated. Cumulative evidence indicates that H2 acts as a gaseous signal modulator. We found that H2 suppresses activated Wnt/β-catenin ..."
Osteonecrosis,"A study on the protective effect of molecular hydrogen on osteoradionecrosis of the jaw in rats2020 - Bone - OsteonecrosisThe aim of this study was to investigate the protective effect of hydrogen in a rat model of osteoradionecrosis of the jaw (ORNJ). The rats and bone marrow-derived mesenchymal stem cells (BMSCs) were pre-treated with hydrogen before receiving ...

Protective effects of molecular hydrogen on steroid-induced osteonecrosis in rabbits via reducing ...2017 - Bone - OsteonecrosisBackground: The objective of this study was to investigate the protective effects of molecular hydrogen, a novel and selective antioxidant, on steroid-induced osteonecrosis (ON) in a rabbit model. Methods: Sixty rabbits were randomly divided into two ...

Hydrogen-rich saline attenuates steroid-associated femoral head necrosis through inhibition of ...2015 - Bone - OsteonecrosisA growing body of evidence suggests that hydrogen is a novel, selective antioxidant that exerts a protective effect against organ damage. The present study investigated the effect of hydrogen-rich saline on corticosteroid‑induced necrosis of the ..."
Osteoporosis,"Transcriptome analysis of hydrogen inhibits osteoclastogenesis of mouse bone marrow mononuclear ...2023 - Bone Marrow - OsteoporosisHydrogen (H2) is a major biodegradation product of implanted magnesium (Mg) alloys that are commonly used in the healing of bone fractures. Our earlier study showed that H2 can inhibit mouse bone marrow mononuclear cell (BMMC) osteoclastogenesis ...

Molecular Hydrogen Prevents Osteoclast Activation in a Glucocorticoid-Induced Osteoporosis Zebrafish ...2023 - Bone - OsteoporosisAntioxidants represent a powerful tool for many human diseases and, in particular, molecular hydrogen has unique characteristics that make it a very promising therapeutic agent against osteoporosis. Zebrafish scales offer an innovative model in which ...

Hydrogen gas protects against ovariectomy-induced osteoporosis by inhibiting NF-κB activation2019 - Bone - OsteoporosisObjectives: Osteoporosis is a prevalent condition among postmenopausal women, and lacks satisfactory therapeutic options. Hydrogen (H2) has been shown to be effective in alleviating many diseases. This study aimed to investigate the effects of H2 on ...

Hydrogen water consumption prevents osteopenia in ovariectomized rats2013 - Bone - OsteoporosisBackground and purpose: Accumulating evidence indicates an important role of oxidative stress in the progression of osteoporosis. Recently, it was demonstrated that hydrogen gas, as a novel antioxidant, could selectively reduce hydroxyl radicals and ...

Treatment with hydrogen molecule alleviates TNFα-induced cell injury in osteoblast2013 - Bone - OsteoporosisTumor necrosis factor-alpha (TNFα) plays a crucial role in inflammatory diseases such as rheumatoid arthritis and postmenopausal osteoporosis. Recently, it has been demonstrated that hydrogen gas, known as a novel antioxidant, can exert therapeutic ..."
Ovarian Injury,"Protective Effect of Hydrogen Rich Saline Solution on Experimental Ovarian Ischemia Reperfusion ...2016 - Ovaries - Ovarian InjuryBackground: The present study aimed to investigate the effects of hydrogen rich saline solution (HRSS) in a rat model of ovarian ischemia-reperfusion injury. Methods: Thirty-six female Wistar-albino rats were grouped randomly, into six groups of six ..."
Oxalate Injury,"Oral Hydrogen-Rich Water Alleviates Oxalate-Induced Kidney Injury by Suppressing Oxidative Stress, ...2021 - Kidney - Kidney StonesObjective: To explore the theraputic effects and potential mechanisms of hydrogen-rich water (HRW) against oxalate-induced kidney injury. Methods: The mouse model of Calcium oxalate (CaOx) crystallization was established by feeding a soluble oxalate ...

UPLC/MS-Based Metabolomics Investigation of the Protective Effect of Hydrogen Gas Inhalation on Mice ...2018 - Kidney - Kidney StonesHydrogen has a significant protective effect on calcium oxalate-induced renal injury, but its effect on metabolic profiles is unknown. This study showed the effects of hydrogen on serum and urine metabolites in a renal injury model. Ultra-HPLC ...

Inhalation of hydrogen gas ameliorates glyoxylate-induced calcium oxalate deposition and renal ...2015 - Kidney - Kidney StonesThe aim of this study is to evaluate the protective effect and underlying mechanism of hydrogen gas (H2) to glyoxylate induced renal calcium oxalate (CaOx) crystal deposition in mice. In present work, rodent renal CaOx crystal deposition model was ..."
Painful Bladder Syndrome,"Effect of supplementation with hydrogen-rich water in patients with interstitial cystitis/painful ...2013 - Bladder - Painful Bladder SyndromeTo investigate the efficacy of hydrogen-rich water for the treatment of patients with interstitial cystitis/painful bladder syndrome (IC/PBS). We conducted a prospective, randomized, double-blind, placebo-controlled clinical trial of hydrogen-rich ..."
Pancreatitis,"Pre-inhalation of hydrogen-rich gases protect against caerulein-induced mouse acute pancreatitis ...2021 - Pancreas - PancreatitisBackground: Acute pancreatitis (AP) lacks targeted prevention and treatment measures. Some key points in the pathogenesis of AP remain unclear, such as early activation of pancreatic enzymes. Several recent reports have shown the protective effect of ...

Hydrogen Treatment Protects Mice Against Chronic Pancreatitis by Restoring Regulatory T Cells Loss2017 - Pancreas - PancreatitisBackground/aims: Chronic pancreatitis is an inflammatory disease of the pancreas characterized by progressive tissue destruction and fibrogenesis. The development of chronic pancreatitis is associated with immune cell dysregulation. Currently, the ...

Protective Effects of Hydrogen Gas on Experimental Acute Pancreatitis2016 - Pancreas - PancreatitisAcute pancreatitis (AP) is an inflammatory disease mediated by damage to acinar cells and pancreatic inflammation. In patients with AP, subsequent systemic inflammatory responses and multiple organs dysfunction commonly occur. Interactions between ...

MAPKs and Hsc70 are critical to the protective effect of molecular hydrogen during the early phase ...2016 - Pancreas - PancreatitisMolecular hydrogen (H2 ) has been proven to be an effective agent that can cure multiple organ diseases by reducing oxidative stress. Although the protective effect of hydrogen on acute pancreatitis (AP) has been confirmed, its molecular mechanism is ...

Hydrogen-Rich Saline Inhibits NLRP3 Inflammasome Activation and Attenuates Experimental Acute ...2014 - Pancreas - PancreatitisIncreasing evidence has demonstrated that reactive oxygen species (ROS) induces oxidative stress and plays a crucial role in the pathogenesis of acute pancreatitis (AP). Hydrogen-rich saline (HRS), a well-known ROS scavenger, has been shown to ...

Effects of Hydrogen-Rich Saline on Taurocholate-Induced Acute Pancreatitis in Rat2013 - Pancreas - PancreatitisOxidative stress plays an important role in the pathogenesis of acute pancreatitis (AP). As an ideal exterminator of poisonous free radicals, hydrogen can clearly reduce the degree of oxidative damage caused by severe acute pancreatitis (SAP) and ...

Hydrogen-rich saline reduces the oxidative stress and relieves the severity of trauma-induced acute ...2012 - Pancreas - PancreatitisCurrently, little evidence exists to support whether the therapeutic approaches for treating ordinary acute pancreatitis (AP) are effective in trauma-induced pancreatitis. Hydrogen-rich (H2) saline is an antioxidant treatment capable of ameliorating ...

Hydrogen-rich saline ameliorates the severity of l-arginine-induced acute pancreatitis in rats2010 - Pancreas - PancreatitisMolecular hydrogen, which reacts with the hydroxyl radical, has been considered as a novel antioxidant. Here, we evaluated the protective effects of hydrogen-rich saline on the l-arginine (l-Arg)-induced acute pancreatitis (AP). AP was induced in ..."
Panic Disorder,"Effects of hydrogen water and psychological treatment in a sample of women with panic disorder: a ...2022 - Brain - AnxietyResearch suggests that inflammation is an important mediator in the pathophysiology of anxiety disorders. In addition, women are more likely to develop an anxiety and depression disorder, in comorbidity with a wide spectrum of diseases related to the ..."
Paraplegia,"Beneficial effects of hydrogen gas against spinal cord ischemia-reperfusion injury in rabbits2011 - Spine - ParaplegiaRecently, hydrogen gas (H₂) is reported to be a new therapeutic agent in organ damage induced by ischemia-reperfusion (I/R). The present study was designed to investigate the beneficial effects of H₂ against spinal cord I/R injury and its ..."
Parkinson's Disease,"Effects of hydrogen gas inhalation on L-DOPA-induced dyskinesia2023 - Brain - Parkinson's DiseaseL-3,4-dihydroxyphenylalanine (L-DOPA)-induced dyskinesia is a side effect of Parkinson's disease treatment and it is characterized by atypical involuntary movements. A link between neuroinflammation and L-DOPA-induced dyskinesia has been documented. ...

Randomized double-blind placebo-controlled trial of hydrogen inhalation for Parkinson’s ...2021 - Brain - Parkinson's DiseaseBackground: Oxidative stress is involved in the progression of Parkinson's disease (PD). Recent studies have confirmed that molecular hydrogen (H2) functions as a highly effective antioxidant in animal models of PD. A placebo-controlled, randomized, ...

Randomized, double-blind, multicenter trial of hydrogen water for Parkinson’s disease: New ...2018 - Brain - Parkinson's DiseaseBackground: Our previous randomized double-blind study showed that drinking hydrogen (H2) water for 48 weeks significantly improved the total Unified Parkinson’s Disease Rating Scale (UPDRS) score of Parkinson’s disease (PD) patients treated with ...

Complexity of Stomach-Brain Interaction Induced by Molecular Hydrogen in Parkinson’s Disease ...2017 - Brain - Parkinson's DiseaseMolecular hydrogen (H2), as a new medical gas, has protective effects in neurological disorders including Parkinson's disease (PD). In our previous report, the neuroprotective effect of drinking water with saturated H2 (H2 water) in PD mice might be ...

A randomized double-blind multi-center trial of hydrogen water for Parkinson’s disease: ...2016 - Brain - Parkinson's DiseaseBackground: Our previous randomized double-blind study showed that drinking hydrogen (H2) water for 48 weeks significantly improved the total Unified Parkinson's Disease Rating Scale (UPDRS) score of Parkinson's disease (PD) patients treated with ...

Pilot study of H-2 therapy in Parkinson’s disease: A randomized double-blind ...2013 - Brain - Parkinson's DiseaseBackground: Oxidative stress is involved in the progression of Parkinson's disease (PD). Recent studies have confirmed that molecular hydrogen (H₂) functions as a highly effective antioxidant in cultured cells and animal models. Drinking ...

Oral ‘hydrogen water’ induces neuroprotective ghrelin secretion in mice2013 - Brain - Parkinson's DiseaseThe therapeutic potential of molecular hydrogen (H₂) is emerging in a number of human diseases and in their animal models, including in particular Parkinson's disease (PD). H₂ supplementation of drinking water has been shown to exert ...

Drinking hydrogen water and intermittent hydrogen gas exposure, but not lactulose or continuous ...2012 - Brain - Parkinson's DiseaseLactulose is a synthetic disaccharide that can be catalyzed only by intestinal bacteria in humans and rodents, and a large amount of hydrogen is produced by bacterial catalysis of lactulose. We previously reported marked effects of ad libitum ...

Hydrogen in drinking water reduces dopaminergic neuronal loss in the ...2009 - Brain - Parkinson's DiseaseIt has been shown that molecular hydrogen (H(2)) acts as a therapeutic antioxidant and suppresses brain injury by buffering the effects of oxidative stress. Chronic oxidative stress causes neurodegenerative diseases such as Parkinson's disease (PD). ...

Molecular hydrogen is protective against 6-hydroxydopamine-induced nigrostriatal degeneration in a ...2009 - Brain - Parkinson's DiseaseMolecular hydrogen serves as an antioxidant that reduces hydroxyl radicals, but not the other reactive oxygen and nitrogen species. In the past year, molecular hydrogen has been reported to prevent or ameliorate eight diseases in rodents and one in ..."
Pemphigus,"Skin ulcers infected with conditional pathogenic strains treated with local hydrogen water packing ...2019 - Skin - Wound HealingWe are the first to report on a new, safe, and effective treatment of infections induced by conditional pathogenic strains with local wet packing with hydrogen water. The new treatment method may also shed light on the therapy of chronic, ..."
Periodontitis,"Assessment of the effects of hydrogen water on human gingival fibroblast cell culture in patients ...2023 - Mouth - PeriodontitisBackground: Activated inflammatory cells produce reactive oxygen species (ROS) to eliminate pathogens. Under normal conditions, the pathogens are taken care of, and tissues are repaired. However, in periodontal disease, persistent inflammation causes ...

Molecular hydrogen suppresses Porphyromonas gingivalis lipopolysaccharide-induced increases in ...2021 - Mouth - PeriodontitisPeriodontitis is defined as a multifactorial polymicrobial infection accompanied by inflammatory reactions. Porphyromonas gingivalis (Pg) is known as a major pathogen in the initiation and progression of periodontitis, and a major virulence factor is ...

Assessment of antibacterial effect of hydrogen water on plaque from patients with chronic ...2021 - Mouth - PeriodontitisBackground: Periodontitis is an inflammatory disease causing destruction of tissues surrounding the teeth. The primary etiological factor for periodontitis is plaque. An inference could be drawn that an overall reduction in microorganisms halts ...

Effect of electrolyzed reduced water on Wistar rats with chronic periodontitis on malondialdehyde ...2017 - Mouth - PeriodontitisBackground: Periodontal disease is a progressive destructive change that causes loss of bone and periodontal ligaments around the teeth that can eventually lead to its loss. The main bacteria in chronic periodontitis is Porphyromonas gingivalis. ...

Drinking Hydrogen-Rich Water Has Additive Effects on Non-Surgical Periodontal Treatment of Improving ...2015 - Mouth - PeriodontitisOxidative stress is involved in the pathogenesis of periodontitis. A reduction of oxidative stress by drinking hydrogen-rich water (HW) might be beneficial to periodontal health. In this pilot study, we compared the effects of non-surgical ...

Effects of hydrogen-rich water on aging periodontal tissues in rats2014 - Mouth - PeriodontitisOxidative damage is involved in age-related inflammatory reactions. The anti-oxidative effects of hydrogen-rich water suppress oxidative damage, which may aid in inhibiting age-related inflammatory reactions. We investigated the effects of drinking ...

In vitro bactericidal activity against periodontopathic bacteria by electrolyzed ion-reduced water2011 - Mouth - PeriodontitisAs typical periodontopathic bacteria, Porphyromonas gingivalis (P. gingivalis) and Aggregatibacter actinomycetemcomitans (A. actinomycetemcomitans) were exposed to electrolyzed ion-reduced water (ERI) and ERI containing 1% sodium ...

Biological toxicity of acid electrolyzed functional water: Effect of oral administration on mouse ...2011 - Mouth - PeriodontitisObjective: Acid electrolyzed functional water has been used in a variety of ways because of its antiseptic action. In the present study, we investigated both the systemic and gastrointestinal effects of ingesting acid electrolyzed functional water, ...

Hydrogen-rich water attenuates experimental periodontitis in a rat model2011 - Mouth - PeriodontitisReactive oxygen species (ROS) contribute to the development of periodontitis. As molecular hydrogen can act as a scavenger of ROS, we examined the effects of treatment with hydrogen-rich water on a rat model of periodontitis. A ligature was placed ...

Antibacterial effect of electrolyzed water on oral bacteria2006 - Mouth - PeriodontitisThis study investigated the antibacterial effect of electrolyzed water on oral bacteria both in vitro and in vivo. Tap water was electrolyzed in a water vessel using platinum cell technology. The electrolyzed tap water (called Puri-water) was put in ..."
Peripheral Arterial Disease,Hydrogen molecules (H2) improve perfusion recovery via antioxidant effects in experimental ...2018 - Muscle - AtherosclerosisReactive oxygen species (ROS) impair neovascularization and perfusion recovery following limb ischemia in patients with peripheral arterial disease (PAD). Hydrogen molecules (H2) comprise an antioxidant gas that has been reported to neutralize ...
Placental Stress,Hydrogen-rich water ameliorates rat placental stress induced by water restriction2018 - Pregnancy - DehydrationDehydration is one of the intrauterine abnormalities that could lead to fetal growth retardation and to increase the risk of a variety of adult diseases later in life. This study were to determine the impact of hydrogen-rich water (HRW) ...
Polycystic Kidney Disease,"Effects of hydrogen-rich water in a rat model of polycystic kidney disease2019 - Kidney - Polycystic Kidney DiseaseVarious factors are considered to be mechanisms of the increase in the sizes of cysts in patients with polycystic kidney disease. Vasopressin is one of the causes, and drinking large volumes of water shows an effect of suppressing an increase in ..."
Polycystic Ovary Syndrome,"The effect of hydrogen-rich water on letrozole-induced polycystic ovary syndrome in rats2023 - Ovaries - Polycystic Ovary SyndromeResearch question: What is the effect of hydrogen-rich water on rats with polycystic ovary syndrome (PCOS)? Design: Female rats were divided into four groups, each consisting of eight animals. The control group received a carboxymethyl cellulose ..."
Poor Hair Quality,"The condition of the hairline of Chinchilla lanigera after the introduction of a hydrogen ...2021 - Skin - Cosmetic Skin IssuesIt was found that the inclusion of water enriched with molecular hydrogen into the diet of a long-tailed chinchilla changed the fur quality indicators. In animals of the experimental group, the guard and downy hairs were thinner than in the control ..."
Postoperative Cognitive Impairment,"Molecular hydrogen inhalation attenuates postoperative cognitive impairment in rats2017 - Brain - Surgery/TransplantationPostoperative cognitive decline is a major clinical problem with high morbidity and mortality after surgery. Many studies have found that molecular hydrogen (H2) has significant neuroprotection against acute and chronic neurological injury by ...

Effects of Hydrogen-Rich Saline on Hepatectomy-Induced Postoperative Cognitive Dysfunction in Old ...2017 - Brain - Surgery/TransplantationThis study aims to investigate the protective effects and underlying mechanisms of hydrogen-rich saline on the cognitive functions of elder mice with partial hepatectomy-induced postoperative cognitive dysfunction (POCD). Ninety-six old male Kunming ..."
Postoperative Delirium,Hydrogen Gas Treatment Improves Postoperative Delirium and Cognitive Dysfunction in Elderly ...2022 - Brain - Surgery/TransplantationPurpose: Postoperative delirium is a state of acute brain dysfunction characterized by fluctuating mental status that affects millions of patients each year. We used prophylactic inhalation of hydrogen gas in elderly patients undergoing elective ...
Postoperative Ileus,"Intraperitoneally administered, hydrogen-rich physiologic solution protects against postoperative ...2016 - Intestine - Surgery/TransplantationBackground: Postoperative ileus, a transient impairment of bowel motility initiated by intestinal inflammation, is common after an abdominal operation and leads to increased hospital stays and costs. Hydrogen has potent anti-inflammatory and ..."
Postoperative Liver Failure,"Effect of hydrogen gas inhalation on patient QOL after hepatectomy: protocol for a randomized ...2021 - Liver - Surgery/TransplantationIntroduction: Molecular hydrogen had been considered inactive in vivo but is an antioxidant that selectively reduces highly toxic reactive oxygen species (ROS). Animal studies have reported that hydrogen gas inhalation helped alleviate cerebral and ...

Hydrogen-rich saline attenuates postoperative liver failure after major hepatectomy in rats2014 - Liver - Surgery/TransplantationBackground/Aims A major hepatectomy occasionally lead to acute liver failure and death. We demonstrated the anti-oxidative and anti-inflammatory effects and functional mechanisms of hydrogen-rich saline (HS), a novel antioxidant, on an experimental ..."
Postoperative Pain,"Hydrogen attenuates postoperative pain through Trx1/ASK1/MMP9 signaling pathway2023 - Spine - Surgery/TransplantationBackground: Postoperative pain is a serious clinical problem with a poorly understood mechanism, and lacks effective treatment. Hydrogen (H2) can reduce neuroinflammation; therefore, we hypothesize that H2 may alleviate postoperative pain, and aimed ..."
Postsurgical Peritoneal Adhesions,Effect of Hydrogen-Rich Saline on Postoperative Intra-Abdominal Adhesion Bands Formation in Mice2017 - Peritonium - Surgery/TransplantationBackground Postsurgical peritoneal adhesions (PPAs) are pathologic fibrous bands within the peritoneal cavity. The aim of this study was to investigate the protective effect of hydrogen-rich saline (HRS) on PPAs formation in mice. Material/Methods ...
Preeclampsia,"Hydrogen suppresses oxidative stress by inhibiting the p38 MAPK signaling pathway in preeclampsia2022 - Pregnancy - PreeclampsiaBackground: Hypertensive disorders complicating pregnancy (HDCP) are one of the most serious medical disorders during pregnancy. Objectives: To investigate the effects of hydrogen on the mitogen-activated protein kinase (MAPK) signaling pathway in ...

Molecular hydrogen ameliorates several characteristics of preeclampsia in the Reduced Uterine ...2016 - Pregnancy - PreeclampsiaOxidative stress plays an important role in the pathogenesis of preeclampsia. Recently, molecular hydrogen (H2) has been shown to have therapeutic potential in various oxidative stress-related diseases. The aim of this study is to investigate the ...

Effects of vitamin C, vitamin E, and molecular hydrogen on the placental function in trophoblast ...2015 - Pregnancy - PreeclampsiaAim: This study aimed to investigate the effects of three different antioxidants, namely vitamin C, vitamin E, and molecular hydrogen, on cytotrophoblasts in vitro. Methods: Two trophoblast cell lines, JAR and JEG-3, were exposed to different ...

Regulative effect of hydrogen on oxidative stress level of placental ischemia-reperfusion cell model ...2014 - Pregnancy - PreeclampsiaObjective To investigate the effects of hydrogen on cell protection of placental ischemia-reperfusion cell model of preeclampsia and its possible mechanism. Methods JAR cells cultured in vitro were divided into five groups, i.e. the blank control ...

Protective effects of hydrogen-rich saline in preeclampsia rat model2011 - Pregnancy - PreeclampsiaHydrogen has been reported as a novel antioxidant to selectively reduce levels of toxic reactive-oxygen species (ROS). We investigated the effects of hydrogen-rich saline on the prevention of oxidative injuries in N(omega)-nitro-L-arginine methyl ..."
Pregnancy,Conflicting findings on the effectiveness of hydrogen therapy for ameliorating vascular leakage in a ...2023 - Heart - PregnancyNeonatal hypoxic-ischemic encephalopathy (HIE) is a major cause of morbidity and mortality in newborns in both high- and low-income countries. The important determinants of its pathophysiology are neural cells and vascular components. In neonatal ...
Premature Ovarian Failure,"Hydrogen-rich water treatment targets RT1-Db1 and RT1-Bb to alleviate premature ovarian failure in ...2023 - Ovaries - Premature Ovarian FailureBackground: Premature ovarian failure (POF) is defined as the cessation of ovarian function before the age of 40 years, imposing a significant health burden on patients. However, effective etiological therapy for POF is scarce. Thus, we aimed to ...

Hydrogen-rich Water Exerting a Protective Effect on Ovarian Reserve Function in a Mouse Model of ...2016 - Ovaries - Premature Ovarian FailureBackground: Premature ovarian failure (POF) is a disease that affects female fertility but has few effective treatments. Ovarian reserve function plays an important role in female fertility. Recent studies have reported that hydrogen can protect male ..."
Pressure Ulcer,"Hydrogen gas inhalation protects against cutaneous ischaemia/reperfusion injury in a mouse model of ...2018 - Skin - Wound HealingPressure ulcer formation depends on various factors among which repetitive ischaemia/reperfusion(I/R) injury plays a vital role. Molecular hydrogen (H2 ) was reported to have protective effects on I/R injuries of various internal organs. In this ...

Hydrogen water intake via tube-feeding for patients with pressure ulcer and its reconstructive ...2013 - Skin - Wound HealingBackground: Pressure ulcer (PU) is common in immobile elderly patients, and there are some research works to investigate a preventive and curative method, but not to find sufficient effectiveness. The aim of this study is to clarify the clinical ..."
Preterm Birth,"Effect of molecular hydrogen on uterine inflammation during preterm labour2018 - Pregnancy - Preterm BirthIntrauterine inflammation causes preterm birth and is associated with complications in preterm neonates. Thus, strategies aimed at suppressing inflammation are expected to be effective for reducing the risk of preterm birth and associated ...

Maternal molecular hydrogen treatment attenuates lipopolysaccharide-induced rat fetal lung injury2015 - Pregnancy - Preterm BirthMaternal inflammation is associated with spontaneous preterm birth and respiratory impairment among premature infants. Recently, molecular hydrogen (H2) has been reported to have a suppressive effect on oxidative stress and inflammation. The aim of ..."
Psoriasis,"Positive effects of hydrogen-water bathing in patients of psoriasis and parapsoriasis en plaques2018 - Skin - PsoriasisPsoriasis and parapsoriasis en plaques are chronic inflammatory skin diseases, both representing therapeutic challenge in daily practice and adversely affecting the quality of life. Reactive oxygen species (ROS) has been evidenced to be involved in ...

Improvement of psoriasis-associated arthritis and skin lesions by treatment with molecular hydrogen: ...2015 - Skin - PsoriasisPsoriasis, a chronic inflammatory skin disease, is caused by infiltrating lymphocytes and associated cytokines, including tumor necrosis factor (TNF)α, interleukin (IL)-6, and IL-17. Effective treatments, including pathogenesis-based biological ..."
Psoriasis-Associated Arthritis,"Improvement of psoriasis-associated arthritis and skin lesions by treatment with molecular hydrogen: ...2015 - Skin - PsoriasisPsoriasis, a chronic inflammatory skin disease, is caused by infiltrating lymphocytes and associated cytokines, including tumor necrosis factor (TNF)α, interleukin (IL)-6, and IL-17. Effective treatments, including pathogenesis-based biological ..."
Retinal Injury,"The clinical research on the effect of hydrogen-rich water on primary retinitis pigmentosa2023 - Eye - Retinal InjuryObjective: To investigate the feasibility and effectiveness of hydrogen in the treatment of retinitis pigmentosa (RP) patients through the drinking of hydrogen-rich water (HRW). Methods: RP patients clinically diagnosed in our hospital were selected ...

Inhibition of retinal ischemia-reperfusion injury in rats by inhalation of low-concentration ...2023 - Eye - Retinal InjuryPurpose: To investigate the inhibitory effect of hydrogen gas inhalation on retinal ischemia reperfusion (I/R) injury using a rat model. Methods: Six-week-old male Sprague-Dawley rats were used. A 27G needle connected by a tube to a saline bottle ...

Drinking hydrogen water improves photoreceptor structure and function in retinal degeneration 6 mice2022 - Eye - Retinal InjuryRetinitis pigmentosa (RP) is a genetically heterogeneous group of inherited retinal disorders involving the progressive dysfunction of photoreceptors and the retinal pigment epithelium, for which there is currently no treatment. The rd6 mouse is a ...

Sirt3 mediates the protective effect of hydrogen in inhibiting ROS-induced retinal senescence2019 - Eye - Retinal InjuryHydrogen possesses antioxidative effects and cures numerous types of ophthalmopathy, but the mechanism of hydrogen on ROS-induced retinal senescence remains elusive. In this study, retinal morphology revealed that hydrogen reduced the number and size ...

Protective effect of molecular hydrogen against oxidative stress caused by peroxynitrite derived ...2015 - Eye - Retinal InjuryBackground Oxidative and nitrative processes have an important role in the pathogenesis of glaucomatous neurodegeneration. Oxidative stress occurs when cellular production of reactive oxygen species outweighs the protective capacity of antioxidant ...

Neuroprotective effects of saturated hydrogen water on retinal ganglion cells in rat optic nerve ...2014 - Eye - Retinal InjuryObjective: To investigate the protective effect of saturated hydrogen water on the retinal ganglion cells (RGC) of the rat optic nerve crush model. Design: Experimental study. Participants: Eighteen healthy adult male SD rats. Methods: Eighteen SD ...

Hydrogen-rich saline promotes survival of retinal ganglion cells in a rat model of optic nerve crush2014 - Eye - Retinal InjuryObjective: To investigate the effect of molecular hydrogen (H2) in a rat model subjected to optic nerve crush (ONC). Methods: We tested the hypothesis that after optic nerve crush (ONC), retinal ganglion cell (RGC) could be protected by H₂. Rats in ...

Hydrogen-rich saline protects retina against glutamate-induced excitotoxic injury in guinea pig2012 - Eye - Retinal InjuryMolecular hydrogen (H(2)) is an efficient antioxidant that can selectively reduce hydroxyl radicals and inhibit oxidative stress-induced injuries. We investigated the protective effects and mechanism of hydrogen-rich saline in a glutamate-induced ...

Hydrogen Saline Treatment Attenuates Hyperoxia-Induced Retinopathy by Inhibition of Oxidative Stress ...2011 - Eye - Retinal InjuryRetinal neovascularization or retinopathy is a proliferative disorder of the retinal capillaries and is the primary cause of blindness. Some studies have shown that oxidative stress plays an important role in hyperoxia-induced retinal ...

Protection of the retina by rapid diffusion of hydrogen: administration of hydrogen-loaded eye drops ...2010 - Eye - Retinal InjuryPurpose: Retinal ischemia-reperfusion (I/R) injury by transient elevation of intraocular pressure (IOP) is known to induce neuronal damage through the generation of reactive oxygen species. Study results have indicated that molecular hydrogen (H(2)) ..."
Retinal Vein Occlusion,Protective effects of hydrogen gas in a rat model of branch retinal vein occlusion via decreasing ...2019 - Eye - Retinal InjuryBackground: Oxidative stress (OS) is an essential factor in the pathogenesis of branch retinal vein occlusion (BRVO). Studies have demonstrated the role of hydrogen gas in the regulation of OS. This study was designed to evaluate the efficacy of ...
Retinitis Pigmentosa,"The clinical research on the effect of hydrogen-rich water on primary retinitis pigmentosa2023 - Eye - Retinal InjuryObjective: To investigate the feasibility and effectiveness of hydrogen in the treatment of retinitis pigmentosa (RP) patients through the drinking of hydrogen-rich water (HRW). Methods: RP patients clinically diagnosed in our hospital were selected ...

Drinking hydrogen water improves photoreceptor structure and function in retinal degeneration 6 mice2022 - Eye - Retinal InjuryRetinitis pigmentosa (RP) is a genetically heterogeneous group of inherited retinal disorders involving the progressive dysfunction of photoreceptors and the retinal pigment epithelium, for which there is currently no treatment. The rd6 mouse is a ...

The reason for the amelioration of N-methyl-N-nitrosoureainduced retinitis pigmentosa in rats by ...2017 - Eye - Retinal InjuryAim: To investigate the effects of hydrogen-rich saline (HRS) on microglia activation and Sirtuin type 1 (Sirt1) in rats with N-methyl-N-nitrosourea (MNU)-induced retinitis pigmentosa (RP). Methods: Rats were divided into norm (N) group, model (M) ...

The Comparative Efficiency of Intraperitoneal and Intravitreous Injection of Hydrogen Rich Saline ...2017 - Eye - Retinal InjuryRetinitis pigmentosa (RP) comprises a heterogeneous group of inherited retinal diseases leading to blindness. The present study explored the protective effects of hydrogen rich saline (HRS) against the photoreceptor degeneration in the ...

Protective effects of hydrogen-rich saline against N-methyl-N-nitrosourea-induced photoreceptor ...2016 - Eye - Retinal InjuryThe N-methyl-N-nitrosourea (MNU)-treated rat is typically used as an animal model of chemically-induced retinitis pigmentosa (RP). Reactive oxygen species (ROS) have been recognized as the crucial contributor to the retinal photoreceptor apoptosis ..."
Rhabdomyolysis,"Inhalation of 4% and 67% hydrogen ameliorates oxidative stress, inflammation, apoptosis, and ...2023 - Kidney - Acute Kidney InjuryAcute kidney injury (AKI) is the major complication of rhabdomyolysis (RM) clinically, which is usually mimicked by glycerol injection in basic research. Oxidative stress, inflammatory response and apoptosis are recognized to play important roles in ...

Pretreatment with hydrogen-rich saline reduces the damage caused by glycerol-induced rhabdomyolysis ...2014 - Kidney - Acute Kidney InjuryBackground: Rhabdomyolysis is a leading cause of acute kidney injury. The pathophysiological process involves oxidative stress and inflammation. Hydrogen-rich saline (HRS) is an antioxidant and anti-inflammatory. This study explored the protective ..."
Rheumatoid Arthritis,"NIR-photocatalytic regulation of arthritic synovial microenvironment2022 - Bone - Rheumatoid ArthritisSynovial microenvironment (SME) plays a vital role in the formation of synovial pannus and the induction of cartilage destruction in arthritis. In this work, a concept of the photocatalytic regulation of SME is proposed for arthritis treatment, and ...

Retracted: Hydrogen alleviates collagen-induced arthritis (CIA) in mice by inhibiting IL-22 levels2022 - Bone - Rheumatoid ArthritisObjective To investigate the therapeutic effect and mechanism of hydrogen (H2) on collagen-induced arthritis (CIA) in mice. Methods DBA/1 mice were randomly divided into normal control group, CIA group and CIA mice treated with H2 group (H2 treated ...

Magnesium-Based Micromotors as Hydrogen Generators for Precise Rheumatoid Arthritis Therapy2021 - Bone - Rheumatoid ArthritisHydrogen therapy is an emerging and highly promising strategy for the treatment of inflammation-related diseases. However, nonpolarity and low solubility of hydrogen under the physiological conditions results in a limited therapeutic effect. Herein, ...

Effect of H 2 treatment in a mouse model of rheumatoid arthritis-associated interstitial lung ...2019 - Lung - Rheumatoid ArthritisRheumatoid arthritis (RA)-associated interstitial lung disease (ILD), a primary cause of mortality in patients with RA, has limited treatment options. A previously established RA model in D1CC transgenic mice aberrantly expressed major ...

Molecular hydrogen decelerates rheumatoid arthritis progression through inhibition of oxidative ...2016 - Bone - Rheumatoid ArthritisRheumatoid arthritis (RA) is a chronic inflammatory disease which results in progressive destruction of the joint. In this study, we examined if the hydrogen could inhibit inflammation in a mouse model of collagen-induced arthritis (CIA) via ...

Therapeutic efficacy of infused molecular hydrogen in saline on rheumatoid arthritis: a randomized, ...2014 - Bone - Rheumatoid ArthritisThe aim of this study was to demonstrate the safety and efficacy of H2-saline infusion for treatment of rheumatoid arthritis (RA). We conducted a randomized, double-blind, placebo-controlled investigation of the infusion of 1 ppm H2-dissolved saline ...

Consumption of water containing a high concentration of molecular hydrogen reduces oxidative stress ...2012 - Bone - Rheumatoid ArthritisBackground: Rheumatoid arthritis (RA) is a chronic inflammatory disease characterized by the destruction of bone and cartilage. Although its etiology is unknown, the hydroxyl radical has been suggested to be involved in the pathogenesis of RA. ...

Molecular hydrogen inhibits lipopolysaccharide/interferon γ-induced nitric oxide production through ...2011 - Bone - Rheumatoid ArthritisMolecular hydrogen has been reported to be effective for a variety of disorders and its effects have been ascribed to the reduction of oxidative stress. However, we have recently demonstrated that hydrogen inhibits type I allergy through modulating ..."
Rhinitis,"The Beneficial Effects of Hydrogen-Rich Saline Irrigation on Chronic Rhinitis: A Randomized, ...2022 - Nose - RhinitisPurpose: Chronic rhinitis (CR) is a common chronic inflammation of the nasal mucosa. Nasal saline irrigation has been demonstrated to be an effective treatment for CR. In this study, we investigated the beneficial effects of hydrogen-rich saline ...

Changes of nasal nitric oxide in the treatment of allergic rhinitis with hydrogen-rich saline lavage ...2020 - Nose - RhinitisObjective:To observe the effect of hydrogen-rich saline on the concentration of nitric oxide in the nose, and to explore the mechanism of its treatment of allergic rhinitis. Method:Twenty patients with moderate to severe persistent allergic rhinitis ...

Clinical study of hydrogen-rich saline in the treatment of moderate to severe allergic rhinitis2018 - Nose - RhinitisObjective:To investigate the effectiveness and safety of nasal lavage with hydrogen-rich saline in the treatment of moderate to severe allergic rhinitis.Method:Twenty patients with moderate to severe persistent allergic rhinitis were treated with ...

Beneficial effects of hydrogen gas inhalation on a murine model of allergic rhinitis2018 - Nose - RhinitisAllergic rhinitis (AR) is a common chronic inflammatory condition. It has been previously indicated that oxidative stress may contribute to allergic inflammation, including AR. Although molecular hydrogen (H2), an antioxidative agent, has been ...

Changes in IL-4 and IL-13 expression in allergic-rhinitis treated with hydrogen-rich saline in ...2017 - Nose - RhinitisBackground: Medical gas hydrogen (H2) has a special role in airway inflammation; however, the effect of H2 on allergic rhinitis (AR) remains unclear. This study explored the possible roles of H2 on the pathogenesis of AR and observed the influences ...

Hydrogen-rich saline attenuates eosinophil activation in a guinea pig model of allergic rhinitis via ...2017 - Nose - RhinitisBackground: It is well considered that reactive oxygen species (ROS) plays a prominent causative role in the development of allergic rhinitis (AR), and eosinophils cells as important allergic inflammatory cells contribute to elevating oxidative ...

Effect of hydrogen-rich saline on the CD4(+) CD25(+) Foxp3(+) Treg cells of allergic rhinitis guinea ...2017 - Nose - RhinitisObjective: To explore the effect of hydrogen-rich saline on the CD4(+) CD25(+) Foxp3(+) Treg cells in a guinea pig model of allergic rhinitis (AR) and investigate the underling anti-inflammatory mechanism. Methods: Using random number table, eighteen ...

Hydrogen-Rich Saline Ameliorates Allergic Rhinitis by Reversing the Imbalance of Th1/Th2 and ...2017 - Nose - RhinitisIt is well known that CD4+CD25+Foxp3+Treg cells play an important role in the development of allergic rhinitis (AR); the defect of cell numbers and functions contribute to AR. Hydrogen has been proven effective in alleviating symptoms of AR. We ..."
Rhinosinusitis,"Electrolyzed acid water nasal irrigation after functional endoscopic sinus surgery2014 - Nose - RhinosinusitisElectrolyzed acid water (EAW) has been recognized to have strong bactericidal activity, and the feasibility and safety of EAW irrigation in body cavities has been reported in the literature. This study was conducted to evaluate the effect of EAW ...

Antibacterial effect of electrolysed acid water on the nasal discharge from patients with chronic ...2010 - Nose - RhinosinusitisThis study was conducted to determine whether electrolysed acid water (EAW) increased the antibacterial effect of irrigating solution used in the management of chronic rhinosinusitis (CRS). One hundred CRS patients were recruited from April 2008 to ..."
Seizure,"Hydrogen Alleviates Necroptosis and Cognitive Deficits in Lithium–Pilocarpine Model of Status ...2019 - Brain - SeizureStatus epilepticus without prompt seizure control always leads to neuronal death and long-term cognitive deficits, but effective intervention is still absent. Here, we found that hydrogen could alleviate the hippocampus-dependent spatial learning and ..."
Sensorineural Hearing Loss,"Space Station-like Composite Nanoparticles for Co-Delivery of Multiple Natural Compounds from ...2023 - Ear - Hearing LossOtotoxic drugs such as aminoglycoside antibiotics and cisplatin (CDDP) can cause sensorineural hearing loss (SNHL), which is closely related to oxidative stress and the acidification of the inner ear microenvironment. Effective treatment of SNHL ..."
Sepsis,"Hydrogen prevents lipopolysaccharide-induced pulmonary microvascular endothelial cell injury by ...2023 - Lung - SepsisBackground: Sepsis is a type of life-threatening organ dysfunction that is caused by a dysregulated host response to infection. The lung is the most vulnerable target organ under septic conditions. Pulmonary microvascular endothelial cells (PMVECs) ...

Micromotor-Enabled Active Hydrogen and Tobramycin Delivery for Synergistic Sepsis Therapy2023 - Whole Body - SepsisSepsis is a highly heterogeneous syndrome normally characterized by bacterial infection and dysregulated systemic inflammatory response that leads to multiple organ failure and death. Single anti-inflammation or anti-infection treatment exhibits ...

Hydrogen-rich saline regulates NLRP3 inflammasome activation in sepsis-associated encephalopathy rat ...2023 - Brain - SepsisSepsis-associated encephalopathy (SAE) is characterised by long-term cognitive impairment and psychiatric illness in sepsis survivors, associated with increased morbidity and mortality. There is a lack of effective therapeutics for SAE. Molecular ...

Inhaled molecular hydrogen reduces hippocampal neuroinflammation, glial reactivity and ameliorates ...2023 - Brain - SepsisSepsis is associated with numerous physiological and biochemical abnormalities that result in a life-threatening condition. The involvement of the Central Nervous System (CNS) during sepsis has received considerable attention, especially the ...

Hydrogen alleviated cognitive impairment and blood‒brain barrier damage in sepsis-associated ...2023 - Brain - SepsisHydrogen (H2) can protect against blood‒brain barrier (BBB) damage in sepsis-associated encephalopathy (SAE), but the mechanism is still unclear. We examined whether it is related to PPARα and its regulatory targets, ABC efflux transporters. After ...

APOA2: New Target for Molecular Hydrogen Therapy in Sepsis-Related Lung Injury Based on Proteomic ...2023 - Lung - SepsisTarget biomarkers for H2 at both the protein and genome levels are still unclear. In this study, quantitative proteomics acquired from a mouse model were first analyzed. At the same time, functional pathway analysis helped identify functional ...

High Concentration Hydrogen Mitigates Sepsis-Induced Acute Lung Injury in Mice by Alleviating ...2023 - Lung - SepsisBackground: Multiple organ failure (MOF) is the main cause of early death in septic shock. Lungs are among the organs that are affected in MOF, resulting in acute lung injury. A large number of inflammatory factors and stress injury in sepsis can ...

Hydrogen regulates mitochondrial quality to protect glial cells and alleviates sepsis-associated ...2023 - Brain - SepsisBackground: Sepsis-associated encephalopathy (SAE) is a complication of the central nervous system in patients with sepsis. Currently, no effective treatment for sepsis is available. Hydrogen plays a protective role in different diseases; however, ...

Molecular hydrogen attenuates sepsis-induced cognitive dysfunction through regulation of tau ...2023 - Brain - SepsisBackground: Sepsis-associated encephalopathy (SAE) is a cognitive dysfunction caused by sepsis. Hyperphosphorylated tau is considered to play a significant role in the progression of neurodegenerative disease and also contributes to cognitive ...

Effects of hydrogen-rich saline in neuroinflammation and mitochondrial dysfunction in rat model of ...2022 - Brain - SepsisBackground: Sepsis-associated encephalopathy (SAE) is one of the most common types of sepsis-related organ dysfunction without overt central nervous system (CNS) infection. It is associated with higher mortality, low quality of life, and long-term ..."
Shingles,"Hydrogen-rich saline attenuates hyperalgesia and reduces cytokines in rats with post-herpetic ...2017 - Skin - ShinglesObjective: To investigate the role of autophagy in hydrogen-rich saline attenuating post-herpetic neuralgia( PHN) in rats. Methods: A total of 100 male SD rats were randomly divided into the five groups( n = 20) : control group,PHN group,PHN group ..."
Shock,"Hydrogen gas inhalation ameliorates lung injury after hemorrhagic shock and resuscitation2019 - Lung - ShockBackground: Hemorrhagic shock and resuscitation (HSR) is known to cause inflammatory reactions in the lung parenchyma and acute lung injury, increasing the risk of complications that can lead to death. Hydrogen gas has shown to inhibit the formation ...

Hyperoxygenated Hydrogen-Rich Solution Suppresses Lung Injury Induced by Hemorrhagic Shock in Rats2019 - Lung - ShockBackground: Hemorrhagic shock could induce acute lung injury (ALI), which is associated with cell hypoxia, lung tissue inflammation, free radical damage, and excessive cell apoptosis. Our previous studies demonstrated that hyperoxygenated solution ...

Hydrogen gas inhalation inhibits progression to the ‘irreversible’ stage of shock after ...2017 - Whole Body - ShockBackground: Mortality of hemorrhagic shock primarily depends on whether or not the patients can endure the loss of circulating volume until radical treatment is applied. We investigated whether hydrogen (H2) gas inhalation would influence the ...

Hyperoxygenated hydrogen-rich solution suppresses shock- and resuscitation-induced liver injury2017 - Liver - ShockBackground: It is not known whether simultaneous delivery of hydrogen and oxygen can reduce injury caused by hemorrhagic shock and resuscitation (HSR). This study investigated the therapeutic potential of hyperoxygenated hydrogen-rich solution ...

Hydrogen-rich saline resuscitation alleviates inflammation induced by severe burn with delayed ...2015 - Whole Body - ShockSevere burns with delayed resuscitation are associated with high morbidity which is attributed to ischemia–reperfusion injury. This study was undertaken to investigate the effect of hydrogen-rich saline known as a significant selective antioxidant ...

Hydrogen inhalation protects against acute lung injury induced by hemorrhagic shock and ...2015 - Lung - ShockHemorrhagic shock followed by fluid resuscitation (HS/R) triggers an inflammatory response and causes pulmonary inflammation that can lead to acute lung injury (ALI). Hydrogen, a therapeutic gas, has potent cytoprotective, antiinflammatory, and ...

Three hydrogen-rich solutions protect against intestinal injury in uncontrolled hemorrhagic shock2015 - Intestine - ShockIntestinal tissue got largely decreased blood supply in uncontrolled hemorrhagic shock, because of limited blood mainly supporting brain, heart, kidney etc. This makes intestine as the primary injury target after uncontrolled hemorrhagic shock. ...

Effects of three hydrogen-rich liquids on hemorrhagic shock in rats2014 - Lung - ShockBackground Hydrogen-rich saline provides a high concentration of hydrogen which selectively reduces levels of hydroxyl radicals and alleviates acute oxidative stress in many models. We investigated the protective effects and mechanisms of three ...

Protective effects of hydrogen-rich saline in uncontrolled hemorrhagic shock2014 - Whole Body - ShockHydrogen is considered to be a novel antioxidant as it inhibits inflammation, removes oxygen-derived free radicals and reduces oxidative damage. This study investigated the effects of hydrogen-rich saline on plasma interleukin-6 (IL-6), tumor ...

Protective effect of hydrogen-lactated Ringer’s solution against extensive burn-induced ...2012 - Intestine - ShockObjective To investigate the protective effect of hydrogen-rich lactated Ringer’s solution (HRS) against intestine injury induced by extensive burn in Sprague-Dewley (SD) rat model after delayed fluid resuscitation. Methods Thirty-six male SD rats ..."
Sleep Apnea,"Hydrogen and Oxygen Mixture to Improve Cardiac Dysfunction and Myocardial Pathological Changes ...2019 - Heart - Sleep ApneaObstructive sleep apnea (OSA) can cause intermittent changes in blood oxygen saturation, resulting in the generation of many reactive oxygen species (ROS). To discover new antioxidants and clarify the endoplasmic reticulum (ER) stress involved in ...

Hydrogen gas reduces chronic intermittent hypoxia-induced hypertension by inhibiting sympathetic ...2019 - Whole Body - Sleep ApneaMolecular hydrogen is reported to be used medically to ameliorate various systemic pathological conditions. This study aimed to investigate the effect of hydrogen (H2 ) gas on hypertension induced by intermittent hypoxia in rats. The adult rats were ...

Hydrogen Gas Alleviates Chronic Intermittent Hypoxia-Induced Renal Injury through Reducing Iron ...2019 - Kidney - Sleep ApneaIron-induced oxidative stress has been found to be a central player in the pathogenesis of kidney injury. Recent studies have indicated H2 can be used as a novel antioxidant to protect cells. The present study was designed to investigate the ...

Hydrogen protects against chronic intermittent hypoxia induced renal dysfunction by promoting ...2019 - Kidney - Sleep ApneaAims Hydrogen gas (H2) has a diversity of effects such as anti-apoptotic, anti-inflammatory and anti-oxidative properties. However, molecular mechanism underlying the potential effect of H2 on chronic intermittent hypoxia (CIH) induced renal injury ...

Hydrogen ameliorates chronic intermittent hypoxia-induced neurocognitive impairment via inhibiting ...2018 - Brain - Sleep ApneaObstructive sleep apnea (OSA) is a very common breathing and sleep disorder characterized by intermittent hypoxia (IH), which is often associated with behavioral and neurocognitive functions impairment. Hydrogen (H2), as a novel and effective ...

Improvement of hydrogen on liver oxidative stress injury in chronic intermittent hypoxia rats2017 - Liver - Sleep ApneaOBJECTIVE:To explore the effects of hydrogen on liver injury in chronic intermittent hypoxia rats and the related oxidative stress mechanism. METHODS:Twenty-four male adult SD rats were randomly divided into 3 groups(n=8):the normoxia group (Norm), ...

Hydrogen gas attenuates embryonic gene expression and prevents left ventricular remodeling induced ...2014 - Heart - Sleep ApneaThe prevalence of sleep apnea is much higher in patients with heart failure, and intermittent hypoxia (IH) relevant to sleep apnea might induce left ventricular (LV) remodeling. The aim of this study was to investigate the effect of repetitive ...

Inhalation of hydrogen gas attenuates left ventricular remodeling induced by intermittent hypoxia in ...2011 - Heart - Sleep ApneaSleep apnea syndrome increases the risk of cardiovascular morbidity and mortality. We previously reported that intermittent hypoxia increases superoxide production in a manner dependent on nicotinamide adenine dinucleotide phosphate and accelerates ..."
Sleep Deprivation,"Hydrogen-rich water and caffeine for alertness and brain metabolism in sleep-deprived habitual ...2021 - Brain - Sleep DeprivationThe main aim of this randomized-controlled cross-over interventional trial was to assess the acute effects of taking a single dose of hydrogen-rich water (HRW), and compare it with caffeine, HRW plus caffeine, and control water, for alertness, brain ...

Hydrogen vs. Caffeine for Improved Alertness in Sleep-Deprived Humans2020 - Brain - Sleep DeprivationMolecular hydrogen (H2) has been suggested as an agent capable of exerting neuromodulating effects; yet, its potential to affect brain circuits linked to alertness remains poorly examined. In this randomized controlled cross-over pilot trial, we ..."
Spinal Cord Injury,"Protective Effect of Hydrogen-Rich Saline on Spinal Cord Damage in Rats2023 - Spine - Spinal Cord InjuryThe anti-inflammatory and anti-apoptotic effects of molecular hydrogen, delivered as hydrogen-rich saline (HRS), on spinal cord injury was investigated. Four-month-old male Sprague Dawley rats (n = 24) were classified into four groups: (1) ...

Hydrogen Promotes the Effectiveness of Bone Mesenchymal Stem Cell Transplantation in Rats with ...2023 - Spine - Spinal Cord InjuryAlthough bone mesenchymal stem cell (BMSC) transplantation has been applied to the treatment of spinal cord injury (SCI), the effect is unsatisfactory due to the specific microenvironment (inflammation and oxidative stress) in the SCI area, which ...

Inhalation of Hydrogen of Different Concentrations Ameliorates Spinal Cord Injury in Mice by ...2018 - Spine - Spinal Cord InjuryBackground/aims: Hydrogen selectively neutralizes reactive oxygen species (ROS) and ameliorates various ROS-induced injuries. Spinal cord injury (SCI) is a serious injury to the central nervous system, and secondary SCI is closely related to ...

Hydrogen-rich saline attenuates spinal cord hemisection-induced testicular injury in rats2017 - Testes - Spinal Cord InjuryTo study how hydrogen-rich saline (HS) promotes the recovery of testicular biological function in a hemi-sectioned spinal cord injury (hSCI) rat model, a right hemisection was performed at the T11-T12 of the spinal cord in Wistar rats. Animals were ...

Hydrogen-rich saline injection into the subarachnoid cavity within 2 weeks promotes recovery after ...2015 - Spine - Spinal Cord InjuryHydrogen can relieve tissue-damaging oxidative stress, inflammation and apoptosis. Injection of hydrogen-rich saline is an effective method for transporting molecular hydrogen. We hypothesized that hydrogen-rich saline would promote the repair of ...

Molecular hydrogen suppresses reactive astrogliosis related to oxidative injury during spinal cord ...2014 - Spine - Spinal Cord InjuryAims: Spinal cord injury (SCI) can induce excessive astrocyte activation. Hydrogen has been deemed as a novel antioxidant. We investigated whether molecular hydrogen could act as an antiastrogliosis agent during SCI and oxidative injury in ...

Hydrogen-Rich Saline Protects Against Spinal Cord Injury in Rats2010 - Spine - Spinal Cord InjuryIn the present study, we examined the mechanisms of hydrogen-rich saline, a reported therapeutic antioxidant, in the treatment of acute spinal cord contusion injury. Male Sprague-Dawley rats were used to produce a standardized model of contuses ..."
Sprain,"Supersaturated Hydrogen-Rich Water Hydrotherapy for Recovery of Acute Injury to the Proximal ...2021 - Bone - ExcerciseBackground: Traditional treatments of soft tissue injuries (STIs) and some musculoskeletal injuries (MSK-Is) involves therapies such as the RICE protocol, which consists of rest, ice, compression and elevation for several days following acute trauma. ...

Case Report: Acute hydrotherapy with super-saturated hydrogen-rich water for ankle sprain in a ...2020 - Bone - ExcerciseBackground: The traditional treatment of soft tissue injuries consists of the RICE protocol - rest, ice, compression, and elevation, followed for up to 72 hours after a trauma. Although designed as an immediate therapy to reduce inflammation that ...

Hydrotherapy with hydrogen-rich water compared with RICE protocol following acute ankle sprain in ...2020 - Bone - ExcerciseWe analysed the effects of an experimental novel protocol of intensive hydrotherapy with hydrogen-rich water (HRW) on injury recovery in athletic men who suffered an acute ankle sprain (AAS) and compared it with a RICE protocol (rest, ice, ...

Effectiveness Of Molecular Hydrogen In The Management Of Musculotendinous Injuries2014 - Tendon - ExcerciseMuscle and tendon strains (MTS) are often accompanied by subsequent tissue hypoxia and overproduction of reactive oxygen species; this may aggravate the initial cellular damage caused by the actual mechanism of injury. Molecular hydrogen (H2) seems ...

Effectiveness of Oral and Topical Hydrogen for Sports-Related Soft Tissue Injuries2014 - Tendon - ExcerciseBackground: Because hydrogen therapy has been found beneficial for the treatment of inflammation, ischemia-reperfusion injury, and oxidative stress in humans, it seems useful to evaluate the effects of exogenously administered hydrogen as an element ..."
Status Epilepticus,"Hydrogen Alleviates Necroptosis and Cognitive Deficits in Lithium–Pilocarpine Model of Status ...2019 - Brain - SeizureStatus epilepticus without prompt seizure control always leads to neuronal death and long-term cognitive deficits, but effective intervention is still absent. Here, we found that hydrogen could alleviate the hippocampus-dependent spatial learning and ..."
Stress Ulcer,"The protective of hydrogen on stress-induced gastric ulceration2012 - Stomach - Gastric UlcerStress ulceration frequently occurs as a result of major stressful events and hydroxyl radical (⋅OH) is one of the major causative factors for it. Recently, it has been proved that hydrogen, a potent selectively ⋅OH scavenger, can effectively ..."
Stroke,"Hydrogen‑rich saline promotes neuronal recovery in mice with cerebral ischemia through the ...2023 - Brain - StrokeThis study explored the protective effect and mechanism of hydrogen‑rich saline (HRS) on the neurological function of mice with cerebral ischemia. Effects of HRS on neurological function in mice with cerebral ischemia were evaluated by neurological ...

The Role of LincRNA-EPS/Sirt1/Autophagy Pathway in the Neuroprotection Process by Hydrogen against ...2023 - Brain - StrokeCerebral ischemia/reperfusion (CI/R) injury causes high disability and mortality. Hydrogen (H2) enhances tolerance to an announced ischemic event; however, the therapeutic targets for the effective treatment of CI/R injury remain uncertain. Long ...

Gender-based differences in neuroprotective effects of hydrogen gas against intracerebral ...2022 - Brain - StrokeBackground: Post-stroke depression (PSD) severely affects recovery in patients with intracerebral hemorrhage (ICH). Although hydrogen gas (H2) exerts excellent neuroprotective effects in patients with ICH, there are sex-based differences in H2 ...

Hydrogen‐Powered Microswimmers for Precise and Active Hydrogen Therapy Towards Acute Ischemic ...2021 - Brain - StrokeBiodegradable microswimmers offer great potential for minimally invasive targeted therapy due to their tiny scale, multifunctionality, and versatility. However, most of the reported systems focused on the proof‐of‐concept on the in vitro level. ...

Protective effects of hydrogen-rich saline in a rat model of permanent focal cerebral ischemia via ...2012 - Brain - StrokeHydrogen gas (H(2)) as a new medical gas exerts organ-protective effects through regulating oxidative stress, inflammation and apoptosis. In contrast to H(2), hydrogen-rich saline (HS) may be more suitable for clinical application. The present study ...

Hydrogen Inhalation is Neuroprotective and Improves Functional Outcomes in Mice After Intracerebral ...2011 - Brain - StrokeOxidative stress contributes significantly to the development of secondary brain injury after intracerebral hemorrhage (ICH). It has been previously demonstrated that hydrogen gas can decrease oxidative stress by scavenging reactive oxygen species. ...

Hydrogen saline offers neuroprotection by reducing oxidative stress in a focal cerebral ...2011 - Brain - StrokeHydrogen gas is neuroprotective in cerebral ischemia animal models. In this study, we tested the neuroprotective effects of hydrogen saline, which is safe and easy to use clinically, in a rat model of middle cerebral artery occlusion (MCAO). ...

Hydrogen supplemented air inhalation reduces changes of prooxidant enzyme and gap junction protein ...2011 - Brain - StrokeTransient global cerebral ischemia (TGCI) occurs during acute severe hypotension depriving the brain of oxygen and glucose for a short period of time. During reperfusion, several mechanisms can induce secondary neuronal damage, including the ...

Hydrogen Gas Reduced Acute Hyperglycemia-Enhanced Hemorrhagic Transformation In A Focal Ischemia Rat ...2011 - Brain - StrokeHyperglycemia is one of the major factors for hemorrhagic transformation after ischemic stroke. In this study, we tested the effect of hydrogen gas on hemorrhagic transformation in a rat focal cerebral ischemia model. Sprague-Dawley rats (n=72) were ...

Protective effect of saturated hydrogen saline against cerebral ischemia-reperfusion injury in rats2010 - Brain - StrokeObjective To study the protective effect of saturated hydrogen saline against cerebral ischemia-reperfusion injury and the related mechanism. Methods Rat middle cerebral artery occlusion (MCAO) models were established by thread ligation of the middle ..."
Testicular Injury,"Inhaled hydrogen gas therapy for prevention of testicular ischemia/reperfusion injury in rats2012 - Testes - Testicular InjuryThis study evaluated whether 2% hydrogen (H(2)) gas therapy protects against testicular ischemia/reperfusion injury which results in increased formation of reactive oxygen species and/or reactive nitrogen species, leading to testicular apoptosis and ...

Protective Effects of Hydrogen Rich Saline Solution on Experimental Testicular Ischemia-Reperfusion ...2012 - Testes - Testicular InjuryWe examined the effectiveness of hydrogen rich saline solution on the prevention of testicular damage induced by ischemia/reperfusion in rats. Male Sprague-Dawley® rats were divided randomly into 4 groups, including group 1-sham operated, group ..."
Tracheal Stenosis,"Breathing Hydrogen-Oxygen Mixture Decreases Inspiratory Effort in Patients with Tracheal Stenosis2018 - Lung - Tracheal StenosisBackground: Hydrogen-oxygen mixture (H2-O2) may reduce airway resistance in patients with acute severe tracheal stenosis, yet data supporting the clinical use of H2-O2 are insufficient. Objectives: To evaluate the efficacy and safety of breathing ..."
Transplantation/Graft Injury,"Inflation using hydrogen improves donor lung quality by regulating mitochondrial function during ...2023 - Lung - Surgery/TransplantationBackground: Mitochondrial dysfunction results in poor organ quality, negatively affecting the outcomes of lung transplantation. Whether hydrogen benefits mitochondrial function in cold-preserved donors remain unclear. The present study assessed the ...

Lung Inflation With Hydrogen During the Cold Ischemia Phase Alleviates Lung Ischemia-Reperfusion ...2021 - Lung - Surgery/TransplantationBackground: Lung inflation with hydrogen is an effective method to protect donor lungs from lung ischemia-reperfusion injury (IRI). This study aimed to examine the effect of lung inflation with 3% hydrogen during the cold ischemia phase on pyroptosis ...

Protective effects of hydrogen inhalation during the warm ischemia phase against lung ...2019 - Lung - Surgery/TransplantationBackground: Successful amelioration of long-term warm ischemia lung injury in donors after cardiac death (DCDs) can remarkably improve outcomes. Hydrogen gas provides potent anti-inflammatory and antioxidant effects against ischemia-reperfusion ...

Abstract 556: Protective Effect of a Hydrogen-Rich Preservation Solution During Cold Ischemia in Rat ...2018 - Lung - Surgery/TransplantationNo abstract available

Hydrogen-containing preservation solution relieves oxidative stress and inflammatory damage of rat ...2010 - Heart - Surgery/TransplantationObjective: To study the effect of hydrogen-containing preservation solution against oxidative stress and inflammatory damage of rat donor heart. Methods: Thirty-two SD rats were evenly randomized into four groups(n = 8) : control group (the hearts ...

Amelioration of rat cardiac cold ischemia/reperfusion injury with inhaled hydrogen or carbon ...2010 - Heart - Surgery/TransplantationRecent advances in novel medical gases, including hydrogen and carbon monoxide (CO), have demonstrated significant opportunities for therapeutic use. This study was designed to evaluate the effects of inhaled hydrogen or CO, or both, on cold ...

Inhaled Hydrogen Gas Therapy for Prevention of Lung Transplant-Induced Ischemia/Reperfusion Injury ...2010 - Lung - Surgery/TransplantationSuccessful abrogation of ischemia/reperfusion (I/R) injury of lung grafts could significantly improve short- and long-term outcomes for lung transplant (LTx) recipients. Hydrogen gas has potent antioxidant and antiapoptotic properties and has been ...

Hydrogen Inhalation Ameliorates Oxidative Stress in Transplantation Induced Intestinal Graft Injury2008 - Intestine - Surgery/TransplantationIschemia/reperfusion (I/R) injury during small intestinal transplantation (SITx) frequently causes complications including dysmotility, inflammation and organ failure. Recent evidence indicates hydrogen inhalation eliminates toxic hydroxyl radicals. ...

Treatment for Abdominal Aortic Graft Infection: Irrigation with Electrolyzed Strong Aqueous Acid, ...2000 - Heart - Surgery/TransplantationWe report on successful surgical treatment of consecutive three patients with infection of an abdominal aortic graft, Therapy involved a combination of removal of the infected graft, elaborate debridement, irrigation with electrolyzed strongly acidic ...

Effectiveness of Acidic Oxidative Potential Water in Preventing Bacterial Infection in Islet ...1999 - Pancreas - Surgery/TransplantationAt a number of points in the current procedures of islet isolation and islet culture after the harvesting of donor pancreata, microorganisms could potentially infect the islet preparation. Furthermore, the use of islets from multiple donors can ..."
Traumatic Brain Injury,"Effects of hydrogen gas on NOD-like receptor protein 3 inflammasomes in the cerebral cortex of rats ...2023 - Brain - Traumatic Brain InjuryObjective: To investigate the effect of hydrogen gas on NOD-like receptor protein 3 (NLRP3) inflammasomes in the cerebral cortex of rats with traumatic brain injury (TBI). Methods: 120 adult male Sprague-Dawley (SD) rates were randomly divided into 5 ...

Hydrogen-rich saline alleviates early brain injury through inhibition of necroptosis and ...2022 - Brain - Traumatic Brain InjuryTraumatic brain injury (TBI) has been recognized as a serious public health issue and a key contributor to disability and death, with a huge economic burden worldwide. Hydrogen, which is a slight and specific cytotoxic oxygen radical scavenger, has ...

An H2-infused, nitric oxide-producing functional beverage as a neuroprotective agent for TBIs and ...2021 - Brain - Traumatic Brain InjuryTraumatic brain injuries (TBIs) are a leading cause of death and disability. Sports-related TBIs are estimated to be more than several million per year. The pathophysiology of TBIs involves high levels of inflammation, oxidative stress, dysregulation ...

Effects of hydrogen rich water on the expression of Nrf 2 and the oxidative stress in rats with ...2015 - Brain - Traumatic Brain InjuryObjective: To investigate the effects of hydrogen rich water on the expression of nuclear factor erythroid 2-related factor 2 (Nrf2) and oxidative stress in rats with traumatic brain injury (TBI). Methods: Ninety healthy male Sprague-Dawley (SD) rats ...

Hydrogen-rich water attenuates brain damage and inflammation after traumatic brain injury in rats2015 - Brain - Traumatic Brain InjuryInflammation and oxidative stress are the two major causes of apoptosis after traumatic brain injury (TBI). Most previous studies of the neuroprotective effects of hydrogen-rich water on TBI primarily focused on antioxidant effects. The present study ...

Attenuation of diffuse axonal injury by intraperitoneal injection of hydrogen via reducing oxidative ...2014 - Brain - Traumatic Brain InjuryTo investigate the role of oxidative stress in diffuse axonal injury (DAI) and the therapeutic action of hydrogen in DAI models. Methods Totally 118 adult male SD rats were divided into 3 groups with 39 in each: sham, DAI, and DAI + hydrogen ...

Molecular hydrogen in drinking water protects against neurodegenerative changes induced by traumatic ...2014 - Brain - Traumatic Brain InjuryTraumatic brain injury (TBI) in its various forms has emerged as a major problem for modern society. Acute TBI can transform into a chronic condition and be a risk factor for neurodegenerative diseases such as Alzheimer's and Parkinson's diseases, ...

Protective effects of hydrogen-rich saline in a rat model of traumatic brain injury via reducing ...2012 - Brain - Traumatic Brain InjuryBackground: Hydrogen gas (H(2)) has been considered as a novel antioxidant to selectively reduce the toxic reactive oxygen species (ROS) such as hydroxyl radical (•OH) without affecting the other signal ROS. Our recent study shows that H(2) ...

Hydrogen-rich saline protects against oxidative damage and cognitive deficits after mild traumatic ...2012 - Brain - Traumatic Brain InjuryOxidative stress is the principal factor in traumatic brain injury (TBI) that initiates events that result in protracted neuronal dysfunction and remodeling. Importantly, antioxidants can protect the brain against oxidative damage and modulate the ...

Beneficial effects of hydrogen gas in a rat model of traumatic brain injury via reducing oxidative ...2010 - Brain - Traumatic Brain InjuryTraumatic brain injury (TBI) is a leading cause of mortality and disability among the young population. It has been shown that hydrogen gas (H(2)) exerts a therapeutic antioxidant activity by selectively reducing hydroxyl radical (OH, the most ..."
Ulcer,Treatment of Infectious Skin Defects or Ulcers with Electrolyzed Strong Acid Aqueous Solution1997 - Skin - Wound HealingA chronic ulcer with an infection such as methicillin-resistant Staphylococcus aureus is hard to heal. Plastic and reconstructive surgeons often encounter such chronic ulcers that are resistant to surgical or various conservative treatments. We ...
Ulcerative Colitis,"A new therapy against ulcerative colitis via the intestine and brain using the Si-based agent2022 - Intestine - Inflammatory Bowel DiseaseUlcerative colitis (UC) is a non-specific inflammatory bowel disease that causes ulcers and erosions in the colonic mucosa and becomes chronic with cycles of amelioration and exacerbation. Because its exact etiology remains largely unclear, and the ...

Hydrogen-rich water partially alleviate inflammation, oxidative stress and intestinal flora ...2021 - Intestine - Inflammatory Bowel DiseasePurpose: Oxidative damage and intestinal flora dysbiosis play important roles in the progression of chronic ulcerative colitis (UC). This study explored the effect and mechanism of molecular hydrogen in chronic UC. Materials and methods: Male C57BL/6 ...

Molecular hydrogen is comparable to sulfasalazine as a treatment for DSS-induced colitis in mice2021 - Intestine - Inflammatory Bowel DiseaseColitis is an inflammatory condition of the bowels associated with abdominal pain, diarrhea, fatigue, and fever. Its etiology is multifactorial but related to the overproduction of inflammatory and oxidative mediators. There is currently no cure for ...

Hydrogen-rich water protects against inﬂammatory bowel disease in mice by inhibiting endoplasmic ...2017 - Intestine - Inflammatory Bowel DiseaseAim: To investigate the therapeutic effect of hydrogen-rich water (HRW) on inﬂammatory bowel disease (IBD) and to explore the potential mechanisms involved. Methods: Male mice were randomly divided into the following four groups: control group, in ...

Protective effects of hydrogen-rich saline on ulcerative colitis rat model2013 - Intestine - Inflammatory Bowel DiseaseBackground: Ulcerative colitis (UC) is associated with enhanced production of reactive oxygen species and altered angiogenesis. Molecular hydrogen has been documented as a novel antioxidant to treat various reactive oxygen species-related diseases. ...

Lactulose mediates suppression of dextran sodium sulfate-induced colon inflammation by increasing ...2013 - Intestine - Inflammatory Bowel DiseaseBackground: Molecular hydrogen (H2) is a potent antioxidant and able to protect organs from oxidative stress injuries. Orally administered lactulose, a potent H2 inducer, is digested by colon microflora and significantly increases H2 production, ..."
Unstable Angina,Effects of hydrogen as adjuvant treatment for unstable angina2021 - Heart - AtherosclerosisOxidative stress and inflammation are closely related to atherosclerotic cardiovascular disease. It is established that hydrogen has significant protective effects on many diseases as a potential antioxidative and anti-inflammatory agent. The purpose ...
Upper Respiratory Tract Infection,"Effect of acid-electrolyzed water on bacteria of upper respiratory tract infections2011 - Lung - Upper Respiratory Tract InfectionPeople are aware of the importance of health, especially the effect of electrolyzed water. So the market for electrolyzed water-related equipment has increased recently. People only know the importance of alkaline-electrolyzed water to health, but ..."
Ureteral Obstruction,"Hydrogen-rich saline ameliorates renal injury induced by unilateral ureteral obstruction in rats2013 - Kidney - Acute Kidney InjuryHydrogen has been demonstrated to have effective protection against tissue injuries caused by oxidative stress, inflammation, and apoptosis. This study investigated the efficacy of hydrogen-rich saline (HS) on the prevention of renal injury induced ..."
Uveal Injury,"Effects of Post-Treatment Hydrogen Gas Inhalation on Uveitis Induced by Endotoxin in Rats2018 - Eye - Uveal InjuryBACKGROUND Molecular hydrogen (H2) has been widely reported to have benefiicial effects in diverse animal models and human disease through reduction of oxidative stress and inflammation. The aim of this study was to investigate whether hydrogen gas ...

Effects of hydrogen-rich saline on endotoxin-induced uveitis2017 - Eye - Uveal InjuryThe therapeutic effects of hydrogen-rich saline (HRS) have been reported for a wide range of diseases mainly via selectively reducing the amount of reactive oxygen species. Oxidative stress plays an important role in the pathogenesis of uveitis and ..."
Vascular Dysfunction,"Hydrogen-rich medium suppresses the generation of reactive oxygen species, elevates the Bcl-2/Bax ...2013 - Heart - DiabetesThe purpose of the present study was to determine whether using hydrogen-rich medium (HRM) to increase hydrogen levels in endothelial cells (ECs) protects ECs from apoptosis induced by advanced glycation end products (AGEs). The thoracic aorta was ...

Intravenous low redox potential saline attenuates FeCl3-induced vascular dysfunction via ...2011 - Heart - Cardiovascular DiseaseExaggerated reactive oxygen species (ROS) may contribute to vascular injury by the enhancement of CX3CL1, intercellular adhesion molecule-1 (ICAM-1), and pro-apoptotic p53 expression. Reduced water with safely antioxidant activity may protect ..."
Vasculitis,"Hydrogen Gas Inhalation Regressed Coronary Artery Aneurysm in Kawasaki Disease-Case Report and ...2022 - Heart - VasculitisKawasaki disease (KD) is a systemic vasculitis that primarily affects children under the age of 5 years old and is among the most common acquired heart disease in developed countries, particularly in Asia. No effective treatment is currently ..."
Ventilator-Induced Lung Injury,"Hydrogen water alleviates lung injury induced by one-lung ventilation2015 - Lung - Surgery/TransplantationBackground: With the development of thoracic surgeries, one-lung ventilation (OLV) has been routinely used to facilitate surgical exposure. However, OLV can cause lung injury during the surgical process and becomes an important factor affecting the ...

Hydrogen inhalation reduced epithelial apoptosis in ventilator-induced lung injury via a mechanism ...2011 - Lung - Surgery/TransplantationWe recently demonstrated the inhalation of hydrogen gas, a novel medical therapeutic gas, ameliorates ventilator-induced lung injury (VILI); however, the molecular mechanisms by which hydrogen ameliorates VILI remain unclear. Therefore, we ...

Abstract B95: Hydrogen Gas Inhalation Attenuates Ventilator-Induced Lung Injury In Mice2010 - Lung - Surgery/TransplantationNo abstract available

Hydrogen inhalation ameliorates ventilator-induced lung injury2010 - Lung - Surgery/TransplantationMechanical ventilation (MV) can provoke oxidative stress and an inflammatory response, and subsequently cause ventilator-induced lung injury (VILI), a major cause of mortality and morbidity of patients in the intensive care unit. Inhaled hydrogen can ..."
Vitiligo,"Molecular Hydrogen Protects Human Melanocytes from Oxidative Stress by Activating Nrf2 Signaling2020 - Skin - VitiligoOxidative stress is proven to be critical for the initiation and progression of vitiligo. Molecular hydrogen (H2) possesses potent antioxidant activity and has been shown to protect against various oxidative stress-related diseases. In this study, we ..."
